# ************************************************************
# Sequel Pro SQL dump
# Version 4541
#
# http://www.sequelpro.com/
# https://github.com/sequelpro/sequelpro
#
# Host: 89.19.8.85 (MySQL 5.5.5-10.1.45-MariaDB-0+deb9u1)
# Database: c1zindhu
# Generation Time: 2020-12-03 09:47:21 +0000
# ************************************************************


/*!40101 SET @OLD_CHARACTER_SET_CLIENT=@@CHARACTER_SET_CLIENT */;
/*!40101 SET @OLD_CHARACTER_SET_RESULTS=@@CHARACTER_SET_RESULTS */;
/*!40101 SET @OLD_COLLATION_CONNECTION=@@COLLATION_CONNECTION */;
/*!40101 SET NAMES utf8 */;
/*!40014 SET @OLD_FOREIGN_KEY_CHECKS=@@FOREIGN_KEY_CHECKS, FOREIGN_KEY_CHECKS=0 */;
/*!40101 SET @OLD_SQL_MODE=@@SQL_MODE, SQL_MODE='NO_AUTO_VALUE_ON_ZERO' */;
/*!40111 SET @OLD_SQL_NOTES=@@SQL_NOTES, SQL_NOTES=0 */;


# Dump of table admins
# ------------------------------------------------------------

DROP TABLE IF EXISTS `admins`;

CREATE TABLE `admins` (
  `id` int(11) unsigned NOT NULL AUTO_INCREMENT,
  `firstname` varchar(255) DEFAULT NULL,
  `lastname` varchar(255) DEFAULT NULL,
  `password` varchar(255) DEFAULT NULL,
  `email` varchar(255) DEFAULT NULL,
  `role` enum('superadmin','admin') DEFAULT NULL,
  `last_login` datetime DEFAULT NULL,
  `last_login_ip_address` varchar(100) DEFAULT NULL,
  `created_at` datetime DEFAULT NULL,
  `updated_at` datetime DEFAULT NULL,
  PRIMARY KEY (`id`)
) ENGINE=InnoDB DEFAULT CHARSET=utf8;

LOCK TABLES `admins` WRITE;
/*!40000 ALTER TABLE `admins` DISABLE KEYS */;

INSERT INTO `admins` (`id`, `firstname`, `lastname`, `password`, `email`, `role`, `last_login`, `last_login_ip_address`, `created_at`, `updated_at`)
VALUES
	(1,'Zindhu','HR','$2y$12$qagS4gQdcRdZmvrueSOSoeBcqke5SpzK9VS96ehg3kHqtu3hTpjq6','info@zindhu.com','superadmin','2020-12-03 12:21:30','159.146.43.51','2020-07-25 13:50:47','2020-08-08 14:02:49'),
	(5,'Rollic','Games','$2y$12$ZDsXUoBPuVSNp9GZvtAVSerWDrTwOj.H1LL2sIbmzOnOsBcvr1Ple','info@rollicgames.com','admin','2020-11-10 18:21:46','95.8.131.59','2020-07-25 13:50:47','2020-08-08 14:02:49');

/*!40000 ALTER TABLE `admins` ENABLE KEYS */;
UNLOCK TABLES;


# Dump of table cities
# ------------------------------------------------------------

DROP TABLE IF EXISTS `cities`;

CREATE TABLE `cities` (
  `id` int(11) unsigned NOT NULL AUTO_INCREMENT,
  `city` varchar(50) DEFAULT NULL,
  `country_id` int(11) DEFAULT NULL,
  `sort` int(11) DEFAULT NULL,
  PRIMARY KEY (`id`)
) ENGINE=InnoDB DEFAULT CHARSET=utf8;

LOCK TABLES `cities` WRITE;
/*!40000 ALTER TABLE `cities` DISABLE KEYS */;

INSERT INTO `cities` (`id`, `city`, `country_id`, `sort`)
VALUES
	(0,'0',0,NULL),
	(1,'Adana',65,1),
	(2,'Adıyaman',65,2),
	(3,'Afyonkarahisar',65,3),
	(4,'Ağrı',65,4),
	(5,'Amasya',65,5),
	(6,'Ankara',65,-1),
	(7,'Antalya',65,7),
	(8,'Artvin',65,8),
	(9,'Aydın',65,9),
	(10,'Balıkesir',65,10),
	(11,'Bilecik',65,11),
	(12,'Bingöl',65,12),
	(13,'Bitlis',65,13),
	(14,'Bolu',65,14),
	(15,'Burdur',65,15),
	(16,'Bursa',65,16),
	(17,'Çanakkale',65,17),
	(18,'Çankırı',65,18),
	(19,'Çorum',65,19),
	(20,'Denizli',65,20),
	(21,'Diyarbakır',65,21),
	(22,'Edirne',65,22),
	(23,'Elâzığ',65,23),
	(24,'Erzincan',65,24),
	(25,'Erzurum',65,25),
	(26,'Eskişehir',65,26),
	(27,'Gaziantep',65,27),
	(28,'Giresun',65,28),
	(29,'Gümüşhane',65,29),
	(30,'Hakkâri',65,30),
	(31,'Hatay',65,31),
	(32,'Isparta',65,32),
	(33,'Mersin',65,33),
	(34,'İstanbul(Asya)',65,-2),
	(35,'İzmir',65,0),
	(36,'Kars',65,36),
	(37,'Kastamonu',65,37),
	(38,'Kayseri',65,38),
	(39,'Kırklareli',65,39),
	(40,'Kırşehir',65,40),
	(41,'Kocaeli',65,41),
	(42,'Konya',65,42),
	(43,'Kütahya',65,43),
	(44,'Malatya',65,44),
	(45,'Manisa',65,45),
	(46,'Kahramanmaraş',65,46),
	(47,'Mardin',65,47),
	(48,'Muğla',65,48),
	(49,'Muş',65,49),
	(50,'Nevşehir',65,50),
	(51,'Niğde',65,51),
	(52,'Ordu',65,52),
	(53,'Rize',65,53),
	(54,'Sakarya',65,54),
	(55,'Samsun',65,55),
	(56,'Siirt',65,56),
	(57,'Sinop',65,57),
	(58,'Sivas',65,58),
	(59,'Tekirdağ',65,59),
	(60,'Tokat',65,60),
	(61,'Trabzon',65,61),
	(62,'Tunceli',65,62),
	(63,'Şanlıurfa',65,63),
	(64,'Uşak',65,64),
	(65,'Van',65,65),
	(66,'Yozgat',65,66),
	(67,'Zonguldak',65,67),
	(68,'Aksaray',65,68),
	(69,'Bayburt',65,69),
	(70,'Karaman',65,70),
	(71,'Kırıkkale',65,71),
	(72,'Batman',65,72),
	(73,'Şırnak',65,73),
	(74,'Bartın',65,74),
	(75,'Ardahan',65,75),
	(76,'Iğdır',65,76),
	(77,'Yalova',65,77),
	(78,'Karabük',65,78),
	(79,'Kilis',65,79),
	(80,'Osmaniye',65,80),
	(81,'Düzce',65,81),
	(340,'İstanbul(Avr.)',65,-2);

/*!40000 ALTER TABLE `cities` ENABLE KEYS */;
UNLOCK TABLES;


# Dump of table companies
# ------------------------------------------------------------

DROP TABLE IF EXISTS `companies`;

CREATE TABLE `companies` (
  `id` int(11) unsigned NOT NULL AUTO_INCREMENT,
  `firstname` varchar(255) DEFAULT NULL,
  `lastname` varchar(255) DEFAULT NULL,
  `password` varchar(255) DEFAULT NULL,
  `email` varchar(255) DEFAULT NULL,
  `phone` varchar(100) DEFAULT NULL,
  `company_name` varchar(255) DEFAULT NULL,
  `partners` text,
  `city_id` int(11) DEFAULT NULL,
  `district_id` int(11) DEFAULT NULL,
  `number_employees` int(11) DEFAULT NULL,
  `game_type` int(11) DEFAULT NULL,
  `company_linkedin` varchar(255) DEFAULT NULL,
  `founder_linkedin` varchar(255) DEFAULT NULL,
  `verified` tinyint(1) DEFAULT NULL,
  `verification_token` varchar(255) DEFAULT NULL,
  `verification_date` datetime DEFAULT NULL,
  `remember_token` varchar(255) DEFAULT NULL,
  `remember_date` datetime DEFAULT NULL,
  `communication_permit` tinyint(1) DEFAULT NULL,
  `last_login` datetime DEFAULT NULL,
  `last_login_ip_address` varchar(100) DEFAULT NULL,
  `created_at` datetime DEFAULT NULL,
  `updated_at` datetime DEFAULT NULL,
  PRIMARY KEY (`id`)
) ENGINE=InnoDB DEFAULT CHARSET=utf8;

LOCK TABLES `companies` WRITE;
/*!40000 ALTER TABLE `companies` DISABLE KEYS */;

INSERT INTO `companies` (`id`, `firstname`, `lastname`, `password`, `email`, `phone`, `company_name`, `partners`, `city_id`, `district_id`, `number_employees`, `game_type`, `company_linkedin`, `founder_linkedin`, `verified`, `verification_token`, `verification_date`, `remember_token`, `remember_date`, `communication_permit`, `last_login`, `last_login_ip_address`, `created_at`, `updated_at`)
VALUES
	(2,'dogucan','solak','$2y$12$Fy2XE4kV2q/3gkIIyFaa3uzWqmH22IHBSjXBBAUNdN72oLjc7yGrq','hello@vanta.games','5544877469','vanta','Dogucan Solak , Arda Özüpek',340,155,4,7,'https://www.linkedin.com/company/68571048','https://www.linkedin.com/in/dogucan-solak-651a8772/',1,'46a854578c5ef4830230c0eaa722728f','2020-09-25 15:21:16','e6db858ec7535cd6e2f5a6d29dd1e49c',NULL,1,'2020-09-25 20:13:07','78.184.131.187','2020-09-25 15:08:08','2020-09-25 15:08:08'),
	(3,'Ozgur','Taskin','$2y$12$HnGHNbddxPsYY7g93hqAUOMrGcw/VVWuKonbm2PE7OCYgWVEVtNAG','ozgurtaskincs@gmail.com','5318509892','MobGe','Özgür Taşkın, Ferhat Aydoğan, Volkan Yenen, Okan Yenen',26,873,20,7,'https://www.linkedin.com/company/5223577/','https://www.linkedin.com/in/ozgur-taskin-b8830330/',1,'b4195ed7a68342bb30edba05099f12e7','2020-09-29 12:22:39','86e8f68924c6289442afb359b9bfa380',NULL,1,'2020-10-15 13:53:19','176.220.249.101','2020-09-29 12:22:10','2020-09-29 12:22:10'),
	(4,'Murat','Tokar','$2y$12$MIV25yZeles8bm/jyosKHObxIuQ1J1OYDBe5tH2xFbgn.MCpog8Xu','info@awakeado.com','5327987630','Awakeado Games','Halid İslam Ak, İbrahim Albayrak, Murat Tokar',6,216,7,7,'Awakeado Games','',1,'1bd149216b57f9758921f09b3ac1f3ba','2020-10-01 13:26:59','6a98ad44fa3c76a6143987f9665a5c70',NULL,1,'2020-10-01 13:27:19','185.67.124.109','2020-09-30 15:48:14','2020-09-30 15:48:14'),
	(5,'Edip Enes','Cakir','$2y$12$vL8dwKtIT6xBMwPBfepP5uq7NiL13JF4Yc1TVpJSsMo2zshH9eXga','work@uncosoft.com','5550881035','Uncosoft','',35,910,15,7,'https://www.linkedin.com/company/uncosoft','https://www.linkedin.com/in/edencakir/',1,'d1d6e2b85e9e4786b4c7f2905d004a01','2020-09-30 15:52:05','1acd2d6d158d36a27824f2f4411ed055',NULL,1,'2020-10-20 14:36:46','212.252.136.224','2020-09-30 15:50:32','2020-09-30 15:50:32'),
	(6,'Emre','Kovancı','$2y$12$tp4fqDtcZYKbIEopiHCbXefl2NwOIUjFD3xYKvMkDFVobrcdcaYna','kovanciemre@gmail.com','5355525241','Talus Studio','Emre Kovancı, Zafer Okur, Yağmur Güçlü',34,509,4,7,'https://www.linkedin.com/company/talusstudio','https://www.linkedin.com/in/emrekovanci/',1,'a36d224632b03a88fb3f1a2142736720','2020-10-06 22:07:45','0237348f98e0328bc323eb72f81bb499',NULL,1,'2020-11-30 19:31:32','78.179.79.254','2020-10-06 22:07:31','2020-10-06 22:07:31'),
	(7,'Türker','Karahan','$2y$12$4a.A54M3RPmrwVdQn3JTFe0S43fVdeZ8GhegaaGITpywVn.cESK2i','info@udogames.com','5543107853','Udo Games','Türker Karahan, Andaç Altak, Gökhan Güngör',6,216,15,7,'www.linkedin.com/company/udogamestudio','http://linkedin.com/in/tkarahan',1,'ffbe3c9880c662b125fb26649f9a93c3','2020-10-20 11:10:59','64382aa63b030f91a84f9c1bcab9ac7b',NULL,1,'2020-10-20 11:11:08','85.101.190.235','2020-10-12 21:50:31','2020-10-12 21:50:31'),
	(9,'Onur','Karaduman','$2y$12$Uc4MqGvgpBXO.5lK9HsL9umBV1lZhRxXnqaBtI/TazvogFk1lQc1.','join@virtualprojects.co','5339470702','Virtual Projects','Onur Karaduman',340,777,35,7,'https://www.linkedin.com/company/virtual-projects-studios/','https://www.linkedin.com/in/onur-karaduman-8aa4101a2/',1,'852ae8b6ddb5c7e6976cd3ab64f6294f','2020-11-13 15:48:07','96962376eea95267705ca8a81ae2ed0b',NULL,1,'2020-12-02 19:09:14','88.227.61.117','2020-11-13 15:47:49','2020-11-13 15:47:49'),
	(10,'Umur Can','Gurelli','$2y$12$OWoCLYJQ9smqsENqhX0KjO/155zgzuJVZzfkuUhb1V6PgcAO3sDxe','umurcg@reboot.ist','5306096669','Reboot Interactive','Umur Can Gurelli, Hakan Ozer, Kerem Akyuz',34,509,6,7,'https://www.linkedin.com/company/rebootinteractive','https://www.linkedin.com/in/umur-can-gürelli-69117b138',1,'6e92fcca92dfcc6af1c2ce3bf886f8a5','2020-11-18 15:33:19','b8df8c847277b1abe9f1eb15cc0bfcf5',NULL,1,'2020-12-02 12:37:48','95.14.91.150','2020-11-18 15:32:16','2020-11-18 15:32:16'),
	(11,'Keykan','Sönmez','$2y$12$8sroYlRGB.S3LhVSCeLhV.ijlyfSk5zTleL/N47iBGz/Q47BlCwI.','keykan@nanotribe.com','1629734003','NanoTribe','',340,148,4,7,'https://www.linkedin.com/company/nanotribe','https://de.linkedin.com/in/keykan',1,'bd05d693c2fae19397491e8bcb68aa97','2020-11-18 23:15:30','1416def5c22d24a4cdc44674b1a02b12',NULL,1,'2020-11-18 23:16:24','87.123.144.211','2020-11-18 23:15:14','2020-11-18 23:15:14'),
	(12,'Eray','Gürayman','$2y$12$FE46vB60X9t8/2czpr6wg.kTjbIduJzAc0dPJqOrdMV2rFXmDqcmm','info@ankastudios.com','5398374412','Anka Studios','Eray Gürayman, Can Erkli, Melihcan Gezer, Metin Eryılmaz',340,777,4,7,'https://www.linkedin.com/company/ankastudios/','https://www.linkedin.com/in/eray-gürayman-662786118/',1,'70bb8eea64a18a1b30446ac17c92012a','2020-11-19 23:10:58','6ce34feaa80d88f9d69df5c126c74459',NULL,1,'2020-11-19 23:11:12','46.2.231.231','2020-11-19 23:05:01','2020-11-19 23:05:01'),
	(13,'Burak','Cimen','$2y$12$8uD3pB6lJvzbep6f1sBoROxLsPmJY2hhpMuH9mnM97YLXruRZHu7W','bhcimen@gmail.com','5336806879','Fubu Games','Burak Çimen, Michael Eyles',34,552,3,7,'','https://www.linkedin.com/in/burak-çimen-92550586/',1,'bfdda2c345609d28d99c565574cfc539','2020-11-20 12:24:27','5ae2e872010415cbe4ae55d6250ac19f',NULL,1,'2020-11-26 14:24:49','92.45.243.126','2020-11-20 12:24:14','2020-11-20 12:24:14'),
	(14,'Ümit','Aparı','$2y$12$DB6ashGn/xY7SrUoyvGVy.c.NXgVAC5goLTaslp0ftZ1jcZMdBC2S','accounts@studiobillion.com','2122332944','Studio Billion','Ümit Aparı, Ömer Aslan, Eşref Bektaş',340,513,9,7,'https://www.linkedin.com/company/12989884/','https://www.linkedin.com/in/apariumit/',1,'55c0392e9779df61fb54efef5b4417c5','2020-11-26 15:31:34','383c47619e1957d7109b43eca5e57bb8',NULL,1,'2020-11-26 15:31:40','188.119.61.166','2020-11-26 15:17:32','2020-11-26 15:17:32'),
	(15,'Ömer Faruk','Akyüz','$2y$12$Z4YyhdGNt84xvoJUjvHWpO23lIhnya4dRD39ZfvVX1WqJ2HJYDBZG','hello@anygames.io','5415643130','Any Games','Ömer Faruk Akyüz, Fırat Alpaydın',340,155,16,7,'https://www.linkedin.com/company/anygamesio/','https://www.linkedin.com/in/omerakyuz/ + https://www.linkedin.com/in/firat-alpaydin-123a99190/',1,'7848e9a8f96029bb7a64691707a17108','2020-12-03 11:56:26','46a52af7b1549936a67f41517eaffe12',NULL,1,'2020-12-03 12:02:48','46.1.133.48','2020-11-29 23:24:16','2020-11-29 23:24:16'),
	(16,'Gökhan','KINAY','$2y$12$lDDwrAVVYpLQ9PB/KU3MWe4e3.9WUgehx8J7DfGj1ozjEiXSBKJpK','hr@triflesgames.com','5434282787','Trifles Games','Gökhan KINAY',340,858,20,7,'https://www.linkedin.com/company/trifles-games/','https://www.linkedin.com/in/gokhankinay/',1,'4f3f05e83d2f50ed8af8f30d2f307209','2020-11-30 03:09:20','8f8045c0c49669812bb9374e738b8782',NULL,1,'2020-11-30 03:09:24','195.142.70.241','2020-11-30 03:08:40','2020-11-30 03:08:40'),
	(17,'Emre','Akbaba','$2y$12$ZEmeKrEQET1sPRo24Z8B4OdpMDNNeYxrQObnagQBGkgniMMBqHb9y','info@babilstudios.com','5422755268','Babil Studios','Emre Akbaba',340,513,10,7,'https://www.linkedin.com/company/babilstudios','https://www.linkedin.com/in/emakbaba/',1,'ccac150aa593bfc57f6ab5112349cd8a','2020-11-30 09:39:24','e47792c9bf0ceb8dd713edc983726ebe','2020-11-30 09:40:35',1,'2020-11-30 09:40:50','212.154.124.59','2020-11-30 09:38:40','2020-11-30 09:38:40'),
	(18,'Hande','Tekinaslan','$2y$12$YYbutBnkMhGLv0/o9XsWHua0s5EH4ru3x7vCr1Nj9jv4TEZQcIBu.','hr@tiplaystudio.com','5558973991','tiplay studio','Ahmet Öney, Osman Tutum, Mehmet Umut Ermeç',20,723,30,7,'https://www.linkedin.com/company/tiplaystudio/?viewAsMember=true','',1,'4bbd46069a7ad1c184e8576f2a52a1e0','2020-11-30 10:51:40','9bee5746afbb96275011f34d11ea5487',NULL,1,'2020-11-30 10:51:38','178.233.40.95','2020-11-30 10:50:30','2020-11-30 10:50:30');

/*!40000 ALTER TABLE `companies` ENABLE KEYS */;
UNLOCK TABLES;


# Dump of table company_hires
# ------------------------------------------------------------

DROP TABLE IF EXISTS `company_hires`;

CREATE TABLE `company_hires` (
  `id` int(11) unsigned NOT NULL AUTO_INCREMENT,
  `company_id` int(11) unsigned NOT NULL,
  `user_id` int(11) unsigned NOT NULL,
  `company_confirm` tinyint(1) DEFAULT '0',
  `user_confirm` tinyint(1) DEFAULT '0',
  `continues` tinyint(1) DEFAULT '0',
  `startdate` datetime DEFAULT NULL,
  `enddate` datetime DEFAULT NULL,
  `created_at` datetime DEFAULT NULL,
  `updated_at` datetime DEFAULT NULL,
  PRIMARY KEY (`id`),
  KEY `company_hires_companies_id` (`company_id`),
  KEY `company_hires_users_id` (`user_id`),
  CONSTRAINT `company_hires_companies_id` FOREIGN KEY (`company_id`) REFERENCES `companies` (`id`) ON DELETE CASCADE ON UPDATE CASCADE,
  CONSTRAINT `company_hires_users_id` FOREIGN KEY (`user_id`) REFERENCES `users` (`id`) ON DELETE CASCADE ON UPDATE CASCADE
) ENGINE=InnoDB DEFAULT CHARSET=utf8;

LOCK TABLES `company_hires` WRITE;
/*!40000 ALTER TABLE `company_hires` DISABLE KEYS */;

INSERT INTO `company_hires` (`id`, `company_id`, `user_id`, `company_confirm`, `user_confirm`, `continues`, `startdate`, `enddate`, `created_at`, `updated_at`)
VALUES
	(1,5,118,1,1,0,'2020-10-15 19:09:58','2020-10-16 13:24:38','2020-10-12 11:37:46','2020-10-16 13:24:38'),
	(3,6,114,1,1,1,'2020-11-16 17:21:13',NULL,'2020-11-09 20:18:19','2020-11-16 17:21:13'),
	(4,10,54,1,0,0,NULL,NULL,'2020-11-18 15:42:27',NULL),
	(5,10,46,1,0,0,NULL,NULL,'2020-11-18 15:43:53',NULL),
	(6,10,178,1,0,0,NULL,NULL,'2020-11-18 15:48:02',NULL),
	(7,9,54,1,1,1,'2020-11-18 16:56:07',NULL,'2020-11-18 16:52:49','2020-11-18 16:56:07'),
	(8,9,200,1,1,1,'2020-11-19 19:22:45',NULL,'2020-11-19 19:15:19','2020-11-19 19:22:45'),
	(9,9,199,1,1,1,'2020-11-19 19:16:32',NULL,'2020-11-19 19:15:29','2020-11-19 19:16:32');

/*!40000 ALTER TABLE `company_hires` ENABLE KEYS */;
UNLOCK TABLES;


# Dump of table company_views
# ------------------------------------------------------------

DROP TABLE IF EXISTS `company_views`;

CREATE TABLE `company_views` (
  `id` int(11) unsigned NOT NULL AUTO_INCREMENT,
  `company_id` int(11) unsigned NOT NULL,
  `user_id` int(11) unsigned NOT NULL,
  `created_at` datetime DEFAULT NULL,
  `updated_at` datetime DEFAULT NULL,
  PRIMARY KEY (`id`),
  KEY `company_views_users_id` (`user_id`),
  KEY `company_views_companies_id` (`company_id`),
  CONSTRAINT `company_views_companies_id` FOREIGN KEY (`company_id`) REFERENCES `companies` (`id`) ON DELETE CASCADE ON UPDATE CASCADE,
  CONSTRAINT `company_views_users_id` FOREIGN KEY (`user_id`) REFERENCES `users` (`id`) ON DELETE CASCADE ON UPDATE CASCADE
) ENGINE=InnoDB DEFAULT CHARSET=utf8;

LOCK TABLES `company_views` WRITE;
/*!40000 ALTER TABLE `company_views` DISABLE KEYS */;

INSERT INTO `company_views` (`id`, `company_id`, `user_id`, `created_at`, `updated_at`)
VALUES
	(1,2,114,'2020-09-25 15:24:24',NULL),
	(2,2,106,'2020-09-25 15:24:51',NULL),
	(3,2,102,'2020-09-25 15:25:15',NULL),
	(4,2,66,'2020-09-25 15:26:17',NULL),
	(5,2,35,'2020-09-25 15:26:45',NULL),
	(6,2,34,'2020-09-25 15:26:59',NULL),
	(7,2,41,'2020-09-25 15:27:34',NULL),
	(8,2,19,'2020-09-25 15:28:20',NULL),
	(9,2,116,'2020-09-25 15:28:37',NULL),
	(10,2,59,'2020-09-25 15:32:17',NULL),
	(11,2,75,'2020-09-25 15:33:09',NULL),
	(12,2,51,'2020-09-25 15:33:13',NULL),
	(13,2,46,'2020-09-25 15:34:09',NULL),
	(14,2,60,'2020-09-25 15:34:25',NULL),
	(15,2,26,'2020-09-25 15:35:26',NULL),
	(16,2,21,'2020-09-25 15:36:09',NULL),
	(17,2,24,'2020-09-25 15:36:14',NULL),
	(18,3,118,'2020-09-29 12:23:15',NULL),
	(19,3,116,'2020-09-29 12:33:09',NULL),
	(20,3,102,'2020-09-29 12:33:22',NULL),
	(21,3,59,'2020-09-29 16:56:19',NULL),
	(22,4,75,'2020-09-30 15:51:22',NULL),
	(23,4,59,'2020-09-30 15:51:39',NULL),
	(24,4,21,'2020-09-30 15:52:05',NULL),
	(25,5,120,'2020-09-30 15:52:20',NULL),
	(26,4,46,'2020-09-30 15:52:55',NULL),
	(27,5,35,'2020-09-30 15:53:42',NULL),
	(28,5,39,'2020-09-30 15:54:04',NULL),
	(29,5,82,'2020-09-30 15:54:16',NULL),
	(30,5,95,'2020-09-30 15:54:32',NULL),
	(31,4,113,'2020-10-01 13:28:23',NULL),
	(32,3,114,'2020-10-05 12:48:19',NULL),
	(33,3,95,'2020-10-05 12:49:59',NULL),
	(34,3,75,'2020-10-05 12:50:06',NULL),
	(36,6,114,'2020-10-06 22:08:20',NULL),
	(37,6,75,'2020-10-06 22:08:33',NULL),
	(38,6,21,'2020-10-06 23:16:46',NULL),
	(39,6,46,'2020-10-06 23:19:07',NULL),
	(40,6,88,'2020-10-06 23:20:54',NULL),
	(41,6,59,'2020-10-06 23:20:57',NULL),
	(42,6,11,'2020-10-07 00:30:17',NULL),
	(43,6,120,'2020-10-07 00:30:36',NULL),
	(44,5,116,'2020-10-07 13:21:58',NULL),
	(45,5,118,'2020-10-12 10:26:18',NULL),
	(46,5,75,'2020-10-12 11:33:45',NULL),
	(47,6,67,'2020-10-12 16:18:12',NULL),
	(48,7,113,'2020-10-12 21:51:42',NULL),
	(49,6,107,'2020-10-13 12:17:48',NULL),
	(50,3,158,'2020-10-15 13:53:25',NULL),
	(51,3,151,'2020-10-15 13:54:06',NULL),
	(52,3,136,'2020-10-15 13:54:12',NULL),
	(53,3,113,'2020-10-15 13:55:53',NULL),
	(54,3,106,'2020-10-15 13:55:34',NULL),
	(55,3,82,'2020-10-15 13:55:40',NULL),
	(56,3,47,'2020-10-15 13:59:08',NULL),
	(57,3,21,'2020-10-15 13:59:56',NULL),
	(58,3,18,'2020-10-15 14:00:03',NULL),
	(59,3,11,'2020-10-15 14:00:34',NULL),
	(60,3,39,'2020-10-15 14:00:15',NULL),
	(61,3,46,'2020-10-15 14:00:38',NULL),
	(62,7,114,'2020-10-15 19:07:15',NULL),
	(63,7,75,'2020-10-15 19:07:38',NULL),
	(64,7,59,'2020-10-15 19:09:44',NULL),
	(65,7,46,'2020-10-15 19:10:47',NULL),
	(66,7,21,'2020-10-15 19:11:10',NULL),
	(67,7,107,'2020-10-15 19:11:57',NULL),
	(68,7,11,'2020-10-15 19:11:41',NULL),
	(69,7,44,'2020-10-15 19:12:32',NULL),
	(70,7,136,'2020-10-15 19:12:46',NULL),
	(71,7,116,'2020-10-15 19:12:54',NULL),
	(72,7,67,'2020-10-15 19:13:05',NULL),
	(73,7,82,'2020-10-15 19:13:36',NULL),
	(74,7,106,'2020-10-15 19:14:17',NULL),
	(75,7,151,'2020-10-15 19:15:22',NULL),
	(76,6,178,'2020-11-03 17:56:53',NULL),
	(83,9,178,'2020-11-13 15:48:43',NULL),
	(84,9,34,'2020-11-13 15:50:27',NULL),
	(85,9,24,'2020-11-13 15:51:04',NULL),
	(86,9,88,'2020-11-13 15:51:19',NULL),
	(87,9,11,'2020-11-13 15:51:36',NULL),
	(89,9,54,'2020-11-13 15:51:53',NULL),
	(90,9,61,'2020-11-13 15:52:05',NULL),
	(91,9,62,'2020-11-13 15:52:14',NULL),
	(92,9,85,'2020-11-13 15:52:25',NULL),
	(93,9,94,'2020-11-13 15:52:32',NULL),
	(94,9,158,'2020-11-13 15:52:42',NULL),
	(95,9,165,'2020-11-13 15:52:46',NULL),
	(96,9,177,'2020-11-13 15:52:55',NULL),
	(97,9,21,'2020-11-13 15:53:05',NULL),
	(98,9,46,'2020-11-13 15:53:24',NULL),
	(99,9,59,'2020-11-13 15:54:11',NULL),
	(100,9,114,'2020-11-13 15:54:18',NULL),
	(101,9,5,'2020-11-13 15:55:13',NULL),
	(102,9,124,'2020-11-13 15:55:23',NULL),
	(103,9,147,'2020-11-13 15:55:27',NULL),
	(104,9,32,'2020-11-13 15:55:41',NULL),
	(105,9,67,'2020-11-13 15:56:08',NULL),
	(106,9,116,'2020-11-13 15:56:21',NULL),
	(107,10,178,'2020-11-18 15:34:23',NULL),
	(108,10,158,'2020-11-18 15:35:40',NULL),
	(109,10,177,'2020-11-18 15:36:22',NULL),
	(110,10,175,'2020-11-18 15:36:47',NULL),
	(111,10,113,'2020-11-18 15:37:19',NULL),
	(112,10,104,'2020-11-18 15:37:26',NULL),
	(113,10,75,'2020-11-18 15:40:06',NULL),
	(114,10,61,'2020-11-18 15:41:18',NULL),
	(115,10,54,'2020-11-18 15:41:37',NULL),
	(116,10,46,'2020-11-18 15:43:04',NULL),
	(118,10,21,'2020-11-18 15:45:09',NULL),
	(119,10,18,'2020-11-18 15:46:49',NULL),
	(120,10,11,'2020-11-18 15:46:55',NULL),
	(121,10,66,'2020-11-18 16:56:32',NULL),
	(122,10,59,'2020-11-18 17:09:32',NULL),
	(123,10,114,'2020-11-18 17:10:21',NULL),
	(124,11,106,'2020-11-18 23:18:15',NULL),
	(125,11,82,'2020-11-18 23:18:30',NULL),
	(126,11,63,'2020-11-18 23:18:47',NULL),
	(127,11,47,'2020-11-18 23:19:15',NULL),
	(128,11,32,'2020-11-18 23:19:33',NULL),
	(129,11,167,'2020-11-18 23:23:27',NULL),
	(130,11,123,'2020-11-18 23:23:35',NULL),
	(131,11,26,'2020-11-18 23:25:16',NULL),
	(132,12,199,'2020-11-19 23:11:21',NULL),
	(133,12,200,'2020-11-19 23:11:48',NULL),
	(134,12,178,'2020-11-19 23:12:02',NULL),
	(135,12,177,'2020-11-19 23:12:14',NULL),
	(136,13,200,'2020-11-20 12:26:20',NULL),
	(137,13,199,'2020-11-20 12:26:27',NULL),
	(138,13,54,'2020-11-20 12:27:35',NULL),
	(139,13,178,'2020-11-20 12:27:55',NULL),
	(140,13,75,'2020-11-20 12:28:09',NULL),
	(141,13,114,'2020-11-20 12:28:26',NULL),
	(142,13,39,'2020-11-20 12:34:18',NULL),
	(143,13,46,'2020-11-20 12:34:32',NULL),
	(144,13,21,'2020-11-20 12:44:23',NULL),
	(145,13,59,'2020-11-20 12:59:34',NULL),
	(146,14,203,'2020-11-26 15:18:45',NULL),
	(147,14,136,'2020-11-26 15:19:18',NULL),
	(148,14,95,'2020-11-26 15:19:36',NULL),
	(149,14,63,'2020-11-26 15:19:48',NULL),
	(150,14,44,'2020-11-26 15:20:30',NULL),
	(151,14,189,'2020-11-26 15:24:31',NULL),
	(152,14,32,'2020-11-26 15:24:52',NULL),
	(153,14,178,'2020-11-26 15:32:18',NULL),
	(154,14,75,'2020-11-26 17:44:35',NULL),
	(155,9,188,'2020-11-29 10:59:03',NULL),
	(156,9,213,'2020-11-29 10:59:18',NULL),
	(157,9,209,'2020-11-29 10:59:34',NULL),
	(158,9,218,'2020-11-29 10:59:43',NULL),
	(159,9,208,'2020-11-29 11:00:08',NULL),
	(160,9,47,'2020-11-29 11:02:08',NULL),
	(161,9,63,'2020-11-29 11:02:18',NULL),
	(162,9,203,'2020-11-29 11:02:40',NULL),
	(163,9,232,'2020-11-29 11:03:13',NULL),
	(164,16,44,'2020-11-30 03:09:58',NULL),
	(165,16,228,'2020-11-30 03:11:11',NULL),
	(166,16,201,'2020-11-30 03:11:16',NULL),
	(167,16,136,'2020-11-30 03:11:19',NULL),
	(168,16,116,'2020-11-30 03:11:22',NULL),
	(169,16,67,'2020-11-30 03:11:30',NULL),
	(170,16,55,'2020-11-30 03:12:13',NULL),
	(171,17,165,'2020-11-30 09:41:21',NULL),
	(172,17,47,'2020-11-30 09:41:42',NULL),
	(173,18,75,'2020-11-30 11:01:20',NULL),
	(174,18,59,'2020-11-30 11:02:35',NULL),
	(175,18,46,'2020-11-30 11:03:12',NULL),
	(176,18,11,'2020-11-30 11:37:36',NULL),
	(177,18,18,'2020-11-30 11:42:31',NULL),
	(178,18,39,'2020-11-30 11:43:07',NULL),
	(179,18,61,'2020-11-30 11:43:19',NULL),
	(180,18,62,'2020-11-30 11:43:28',NULL),
	(181,18,85,'2020-11-30 11:43:47',NULL),
	(182,18,94,'2020-11-30 11:44:10',NULL),
	(183,18,104,'2020-11-30 11:44:26',NULL),
	(184,18,113,'2020-11-30 11:44:54',NULL),
	(185,18,118,'2020-11-30 11:45:01',NULL),
	(186,18,158,'2020-11-30 11:45:13',NULL),
	(187,18,165,'2020-11-30 11:45:38',NULL),
	(188,18,175,'2020-11-30 11:46:12',NULL),
	(189,18,177,'2020-11-30 11:46:18',NULL),
	(190,18,224,'2020-11-30 11:46:26',NULL),
	(191,18,242,'2020-11-30 11:46:36',NULL),
	(192,18,254,'2020-11-30 11:46:41',NULL),
	(193,18,268,'2020-11-30 11:46:45',NULL),
	(194,18,297,'2020-11-30 11:46:57',NULL),
	(195,18,309,'2020-11-30 11:47:26',NULL),
	(196,18,178,'2020-11-30 11:47:52',NULL),
	(197,18,82,'2020-11-30 11:48:13',NULL),
	(198,18,232,'2020-11-30 11:48:22',NULL),
	(199,18,270,'2020-11-30 11:48:36',NULL),
	(200,15,46,'2020-11-30 13:54:44',NULL),
	(201,6,274,'2020-11-30 19:32:15',NULL),
	(202,6,24,'2020-11-30 19:34:12',NULL),
	(203,9,309,'2020-12-02 19:09:30',NULL),
	(204,9,297,'2020-12-02 19:09:53',NULL),
	(205,9,256,'2020-12-02 19:38:59',NULL),
	(206,9,254,'2020-12-02 19:39:11',NULL),
	(207,17,356,'2020-12-03 10:05:22',NULL),
	(208,17,304,'2020-12-03 10:05:35',NULL),
	(209,17,259,'2020-12-03 10:13:13',NULL),
	(210,17,239,'2020-12-03 10:13:19',NULL),
	(211,17,203,'2020-12-03 10:13:30',NULL),
	(212,17,106,'2020-12-03 10:13:38',NULL),
	(213,17,95,'2020-12-03 10:13:46',NULL),
	(214,15,178,'2020-12-03 11:23:55',NULL),
	(215,15,59,'2020-12-03 11:25:20',NULL),
	(216,15,342,'2020-12-03 11:27:43',NULL),
	(217,15,254,'2020-12-03 11:27:50',NULL),
	(218,15,177,'2020-12-03 11:27:55',NULL),
	(219,15,62,'2020-12-03 11:28:20',NULL),
	(220,15,61,'2020-12-03 11:28:27',NULL),
	(221,15,88,'2020-12-03 11:32:58',NULL),
	(222,15,203,'2020-12-03 11:33:27',NULL),
	(223,15,120,'2020-12-03 11:33:52',NULL),
	(224,15,218,'2020-12-03 11:34:02',NULL),
	(225,15,189,'2020-12-03 11:34:07',NULL),
	(226,15,124,'2020-12-03 11:34:22',NULL),
	(227,15,85,'2020-12-03 12:17:24',NULL),
	(228,15,309,'2020-12-03 12:18:24',NULL),
	(229,15,94,'2020-12-03 12:19:06',NULL),
	(230,15,158,'2020-12-03 12:19:13',NULL),
	(231,15,165,'2020-12-03 12:19:29',NULL),
	(232,15,209,'2020-12-03 12:20:49',NULL);

/*!40000 ALTER TABLE `company_views` ENABLE KEYS */;
UNLOCK TABLES;


# Dump of table contacts
# ------------------------------------------------------------

DROP TABLE IF EXISTS `contacts`;

CREATE TABLE `contacts` (
  `id` int(11) unsigned NOT NULL AUTO_INCREMENT,
  `sender_type` enum('user','company','admin') DEFAULT NULL,
  `is_read` tinyint(2) DEFAULT '0',
  `user_id` int(11) DEFAULT '0',
  `company_id` int(11) DEFAULT '0',
  `content` text,
  `ip_address` varchar(100) DEFAULT NULL,
  `created_at` datetime DEFAULT NULL,
  `deleted_at` datetime DEFAULT NULL,
  PRIMARY KEY (`id`)
) ENGINE=InnoDB DEFAULT CHARSET=utf8;

LOCK TABLES `contacts` WRITE;
/*!40000 ALTER TABLE `contacts` DISABLE KEYS */;

INSERT INTO `contacts` (`id`, `sender_type`, `is_read`, `user_id`, `company_id`, `content`, `ip_address`, `created_at`, `deleted_at`)
VALUES
	(2,'company',1,0,1,'Stüdyodan gelen test mesajı','192.168.1.104','2020-08-14 23:30:00',NULL),
	(4,'user',1,63,0,'Merhabalar, sitede herhangi bir faaliyet gerçekleştiremiyorum. Bir yerlerde YARDIM BUTONU göremedim. Bu iş nasıl ilerliyor? Bunun yanı sıra, kurumsal giriş denediğimde bireysele yönlendiriliyorum. Eğer mümkünse kısa zamanda sizden yanıt bekliyorum.','85.103.20.232','2020-10-02 12:28:08',NULL),
	(5,'admin',1,63,0,'Merhabalar, henüz oyun stüdyolarının tamamı panelimize kayıtlı değil. 1 hafta içerisinde stüdyolar için tam kayıt aşamasıda tamamlanacak. \n\nSistematik olarak siz sadece stüdyolardan size gelen mesajları görebiliyorsunuz, bu mesajın içeriğinde sizle ilgilenen oyun şirketlerinin bilgilerinide görüntüleyebileceksiniz. \n\nAklınıza takılan bir soru olursa mutlaka bize yazın ❤️','31.141.89.60','2020-10-03 13:14:15',NULL),
	(6,'user',1,158,0,'Merhaba zindhu HR CV’m den de görüleceği üzere herhangi studio tecrübem bulunmamakta fakat kendimi oyun alanında geliştirmeye ve bu sektörde varolmaya tahmin edebileceğinizin de üzerinde istekliyim:) Bu şartlar altında jr seviyede iş bulmam mümkün mü? ','176.55.48.104','2020-10-13 14:40:37',NULL),
	(7,'admin',1,158,0,'Merhaba Adem Bey, oyun şirketlerinde tecrübeniz olmasa bile güncel işlerinizi portfolyoya ekleyerek yüze yakın şirketten aktif trafik alabilirsiniz. Henüz stüdyo on-board dönemindeyiz. 1 hafta içinde süreç tamamlanacak. Bu zaman diliminde görüntülenme alamazsanız nedeni budur. Şimdiden kolaylıklar dilerim.','176.40.249.30','2020-10-14 13:45:37',NULL),
	(13,'company',1,0,13,'Merhaba, kayıt olurken otomatik doldur sebebiyle studio adı Vras olarak değişti sanıyorum. Arayüzde şirket adını editleyecek yer bulamadım. Bunu editleyerek Fubu Games yapma imkanımız var mı acaba? ','92.45.243.126','2020-11-20 13:05:44',NULL),
	(14,'admin',1,0,13,'Selamlar Burak, Tabiki Hemen Hallediyoruz.','95.8.131.52','2020-11-20 13:13:40',NULL),
	(15,'company',1,0,13,'Teşekkür ederim:)','92.45.243.126','2020-11-20 13:15:12',NULL),
	(16,'admin',1,0,13,'Düzenlenmiştir Burak Bey','176.227.19.160','2020-11-20 15:29:42',NULL),
	(17,'admin',1,0,13,'Kafanıza takılan birşey olursa yazmaktan çekinmeyin.','176.227.19.160','2020-11-20 15:30:05',NULL),
	(18,'company',1,0,13,'Çok teşekkür ederim. İyi çalışmalar diliyorum.','92.45.243.126','2020-11-20 15:39:41',NULL),
	(19,'user',1,5,0,'Admin, slm. Nasılsın?','88.227.60.208','2020-11-21 20:59:42',NULL),
	(20,'admin',0,5,0,'İyidir abem','95.8.131.52','2020-11-22 11:45:43',NULL),
	(21,'user',1,201,0,'Merhaba, ilanları nereden görüntüleyeceğimi bulamıyorum. Yönlendirebilir misiniz? Teşekkürler.','88.245.39.231','2020-11-23 16:40:53',NULL),
	(22,'admin',0,201,0,'Merhabalar, oyun sektöründe kariyer yapmak isteyen adaylara luan için sadece şirketler yazıyor. Herhangi bir oyun şirketi size ulaştığında hem mail adresinize hemde panelinize bildirim gelecek. ','95.8.131.52','2020-11-23 17:50:09',NULL),
	(23,'user',1,257,0,'Merhabalar.  Tam olarak süreç nasıl işliyor? Arayüz oldukça basit ve anlaşılır olmuş fakat bir başvuru yeri ya da ona benzer bir şey göremedim.','31.223.2.124','2020-11-30 21:05:54',NULL),
	(24,'user',1,257,0,'Bilgilendirirseniz sevinirim. Teşekkürler.','31.223.2.124','2020-11-30 21:06:18',NULL),
	(25,'admin',1,257,0,'Merhabalar, öncelikle iltifatlarınız için çok teşekkür ederiz :) Şu anda stüdyolar sizin cv\'nizi görüntüleyebiliyorlar. Önümüzdeki günlerde CV\'niz ile ilgilenen onlarca stüdyo sizlere yazacaktır. Bir oyun stüdyosundan mesaj aldığınız hem panelinize hemde mail adresinize bildirim gelecektir. Aklınıza takılan başka birşey olursa sormaktan çekinmeyin.','31.141.82.153','2020-11-30 23:49:21',NULL),
	(26,'user',1,268,0,'İyi Günler,\nProfilimde \"çalışıyorum\" olarak gözüküyorum. Düzeltemedim, şu an çalışmıyorum. Teşekkürler.','85.106.122.22','2020-12-01 23:12:22',NULL),
	(27,'admin',0,268,0,'Merhabalar hemen düzeltiyoruz','178.245.49.228','2020-12-02 00:33:59',NULL);

/*!40000 ALTER TABLE `contacts` ENABLE KEYS */;
UNLOCK TABLES;


# Dump of table conversations
# ------------------------------------------------------------

DROP TABLE IF EXISTS `conversations`;

CREATE TABLE `conversations` (
  `id` int(11) unsigned NOT NULL AUTO_INCREMENT,
  `sender_type` enum('user','company') DEFAULT NULL,
  `is_read` tinyint(2) DEFAULT NULL,
  `user_id` int(11) unsigned NOT NULL,
  `company_id` int(11) unsigned NOT NULL,
  `is_system_message` tinyint(1) DEFAULT '0',
  `content` text,
  `ip_address` varchar(100) DEFAULT NULL,
  `created_at` datetime DEFAULT NULL,
  `user_deleted` datetime DEFAULT NULL,
  PRIMARY KEY (`id`),
  KEY `conversations_users_id` (`user_id`),
  KEY `conversations_companies_id` (`company_id`),
  CONSTRAINT `conversations_companies_id` FOREIGN KEY (`company_id`) REFERENCES `companies` (`id`) ON DELETE CASCADE ON UPDATE CASCADE,
  CONSTRAINT `conversations_users_id` FOREIGN KEY (`user_id`) REFERENCES `users` (`id`) ON DELETE CASCADE ON UPDATE CASCADE
) ENGINE=InnoDB DEFAULT CHARSET=utf8;

LOCK TABLES `conversations` WRITE;
/*!40000 ALTER TABLE `conversations` DISABLE KEYS */;

INSERT INTO `conversations` (`id`, `sender_type`, `is_read`, `user_id`, `company_id`, `is_system_message`, `content`, `ip_address`, `created_at`, `user_deleted`)
VALUES
	(10,'company',1,118,5,1,'Bizimle çalışır mısın? Eğer kabul ediyorsanız yukarıdaki \"İŞE ALINDIM\" butonuna tıklar mısınız.','85.107.64.94','2020-10-12 11:37:46',NULL),
	(11,'company',1,118,5,0,'Burak selamlar, musait oldugun bir zaman goruselim isteriz.','85.107.64.94','2020-10-12 11:39:20',NULL),
	(12,'company',1,114,6,0,'Selamlar Emrah Bey,\nBen Talus Studio’dan Emre. Yaklaşık 1 sene önce kurulan bir oyun stüdyosuyuz(https://www.linkedin.com/company/talusstudio). 6 aydır Hyper- Casual oyunlar yapıyoruz ve bu alanda Rollic Games ile çalışmaktayız. Hyper-Casual dışında farklı türlerde başladığımız oyunlarımız da var. Bu yüzden ekibimizi büyütmek istiyoruz. Eğer birlikte çalışmak isterseniz kendimizi tanıtabileceğimiz bir toplantı ayarlamak isterim. İyi günler dilerim. ','46.196.82.123','2020-10-12 15:48:07',NULL),
	(13,'company',0,46,6,0,'Selamlar Muammer Bey, Ben Talus Studio’dan Emre. Yaklaşık 1 sene önce kurulan bir oyun stüdyosuyuz(https://www.linkedin.com/company/talusstudio). 6 aydır Hyper- Casual oyunlar yapıyoruz ve bu alanda Rollic Games ile çalışmaktayız. Hyper-Casual dışında farklı türlerde başladığımız oyunlarımız da var. Bu yüzden ekibimizi büyütmek istiyoruz. Eğer birlikte çalışmak isterseniz kendimizi tanıtabileceğimiz bir toplantı ayarlamak isterim. İyi günler dilerim. ','46.196.82.123','2020-10-12 15:50:24',NULL),
	(14,'company',0,21,6,0,'Selamlar Sidret Bey, Ben Talus Studio’dan Emre. Yaklaşık 1 sene önce kurulan bir oyun stüdyosuyuz(https://www.linkedin.com/company/talusstudio). 6 aydır Hyper- Casual oyunlar yapıyoruz ve bu alanda Rollic Games ile çalışmaktayız. Hyper-Casual dışında farklı türlerde başladığımız oyunlarımız da var. Bu yüzden ekibimizi büyütmek istiyoruz. Eğer birlikte çalışmak isterseniz kendimizi tanıtabileceğimiz bir toplantı ayarlamak isterim. İyi günler dilerim. ','46.196.82.123','2020-10-12 15:51:56',NULL),
	(15,'company',1,59,6,0,'Selamlar Emre Bey, Ben Talus Studio’dan Emre. Yaklaşık 1 sene önce kurulan bir oyun stüdyosuyuz(https://www.linkedin.com/company/talusstudio). 6 aydır Hyper- Casual oyunlar yapıyoruz ve bu alanda Rollic Games ile çalışmaktayız. Hyper-Casual dışında farklı türlerde başladığımız oyunlarımız da var. Bu yüzden ekibimizi büyütmek istiyoruz. Eğer birlikte çalışmak isterseniz kendimizi tanıtabileceğimiz bir toplantı ayarlamak isterim. İyi günler dilerim. ','46.196.82.123','2020-10-12 15:52:13',NULL),
	(20,'company',1,118,5,0,'Burak selamlar, musait oldugun bir zaman goruselim isteriz. ','85.107.64.94','2020-10-14 16:12:59',NULL),
	(21,'company',1,114,6,0,'Selamlar tekrar, hatırlatma için yazıyorum, iyi günler dilerim.','46.196.82.123','2020-10-14 16:15:45',NULL),
	(22,'company',1,59,6,0,'Selamlar tekrar, hatırlatma için yazıyorum, iyi günler dilerim.','46.196.82.123','2020-10-14 16:15:55',NULL),
	(23,'company',0,46,6,0,'Selamlar tekrar, hatırlatma için yazıyorum, iyi günler dilerim.','46.196.82.123','2020-10-14 16:15:58',NULL),
	(24,'company',0,21,6,0,'Selamlar tekrar, hatırlatma için yazıyorum, iyi günler dilerim.','46.196.82.123','2020-10-14 16:16:01',NULL),
	(25,'user',1,114,6,0,'Emre Bey merhaba. Mesajınızı şimdi görebildim. Tabi ki, tanışmak isterim. Zoom üstünden mi görüşeceğiz? Size uygun olan zaman aralıklarını söylerseniz kendime uygun olan bir tanesini seçebilirim.','46.106.47.10','2020-10-14 16:21:38',NULL),
	(28,'company',1,114,6,0,'Uygunsanız bugün akşam 20.00-21.00 gibi zoom yapmak istiyoruz. Sizin için daha uygun olacaksa yarın müsait olduğunuz bir saatte de zoom yapabiliriz.','46.196.82.123','2020-10-15 15:27:16',NULL),
	(29,'user',1,114,6,0,'Bu akşam 20.00 benim için uygun gözüküyor. Olacağını sanmıyorum ama, belki bir 10-15 dakika elimde olmayan sebeplerle gecikebilirim. ulucayemrah@gmail.com adresinden ekleyebilirsiniz.','46.106.63.187','2020-10-15 15:43:29',NULL),
	(30,'company',1,114,6,0,'Akşam görüşmek üzere Emrah Bey, herhangi bir aksiliğe karşı iletişim numaram 0535 552 52 41. İyi günler diliyorum.','46.196.82.123','2020-10-15 15:55:45',NULL),
	(31,'user',1,118,5,1,'İşe alım isteğinizi kabul ettim.','151.135.148.127','2020-10-15 19:09:58',NULL),
	(32,'user',1,118,5,0,'Merhabalar wp‘den attım. Bu site iphone’da düzgün yüklenmedi ancak şu an yazabildim','151.135.140.178','2020-10-16 12:21:52',NULL),
	(33,'company',1,118,5,0,'haftaya sali gunu musaitsen bi tanisma call\'i yapabiliriz zoom uzerinden','85.107.64.94','2020-10-16 13:24:33',NULL),
	(34,'company',1,118,5,1,'İşten çıkarıldınız.','85.107.64.94','2020-10-16 13:24:38',NULL),
	(35,'company',1,118,5,0,'biz de henuz cozemedik sistemi :) en kisa surede gorusmek dilegiyle','85.107.64.94','2020-10-16 13:24:37',NULL),
	(36,'user',1,118,5,0,'Urla’da ofis için görüşme talep ediyorsunuz sanırım. Önümüzdeki hafta İzmir’de olacağım. Sizin için de uygunsa yine buradan yazarım','151.135.140.178','2020-10-16 13:31:49',NULL),
	(37,'user',1,118,5,0,'Tamam bildirimin üstünü şimdi gördüm. Özür diliyorum Salı günü müsaitim meeting için. ','151.135.140.178','2020-10-16 13:32:50',NULL),
	(38,'company',1,118,5,0,'harika, calendar daveti gonderebilecegim bir email adresi alabilir miyim?','85.107.64.94','2020-10-16 13:36:14',NULL),
	(39,'user',1,59,6,0,'Emre Bey merhabalar, ilginiz için çok teşekkür ederim yoğunluktan ötürü mesajınızı ancak okuyabildim kusura bakmayın, tanışmayı çok isterim fakat tam zamanlı olarak birlikte çalışabilmemiz şuan için mümkün görünmüyor. Tam zamanlı  çalıştığım bir firma ve freelancer olarak hyper casual prototipleri ürettiğim firmalar mevcut. Hyper casual dışında farklı türlerde çalışmayı çok istiyorum fakat tam zamanlı çalıştığım ofiste daha yeni olduğum için maalesef ayrılmam etik olmaz. Sizin için  freelancer olarak, proje bazlı ya da her ne şekilde uygun görürseniz uzaktan çalışmak çok isterim. Sizin için uygun olması halinde dönüşünüzü bekliyorum. Tekrar ilginiz için çok teşekkür eder iyi çalışmalar dilerim.','88.243.155.242','2020-10-16 20:36:41',NULL),
	(40,'company',1,118,5,0,'Burak selamlar, mail adresi bekliyoruz','85.107.70.29','2020-10-19 10:53:25',NULL),
	(41,'user',1,118,5,0,'brkcnt6@gmail.com','151.135.157.157','2020-10-19 11:42:19',NULL),
	(42,'user',1,118,5,0,'Düşmemiş sanırım bildirim','151.135.157.157','2020-10-19 11:42:42',NULL),
	(43,'company',1,118,5,0,'Mailine gelmis olmali, yarin 15\'te gorusmek uzere.','85.107.70.29','2020-10-19 12:26:39',NULL),
	(44,'user',0,118,5,0,'Tamamdır teşekkürler','85.108.178.123','2020-10-19 12:27:51',NULL),
	(45,'company',1,114,6,1,'Bizimle çalışır mısın? Eğer kabul ediyorsanız yukarıdaki \"İŞE ALINDIM\" butonuna tıklar mısınız.','46.196.81.36','2020-11-09 20:18:19',NULL),
	(46,'user',1,114,6,1,'İşe alım isteğinizi kabul ettim.','85.98.23.126','2020-11-16 17:21:13',NULL),
	(47,'company',1,54,10,1,'Bizimle çalışır mısın? Eğer kabul ediyorsanız yukarıdaki \"İŞE ALINDIM\" butonuna tıklar mısınız.','95.14.91.150','2020-11-18 15:42:27',NULL),
	(48,'company',1,54,10,0,'Merhaba Kaan nasilsin?','95.14.91.150','2020-11-18 15:42:48',NULL),
	(49,'company',0,46,10,1,'Bizimle çalışır mısın? Eğer kabul ediyorsanız yukarıdaki \"İŞE ALINDIM\" butonuna tıklar mısınız.','95.14.91.150','2020-11-18 15:43:53',NULL),
	(50,'company',0,46,10,0,'Merhaba Muammer nasilsin?','95.14.91.150','2020-11-18 15:44:08',NULL),
	(52,'company',0,178,10,1,'Bizimle çalışır mısın? Eğer kabul ediyorsanız yukarıdaki \"İŞE ALINDIM\" butonuna tıklar mısınız.','95.14.91.150','2020-11-18 15:48:02',NULL),
	(53,'company',0,178,10,0,'Selam Sercan nasilsin?','95.14.91.150','2020-11-18 15:48:15',NULL),
	(55,'company',1,54,9,1,'Bizimle çalışır mısın? Eğer kabul ediyorsanız yukarıdaki \"İŞE ALINDIM\" butonuna tıklar mısınız.','88.229.106.7','2020-11-18 16:52:49',NULL),
	(56,'user',1,54,9,1,'İşe alım isteğinizi kabul ettim.','88.243.143.24','2020-11-18 16:56:07',NULL),
	(61,'company',1,114,10,0,'Merhaba Emrah nasilsin?','95.14.91.150','2020-11-18 17:10:57',NULL),
	(62,'user',1,114,10,0,'Merhaba. İyiyim teşekkürler. Siz?','46.106.57.215','2020-11-18 17:12:14',NULL),
	(63,'company',1,114,10,0,'Gordugum kadariyla Unity Developer pozisyonunda is ariyorsun ','95.14.91.150','2020-11-18 17:21:19',NULL),
	(64,'company',1,114,10,0,'Sistem de Portfolionu goremedim de anladigim kadariyla Senior seviyesindesin.','95.14.91.150','2020-11-18 17:21:58',NULL),
	(65,'company',1,114,10,0,'Onceki calismalarini gorebilecegim bir portfolion var mi?','95.14.91.150','2020-11-18 17:22:27',NULL),
	(66,'user',1,114,10,0,'Şu an Talus ile çalışıyorum','46.106.57.215','2020-11-18 17:29:34',NULL),
	(71,'user',1,54,10,0,'Teşekkür ederim iyiyim Umarım siz de iyisnizdir. Ne yazık ki şu an çalışıyorum bilgileri güncellememişim, teklifiniz için teşekkür ederim iyi günler.','88.243.143.24','2020-11-19 00:47:50',NULL),
	(72,'company',1,200,9,1,'Bizimle çalışır mısın? Eğer kabul ediyorsanız yukarıdaki \"İŞE ALINDIM\" butonuna tıklar mısınız.','88.229.106.7','2020-11-19 19:15:19',NULL),
	(73,'company',1,199,9,1,'Bizimle çalışır mısın? Eğer kabul ediyorsanız yukarıdaki \"İŞE ALINDIM\" butonuna tıklar mısınız.','88.229.106.7','2020-11-19 19:15:29',NULL),
	(74,'user',1,199,9,1,'İşe alım isteğinizi kabul ettim.','185.19.155.191','2020-11-19 19:16:32',NULL),
	(75,'user',1,200,9,1,'İşe alım isteğinizi kabul ettim.','46.1.119.182','2020-11-19 19:22:45',NULL),
	(76,'user',1,200,9,0,'Teşekkür ederim','46.1.119.182','2020-11-19 19:23:00',NULL),
	(77,'company',1,54,10,0,'Tamamdir basarilar :)','95.14.91.150','2020-11-19 20:52:45',NULL),
	(79,'company',0,21,13,0,'Merhaba Sidret, Fubu Games olarak ayda 15-20 hypercasual prototip üreten bir şirketiz ve yeni ekip arkadaşları arıyoruz. Bu fırsat ile ilgilenmen durumunda detayları aktarmak için iletişime geçmek isteriz. İyi günler dilerim.','92.45.243.126','2020-11-20 12:49:16',NULL),
	(80,'company',0,46,13,0,'Merhaba Muammer, Fubu Games olarak ayda 15-20 hypercasual prototip üreten bir şirketiz ve yeni ekip arkadaşları arıyoruz. Bu fırsat ile ilgilenmen durumunda detayları aktarmak için iletişime geçmek isteriz. İyi günler dilerim.','92.45.243.126','2020-11-20 12:59:02',NULL),
	(81,'company',0,46,13,0,'Merhaba Muammer, Fubu Games olarak ayda 15-20 hypercasual prototip üreten bir şirketiz ve yeni ekip arkadaşları arıyoruz. Bu fırsat ile ilgilenmen durumunda detayları aktarmak için iletişime geçmek isteriz. İyi günler dilerim.','92.45.243.126','2020-11-20 12:59:29',NULL),
	(82,'company',1,59,13,0,'Merhaba Emre, Fubu Games olarak ayda 15-20 hypercasual prototip üreten bir şirketiz ve yeni ekip arkadaşları arıyoruz. Bu fırsat ile ilgilenmen durumunda detayları aktarmak için iletişime geçmek isteriz. İyi günler dilerim.','92.45.243.126','2020-11-20 12:59:52',NULL),
	(83,'company',1,114,13,0,'Merhaba Emrah, Fubu Games olarak ayda 15-20 hypercasual prototip üreten bir şirketiz ve yeni ekip arkadaşları arıyoruz. Bu fırsat ile ilgilenmen durumunda detayları aktarmak için iletişime geçmek isteriz. İyi günler dilerim.','92.45.243.126','2020-11-20 13:00:38',NULL),
	(84,'company',0,200,13,0,'Merhaba Mehmet, Fubu Games olarak ayda 15-20 hypercasual prototip üreten bir şirketiz ve yeni ekip arkadaşları arıyoruz. Bu fırsat ile ilgilenmen durumunda detayları aktarmak için iletişime geçmek isteriz. İyi günler dilerim.','92.45.243.126','2020-11-20 13:02:06',NULL),
	(85,'company',0,199,13,0,'Merhaba Arda, Fubu Games olarak ayda 15-20 hypercasual prototip üreten bir şirketiz ve yeni ekip arkadaşları arıyoruz. Bu fırsat ile ilgilenmen durumunda detayları aktarmak için iletişime geçmek isteriz. İyi günler dilerim.','92.45.243.126','2020-11-20 13:02:47',NULL),
	(86,'user',1,59,13,0,'Burak bey merhabalar, ilginiz için çok teşekkür ederim. Freelancer olarak proje bazlı size hizmet verebilirim. Bu şekilde 2 firma ile çalışıyorum. Sizin için de anlaşmamıza bağlı olarak ayda bir yada 2 prototip hazırlayabilirim. Bu şekilde hizmet almayı düşünürseniz dönüşünüzü bekliyorum, iyi çalışmalar.','85.153.224.232','2020-11-20 13:12:12',NULL),
	(87,'company',1,114,9,0,'Merhabalar,\n\nVirtual Projects olarak sizinle olası bir birliktelik üzerine görüşmek ve tanışmak istiyoruz.\nHaftaya hafta içi için saat ve gün opsiyonlarınız nelerdir?\n\nİyi Çalışamalar,\nVP','88.229.106.7','2020-11-20 16:39:53',NULL),
	(88,'company',1,158,9,0,'Merhabalar,\n\nVirtual Projects olarak sizinle olası bir birliktelik üzerine görüşmek ve tanışmak istiyoruz.\nHaftaya hafta içi için saat ve gün opsiyonlarınız nelerdir?\n\nİyi Çalışamalar,\nVP','88.229.106.7','2020-11-20 16:41:48',NULL),
	(89,'company',1,165,9,0,'Merhabalar,\n\nVirtual Projects olarak sizinle olası bir birliktelik üzerine görüşmek ve tanışmak istiyoruz.\nHaftaya hafta içi için saat ve gün opsiyonlarınız nelerdir?\n\nİyi Çalışamalar,\nVP','88.229.106.7','2020-11-20 16:42:06',NULL),
	(90,'user',1,114,9,0,'Merhaba Onur Bey. Talus Studio ile çalışıyorum. Sanırım sistemde bir problem var. Beni aktif arayışta olarak göstermemesi gerekiyor aslında. İlginiz için teşekkür ederim.','46.106.45.106','2020-11-20 16:48:31',NULL),
	(91,'user',1,114,13,0,'Merhaba Burak. Sanırım sistemsel bir hata sebebiyle aktif iş arayışında olduğum gösteriliyor. Talus Game Studio ile başladım çalışmaya. İlgin için teşekkür ederim. İyi çalışmalar.','46.106.45.106','2020-11-20 16:50:49',NULL),
	(92,'user',1,165,9,0,'Şuan 4.sınıf öğrencisi olduğumdan yaz dönemine kadar iş/staj arayışım bulunmamaktadır. Yinede iletişim halinde olmak isterseniz linkedin hesabımdan ulaşabilirsiniz ( https://www.linkedin.com/in/bahadır-üçyıldız-741702126/ ) İlginiz için teşekkürler.','85.98.107.208','2020-11-20 17:02:47',NULL),
	(93,'company',1,114,13,0,'Sanıyorum öyle olmuş :) İyi çalışmalar diliyorum.','92.45.243.126','2020-11-20 17:32:30',NULL),
	(94,'user',0,54,10,0,'Teşekkürler.','88.243.152.221','2020-11-29 11:50:06',NULL),
	(95,'company',0,177,9,0,'Merhabalar, \nVirtual Projects olarak sizinle olası bir birliktelik üzerine görüşmek ve tanışmak istiyoruz. \nHaftaya hafta içi için saat ve gün opsiyonlarınız nelerdir? \nİyi Çalışamalar, VP ','88.227.61.117','2020-12-02 19:42:08',NULL),
	(96,'company',0,177,9,0,'Merhabalar, \nVirtual Projects olarak sizinle olası bir birliktelik üzerine görüşmek ve tanışmak istiyoruz. \nHaftaya hafta içi için saat ve gün opsiyonlarınız nelerdir? \nİyi Çalışamalar, VP ','88.227.61.117','2020-12-02 19:42:25',NULL);

/*!40000 ALTER TABLE `conversations` ENABLE KEYS */;
UNLOCK TABLES;


# Dump of table districts
# ------------------------------------------------------------

DROP TABLE IF EXISTS `districts`;

CREATE TABLE `districts` (
  `id` int(11) unsigned NOT NULL AUTO_INCREMENT,
  `district` varchar(100) DEFAULT NULL,
  `city_id` int(11) DEFAULT NULL,
  PRIMARY KEY (`id`)
) ENGINE=InnoDB DEFAULT CHARSET=utf8;

LOCK TABLES `districts` WRITE;
/*!40000 ALTER TABLE `districts` DISABLE KEYS */;

INSERT INTO `districts` (`id`, `district`, `city_id`)
VALUES
	(0,'0',0),
	(1,'Abana',37),
	(2,'Acıgöl',50),
	(3,'Acıpayam',20),
	(4,'Adaklı',12),
	(5,'Adalar',34),
	(6,'Adapazarı',54),
	(7,'Adıyaman',2),
	(8,'Adilcevaz',13),
	(9,'Afşin',46),
	(10,'Afyonkarahisar',3),
	(11,'Ağaçören',68),
	(12,'Ağın',23),
	(13,'Ağlasun',15),
	(14,'Ağlı',37),
	(15,'Ağrı',4),
	(16,'Ahırlı',42),
	(17,'Ahlat',13),
	(18,'Ahmetli',45),
	(19,'Akçaabat',61),
	(20,'Akçadağ',44),
	(21,'Akçakale',63),
	(22,'Akçakent',40),
	(23,'Akçakoca',81),
	(24,'Akdağmadeni',66),
	(25,'Akdeniz',33),
	(26,'Akhisar',45),
	(27,'Akıncılar',58),
	(28,'Akkışla',38),
	(29,'Akkuş',52),
	(30,'Akören',42),
	(31,'Akpınar',40),
	(32,'Aksaray',68),
	(33,'Akseki',7),
	(34,'Aksu',7),
	(35,'Aksu',32),
	(36,'Akşehir',42),
	(37,'Akyaka',36),
	(38,'Akyazı',54),
	(39,'Akyurt',6),
	(40,'Alaca',19),
	(41,'Alacakaya',23),
	(42,'Alaçam',55),
	(43,'Aladağ',1),
	(44,'Alanya',7),
	(45,'Alaplı',67),
	(46,'Alaşehir',45),
	(47,'Aliağa',35),
	(48,'Almus',60),
	(49,'Alpu',26),
	(50,'Altıeylül',10),
	(51,'Altındağ',6),
	(52,'Altınekin',42),
	(53,'Altınordu',52),
	(54,'Altınova',77),
	(55,'Altınözü',31),
	(56,'Altıntaş',43),
	(57,'Altınyayla',15),
	(58,'Altınyayla',58),
	(59,'Altunhisar',51),
	(60,'Alucra',28),
	(61,'Amasra',74),
	(62,'Amasya',5),
	(63,'Anamur',33),
	(64,'Andırın',46),
	(65,'Antakya',31),
	(66,'Araban',27),
	(67,'Araç',37),
	(68,'Araklı',61),
	(69,'Aralık',76),
	(70,'Arapgir',44),
	(71,'Ardahan',75),
	(72,'Ardanuç',8),
	(73,'Ardeşen',53),
	(74,'Arguvan',44),
	(75,'Arhavi',8),
	(76,'Arıcak',23),
	(77,'Arifiye',54),
	(78,'Armutlu',77),
	(79,'Arnavutköy',340),
	(80,'Arpaçay',36),
	(81,'Arsin',61),
	(82,'Arsuz',31),
	(83,'Artova',60),
	(84,'Artuklu',47),
	(85,'Artvin',8),
	(86,'Asarcık',55),
	(87,'Aslanapa',43),
	(88,'Aşkale',25),
	(89,'Atabey',32),
	(90,'Atakum',55),
	(91,'Ataşehir',34),
	(92,'Atkaracalar',18),
	(93,'Avanos',50),
	(94,'Avcılar',340),
	(95,'Ayancık',57),
	(96,'Ayaş',6),
	(97,'Aybastı',52),
	(98,'Aydıncık',33),
	(99,'Aydıncık',66),
	(100,'Aydıntepe',69),
	(101,'Ayrancı',70),
	(102,'Ayvacık',17),
	(103,'Ayvacık',55),
	(104,'Ayvalık',10),
	(105,'Azdavay',37),
	(106,'Aziziye',25),
	(107,'Babadağ',20),
	(108,'Babaeski',39),
	(109,'Bafra',55),
	(110,'Bağcılar',340),
	(111,'Bağlar',21),
	(112,'Bahçe',80),
	(113,'Bahçelievler',340),
	(114,'Bahçesaray',65),
	(115,'Bahşili',71),
	(116,'Bakırköy',340),
	(117,'Baklan',20),
	(118,'Bala',6),
	(119,'Balçova',35),
	(120,'Balışeyh',71),
	(121,'Balya',10),
	(122,'Banaz',64),
	(123,'Bandırma',10),
	(124,'Bartın',74),
	(125,'Baskil',23),
	(126,'Başakşehir',340),
	(127,'Başçiftlik',60),
	(128,'Başiskele',41),
	(129,'Başkale',65),
	(130,'Başmakçı',3),
	(131,'Başyayla',70),
	(132,'Batman',72),
	(133,'Battalgazi',44),
	(134,'Bayat',3),
	(135,'Bayat',19),
	(136,'Bayburt',69),
	(137,'Bayındır',35),
	(138,'Baykan',56),
	(139,'Bayraklı',35),
	(140,'Bayramiç',17),
	(141,'Bayramören',18),
	(142,'Bayrampaşa',340),
	(143,'Bekilli',20),
	(144,'Belen',31),
	(145,'Bergama',35),
	(146,'Besni',2),
	(147,'Beşikdüzü',61),
	(148,'Beşiktaş',340),
	(149,'Beşiri',72),
	(150,'Beyağaç',20),
	(151,'Beydağ',35),
	(152,'Beykoz',34),
	(153,'Beylikdüzü',340),
	(154,'Beylikova',26),
	(155,'Beyoğlu',340),
	(156,'Beypazarı',6),
	(157,'Beyşehir',42),
	(158,'Beytüşşebap',73),
	(159,'Biga',17),
	(160,'Bigadiç',10),
	(161,'Bilecik',11),
	(162,'Bingöl',12),
	(163,'Birecik',63),
	(164,'Bismil',21),
	(165,'Bitlis',13),
	(166,'Bodrum',48),
	(167,'Boğazkale',19),
	(168,'Boğazlıyan',66),
	(169,'Bolu',14),
	(170,'Bolvadin',3),
	(171,'Bor',51),
	(172,'Borçka',8),
	(173,'Bornova',35),
	(174,'Boyabat',57),
	(175,'Bozcaada',17),
	(176,'Bozdoğan',9),
	(177,'Bozkır',42),
	(178,'Bozkurt',20),
	(179,'Bozkurt',37),
	(180,'Bozova',63),
	(181,'Boztepe',40),
	(182,'Bozüyük',11),
	(183,'Bozyazı',33),
	(184,'Buca',35),
	(185,'Bucak',15),
	(186,'Buharkent',9),
	(187,'Bulancak',28),
	(188,'Bulanık',49),
	(189,'Buldan',20),
	(190,'Burdur',15),
	(191,'Burhaniye',10),
	(192,'Bünyan',38),
	(193,'Büyükçekmece',340),
	(194,'Büyükorhan',16),
	(195,'Canik',55),
	(196,'Ceyhan',1),
	(197,'Ceylanpınar',63),
	(198,'Cide',37),
	(199,'Cihanbeyli',42),
	(200,'Cizre',73),
	(201,'Cumayeri',81),
	(202,'Çağlayancerit',46),
	(203,'Çal',20),
	(204,'Çaldıran',65),
	(205,'Çamardı',51),
	(206,'Çamaş',52),
	(207,'Çameli',20),
	(208,'Çamlıdere',6),
	(209,'Çamlıhemşin',53),
	(210,'Çamlıyayla',33),
	(211,'Çamoluk',28),
	(212,'Çan',17),
	(213,'Çanakçı',28),
	(214,'Çanakkale',17),
	(215,'Çandır',66),
	(216,'Çankaya',6),
	(217,'Çankırı',18),
	(218,'Çardak',20),
	(219,'Çarşamba',55),
	(220,'Çarşıbaşı',61),
	(221,'Çat',25),
	(222,'Çatak',65),
	(223,'Çatalca',340),
	(224,'Çatalpınar',52),
	(225,'Çatalzeytin',37),
	(226,'Çavdarhisar',43),
	(227,'Çavdır',15),
	(228,'Çay',3),
	(229,'Çaybaşı',52),
	(230,'Çaycuma',67),
	(231,'Çayeli',53),
	(232,'Çayıralan',66),
	(233,'Çayırlı',24),
	(234,'Çayırova',41),
	(235,'Çaykara',61),
	(236,'Çekerek',66),
	(237,'Çekmeköy',34),
	(238,'Çelebi',71),
	(239,'Çelikhan',2),
	(240,'Çeltik',42),
	(241,'Çeltikçi',15),
	(242,'Çemişgezek',62),
	(243,'Çerkeş',18),
	(244,'Çerkezköy',59),
	(245,'Çermik',21),
	(246,'Çeşme',35),
	(247,'Çıldır',75),
	(248,'Çınar',21),
	(249,'Çınarcık',77),
	(250,'Çiçekdağı',40),
	(251,'Çifteler',26),
	(252,'Çiftlik',51),
	(253,'Çiftlikköy',77),
	(254,'Çiğli',35),
	(255,'Çilimli',81),
	(256,'Çine',9),
	(257,'Çivril',20),
	(258,'Çobanlar',3),
	(259,'Çorlu',59),
	(260,'Çorum',19),
	(261,'Çubuk',6),
	(262,'Çukurca',30),
	(263,'Çukurova',1),
	(264,'Çumra',42),
	(265,'Çüngüş',21),
	(266,'Daday',37),
	(267,'Dalaman',48),
	(268,'Damal',75),
	(269,'Darende',44),
	(270,'Dargeçit',47),
	(271,'Darıca',41),
	(272,'Datça',48),
	(273,'Dazkırı',3),
	(274,'Defne',31),
	(275,'Delice',71),
	(276,'Demirci',45),
	(277,'Demirköy',39),
	(278,'Demirözü',69),
	(279,'Demre',7),
	(280,'Derbent',42),
	(281,'Derebucak',42),
	(282,'Dereli',28),
	(283,'Derepazarı',53),
	(284,'Derik',47),
	(285,'Derince',41),
	(286,'Derinkuyu',50),
	(287,'Dernekpazarı',61),
	(288,'Develi',38),
	(289,'Devrek',67),
	(290,'Devrekani',37),
	(291,'Dicle',21),
	(292,'Didim',9),
	(293,'Digor',36),
	(294,'Dikili',35),
	(295,'Dikmen',57),
	(296,'Dilovası',41),
	(297,'Dinar',3),
	(298,'Divriği',58),
	(299,'Diyadin',4),
	(300,'Dodurga',19),
	(301,'Doğanhisar',42),
	(302,'Doğankent',28),
	(303,'Doğanşar',58),
	(304,'Doğanşehir',44),
	(305,'Doğanyol',44),
	(306,'Doğanyurt',37),
	(307,'Doğubayazıt',4),
	(308,'Domaniç',43),
	(309,'Dörtdivan',14),
	(310,'Dörtyol',31),
	(311,'Döşemealtı',7),
	(312,'Dulkadiroğlu',46),
	(313,'Dumlupınar',43),
	(314,'Durağan',57),
	(315,'Dursunbey',10),
	(316,'Düzce',81),
	(317,'Düziçi',80),
	(318,'Düzköy',61),
	(319,'Eceabat',17),
	(320,'Edirne',22),
	(321,'Edremit',10),
	(322,'Edremit',65),
	(323,'Efeler',9),
	(324,'Eflani',78),
	(325,'Eğil',21),
	(326,'Eğirdir',32),
	(327,'Ekinözü',46),
	(328,'Elazığ',23),
	(329,'Elbeyli',79),
	(330,'Elbistan',46),
	(331,'Eldivan',18),
	(332,'Eleşkirt',4),
	(333,'Elmadağ',6),
	(334,'Elmalı',7),
	(335,'Emet',43),
	(336,'Emirdağ',3),
	(337,'Emirgazi',42),
	(338,'Enez',22),
	(339,'Erbaa',60),
	(340,'Erciş',65),
	(341,'Erdek',10),
	(342,'Erdemli',33),
	(343,'Ereğli',42),
	(344,'Ereğli',67),
	(345,'Erenler',54),
	(346,'Erfelek',57),
	(347,'Ergani',21),
	(348,'Ergene',59),
	(349,'Ermenek',70),
	(350,'Eruh',56),
	(351,'Erzin',31),
	(352,'Erzincan',24),
	(353,'Esenler',340),
	(354,'Esenyurt',340),
	(355,'Eskil',68),
	(356,'Eskipazar',78),
	(357,'Espiye',28),
	(358,'Eşme',64),
	(359,'Etimesgut',6),
	(360,'Evciler',3),
	(361,'Evren',6),
	(362,'Eynesil',28),
	(363,'Eyüp',340),
	(364,'Eyyübiye',63),
	(365,'Ezine',17),
	(366,'Fatih',340),
	(367,'Fatsa',52),
	(368,'Feke',1),
	(369,'Felahiye',38),
	(370,'Ferizli',54),
	(371,'Fethiye',48),
	(372,'Fındıklı',53),
	(373,'Finike',7),
	(374,'Foça',35),
	(375,'Gaziemir',35),
	(376,'Gaziosmanpaşa',340),
	(377,'Gazipaşa',7),
	(378,'Gebze',41),
	(379,'Gediz',43),
	(380,'Gelendost',32),
	(381,'Gelibolu',17),
	(382,'Gemerek',58),
	(383,'Gemlik',16),
	(384,'Genç',12),
	(385,'Gercüş',72),
	(386,'Gerede',14),
	(387,'Gerger',2),
	(388,'Germencik',9),
	(389,'Gerze',57),
	(390,'Gevaş',65),
	(391,'Geyve',54),
	(392,'Giresun',28),
	(393,'Gökçeada',17),
	(394,'Gökçebey',67),
	(395,'Göksun',46),
	(396,'Gölbaşı',2),
	(397,'Gölbaşı',6),
	(398,'Gölcük',41),
	(399,'Göle',75),
	(400,'Gölhisar',15),
	(401,'Gölköy',52),
	(402,'Gölmarmara',45),
	(403,'Gölova',58),
	(404,'Gölpazarı',11),
	(405,'Gölyaka',81),
	(406,'Gömeç',10),
	(407,'Gönen',10),
	(408,'Gönen',32),
	(409,'Gördes',45),
	(410,'Görele',28),
	(411,'Göynücek',5),
	(412,'Göynük',14),
	(413,'Güce',28),
	(414,'Güçlükonak',73),
	(415,'Güdül',6),
	(416,'Gülağaç',68),
	(417,'Gülnar',33),
	(418,'Gülşehir',50),
	(419,'Gülyalı',52),
	(420,'Gümüşhacıköy',5),
	(421,'Gümüşhane',29),
	(422,'Gümüşova',81),
	(423,'Gündoğmuş',7),
	(424,'Güney',20),
	(425,'Güneysınır',42),
	(426,'Güneysu',53),
	(427,'Güngören',340),
	(428,'Günyüzü',26),
	(429,'Gürgentepe',52),
	(430,'Güroymak',13),
	(431,'Gürpınar',65),
	(432,'Gürsu',16),
	(433,'Gürün',58),
	(434,'Güzelbahçe',35),
	(435,'Güzelyurt',68),
	(436,'Hacıbektaş',50),
	(437,'Hacılar',38),
	(438,'Hadim',42),
	(439,'Hafik',58),
	(440,'Hakkâri',30),
	(441,'Halfeti',63),
	(442,'Haliliye',63),
	(443,'Halkapınar',42),
	(444,'Hamamözü',5),
	(445,'Hamur',4),
	(446,'Han',26),
	(447,'Hanak',75),
	(448,'Hani',21),
	(449,'Hanönü',37),
	(450,'Harmancık',16),
	(451,'Harran',63),
	(452,'Hasanbeyli',80),
	(453,'Hasankeyf',72),
	(454,'Hasköy',49),
	(455,'Hassa',31),
	(456,'Havran',10),
	(457,'Havsa',22),
	(458,'Havza',55),
	(459,'Haymana',6),
	(460,'Hayrabolu',59),
	(461,'Hayrat',61),
	(462,'Hazro',21),
	(463,'Hekimhan',44),
	(464,'Hemşin',53),
	(465,'Hendek',54),
	(466,'Hınıs',25),
	(467,'Hilvan',63),
	(468,'Hisarcık',43),
	(469,'Hizan',13),
	(470,'Hocalar',3),
	(471,'Honaz',20),
	(472,'Hopa',8),
	(473,'Horasan',25),
	(474,'Hozat',62),
	(475,'Hüyük',42),
	(476,'Iğdır',76),
	(477,'Ilgaz',18),
	(478,'Ilgın',42),
	(479,'Isparta',32),
	(480,'İbradı',7),
	(481,'İdil',73),
	(482,'İhsangazi',37),
	(483,'İhsaniye',3),
	(484,'İkizce',52),
	(485,'İkizdere',53),
	(486,'İliç',24),
	(487,'İlkadım',55),
	(488,'İmamoğlu',1),
	(489,'İmranlı',58),
	(490,'İncesu',38),
	(491,'İncirliova',9),
	(492,'İnebolu',37),
	(493,'İnegöl',16),
	(494,'İnhisar',11),
	(495,'İnönü',26),
	(496,'İpekyolu',65),
	(497,'İpsala',22),
	(498,'İscehisar',3),
	(499,'İskenderun',31),
	(500,'İskilip',19),
	(501,'İslahiye',27),
	(502,'İspir',25),
	(503,'İvrindi',10),
	(504,'İyidere',53),
	(505,'İzmit',41),
	(506,'İznik',16),
	(507,'Kabadüz',52),
	(508,'Kabataş',52),
	(509,'Kadıköy',34),
	(510,'Kadınhanı',42),
	(511,'Kadışehri',66),
	(512,'Kadirli',80),
	(513,'Kağıthane',340),
	(514,'Kağızman',36),
	(515,'Kahta',2),
	(516,'Kale',20),
	(517,'Kale',44),
	(518,'Kalecik',6),
	(519,'Kalkandere',53),
	(520,'Kaman',40),
	(521,'Kandıra',41),
	(522,'Kangal',58),
	(523,'Kapaklı',59),
	(524,'Karabağlar',35),
	(525,'Karaburun',35),
	(526,'Karabük',78),
	(527,'Karacabey',16),
	(528,'Karacasu',9),
	(529,'Karaçoban',25),
	(530,'Karahallı',64),
	(531,'Karaisalı',1),
	(532,'Karakeçili',71),
	(533,'Karakoçan',23),
	(534,'Karakoyunlu',76),
	(535,'Karaköprü',63),
	(536,'Karaman',70),
	(537,'Karamanlı',15),
	(538,'Karamürsel',41),
	(539,'Karapınar',42),
	(540,'Karapürçek',54),
	(541,'Karasu',54),
	(542,'Karataş',1),
	(543,'Karatay',42),
	(544,'Karayazı',25),
	(545,'Karesi',10),
	(546,'Kargı',19),
	(547,'Karkamış',27),
	(548,'Karlıova',12),
	(549,'Karpuzlu',9),
	(550,'Kars',36),
	(551,'Karşıyaka',35),
	(552,'Kartal',34),
	(553,'Kartepe',41),
	(554,'Kastamonu',37),
	(555,'Kaş',7),
	(556,'Kavak',55),
	(557,'Kavaklıdere',48),
	(558,'Kayapınar',21),
	(559,'Kaynarca',54),
	(560,'Kaynaşlı',81),
	(561,'Kazan',6),
	(562,'Kazımkarabekir',70),
	(563,'Keban',23),
	(564,'Keçiborlu',32),
	(565,'Keçiören',6),
	(566,'Keles',16),
	(567,'Kelkit',29),
	(568,'Kemah',24),
	(569,'Kemaliye',24),
	(570,'Kemalpaşa',35),
	(571,'Kemer',7),
	(572,'Kemer',15),
	(573,'Kepez',7),
	(574,'Kepsut',10),
	(575,'Keskin',71),
	(576,'Kestel',16),
	(577,'Keşan',22),
	(578,'Keşap',28),
	(579,'Kıbrıscık',14),
	(580,'Kınık',35),
	(581,'Kırıkhan',31),
	(582,'Kırıkkale',71),
	(583,'Kırkağaç',45),
	(584,'Kırklareli',39),
	(585,'Kırşehir',40),
	(586,'Kızılcahamam',6),
	(587,'Kızılırmak',18),
	(588,'Kızılören',3),
	(589,'Kızıltepe',47),
	(590,'Kiğı',12),
	(591,'Kilimli',67),
	(592,'Kilis',79),
	(593,'Kiraz',35),
	(594,'Kocaali',54),
	(595,'Kocaköy',21),
	(596,'Kocasinan',38),
	(597,'Koçarlı',9),
	(598,'Kofçaz',39),
	(599,'Konak',35),
	(600,'Konyaaltı',7),
	(601,'Korgan',52),
	(602,'Korgun',18),
	(603,'Korkut',49),
	(604,'Korkuteli',7),
	(605,'Kovancılar',23),
	(606,'Koyulhisar',58),
	(607,'Kozaklı',50),
	(608,'Kozan',1),
	(609,'Kozlu',67),
	(610,'Kozluk',72),
	(611,'Köprübaşı',45),
	(612,'Köprübaşı',61),
	(613,'Köprüköy',25),
	(614,'Körfez',41),
	(615,'Köse',29),
	(616,'Köşk',9),
	(617,'Köyceğiz',48),
	(618,'Kula',45),
	(619,'Kulp',21),
	(620,'Kulu',42),
	(621,'Kuluncak',44),
	(622,'Kumlu',31),
	(623,'Kumluca',7),
	(624,'Kumru',52),
	(625,'Kurşunlu',18),
	(626,'Kurtalan',56),
	(627,'Kurucaşile',74),
	(628,'Kuşadası',9),
	(629,'Kuyucak',9),
	(630,'Küçükçekmece',340),
	(631,'Küre',37),
	(632,'Kürtün',29),
	(633,'Kütahya',43),
	(634,'Laçin',19),
	(635,'Ladik',55),
	(636,'Lalapaşa',22),
	(637,'Lapseki',17),
	(638,'Lice',21),
	(639,'Lüleburgaz',39),
	(640,'Maçka',61),
	(641,'Maden',23),
	(642,'Mahmudiye',26),
	(643,'Malazgirt',49),
	(644,'Malkara',59),
	(645,'Maltepe',34),
	(646,'Mamak',6),
	(647,'Manavgat',7),
	(648,'Manyas',10),
	(649,'Marmara',10),
	(650,'Marmaraereğlisi',59),
	(651,'Marmaris',48),
	(652,'Mazgirt',62),
	(653,'Mazıdağı',47),
	(654,'Mecitözü',19),
	(655,'Melikgazi',38),
	(656,'Menderes',35),
	(657,'Menemen',35),
	(658,'Mengen',14),
	(659,'Menteşe',48),
	(660,'Meram',42),
	(661,'Meriç',22),
	(662,'Merkezefendi',20),
	(663,'Merzifon',5),
	(664,'Mesudiye',52),
	(665,'Mezitli',33),
	(666,'Midyat',47),
	(667,'Mihalgazi',26),
	(668,'Mihalıççık',26),
	(669,'Milas',48),
	(670,'Mucur',40),
	(671,'Mudanya',16),
	(672,'Mudurnu',14),
	(673,'Muradiye',65),
	(674,'Muratlı',59),
	(675,'Muratpaşa',7),
	(676,'Murgul',8),
	(677,'Musabeyli',79),
	(678,'Mustafakemalpaşa',16),
	(679,'Muş',49),
	(680,'Mut',33),
	(681,'Mutki',13),
	(682,'Nallıhan',6),
	(683,'Narlıdere',35),
	(684,'Narman',25),
	(685,'Nazımiye',62),
	(686,'Nazilli',9),
	(687,'Nevşehir',50),
	(688,'Niğde',51),
	(689,'Niksar',60),
	(690,'Nilüfer',16),
	(691,'Nizip',27),
	(692,'Nurdağı',27),
	(693,'Nurhak',46),
	(694,'Nusaybin',47),
	(695,'Odunpazarı',26),
	(696,'Of',61),
	(697,'Oğuzeli',27),
	(698,'Oğuzlar',19),
	(699,'Oltu',25),
	(700,'Olur',25),
	(701,'Ondokuzmayıs',55),
	(702,'Onikişubat',46),
	(703,'Orhaneli',16),
	(704,'Orhangazi',16),
	(705,'Orta',18),
	(706,'Ortaca',48),
	(707,'Ortahisar',61),
	(708,'Ortaköy',68),
	(709,'Ortaköy',19),
	(710,'Osmancık',19),
	(711,'Osmaneli',11),
	(712,'Osmangazi',16),
	(713,'Osmaniye',80),
	(714,'Otlukbeli',24),
	(715,'Ovacık',78),
	(716,'Ovacık',62),
	(717,'Ödemiş',35),
	(718,'Ömerli',47),
	(719,'Özalp',65),
	(720,'Özvatan',38),
	(721,'Palandöken',25),
	(722,'Palu',23),
	(723,'Pamukkale',20),
	(724,'Pamukova',54),
	(725,'Pasinler',25),
	(726,'Patnos',4),
	(727,'Payas',31),
	(728,'Pazar',53),
	(729,'Pazar',60),
	(730,'Pazarcık',46),
	(731,'Pazarlar',43),
	(732,'Pazaryeri',11),
	(733,'Pazaryolu',25),
	(734,'Pehlivanköy',39),
	(735,'Pendik',34),
	(736,'Perşembe',52),
	(737,'Pertek',62),
	(738,'Pervari',56),
	(739,'Pınarbaşı',37),
	(740,'Pınarbaşı',38),
	(741,'Pınarhisar',39),
	(742,'Piraziz',28),
	(743,'Polateli',79),
	(744,'Polatlı',6),
	(745,'Posof',75),
	(746,'Pozantı',1),
	(747,'Pursaklar',6),
	(748,'Pülümür',62),
	(749,'Pütürge',44),
	(750,'Refahiye',24),
	(751,'Reşadiye',60),
	(752,'Reyhanlı',31),
	(753,'Rize',53),
	(754,'Safranbolu',78),
	(755,'Saimbeyli',1),
	(756,'Salıpazarı',55),
	(757,'Salihli',45),
	(758,'Samandağ',31),
	(759,'Samsat',2),
	(760,'Sancaktepe',34),
	(761,'Sandıklı',3),
	(762,'Sapanca',54),
	(763,'Saray',59),
	(764,'Saray',65),
	(765,'Saraydüzü',57),
	(766,'Saraykent',66),
	(767,'Sarayköy',20),
	(768,'Sarayönü',42),
	(769,'Sarıcakaya',26),
	(770,'Sarıçam',1),
	(771,'Sarıgöl',45),
	(772,'Sarıkamış',36),
	(773,'Sarıkaya',66),
	(774,'Sarıoğlan',38),
	(775,'Sarıveliler',70),
	(776,'Sarıyahşi',68),
	(777,'Sarıyer',340),
	(778,'Sarız',38),
	(779,'Saruhanlı',45),
	(780,'Sason',72),
	(781,'Savaştepe',10),
	(782,'Savur',47),
	(783,'Seben',14),
	(784,'Seferihisar',35),
	(785,'Selçuk',35),
	(786,'Selçuklu',42),
	(787,'Selendi',45),
	(788,'Selim',36),
	(789,'Senirkent',32),
	(790,'Serdivan',54),
	(791,'Serik',7),
	(792,'Serinhisar',20),
	(793,'Seydikemer',48),
	(794,'Seydiler',37),
	(795,'Seydişehir',42),
	(796,'Seyhan',1),
	(797,'Seyitgazi',26),
	(798,'Sındırgı',10),
	(799,'Siirt',56),
	(800,'Silifke',33),
	(801,'Silivri',340),
	(802,'Silopi',73),
	(803,'Silvan',21),
	(804,'Simav',43),
	(805,'Sinanpaşa',3),
	(806,'Sincan',6),
	(807,'Sincik',2),
	(808,'Sinop',57),
	(809,'Sivas',58),
	(810,'Sivaslı',64),
	(811,'Siverek',63),
	(812,'Sivrice',23),
	(813,'Sivrihisar',26),
	(814,'Solhan',12),
	(815,'Soma',45),
	(816,'Sorgun',66),
	(817,'Söğüt',11),
	(818,'Söğütlü',54),
	(819,'Söke',9),
	(820,'Sulakyurt',71),
	(821,'Sultanbeyli',34),
	(822,'Sultandağı',3),
	(823,'Sultangazi',340),
	(824,'Sultanhisar',9),
	(825,'Suluova',5),
	(826,'Sulusaray',60),
	(827,'Sumbas',80),
	(828,'Sungurlu',19),
	(829,'Sur',21),
	(830,'Suruç',63),
	(831,'Susurluk',10),
	(832,'Susuz',36),
	(833,'Suşehri',58),
	(834,'Süleymanpaşa',59),
	(835,'Süloğlu',22),
	(836,'Sürmene',61),
	(837,'Sütçüler',32),
	(838,'Şabanözü',18),
	(839,'Şahinbey',27),
	(840,'Şalpazarı',61),
	(841,'Şaphane',43),
	(842,'Şarkışla',58),
	(843,'Şarkikaraağaç',32),
	(844,'Şarköy',59),
	(845,'Şavşat',8),
	(846,'Şebinkarahisar',28),
	(847,'Şefaatli',66),
	(848,'Şehitkamil',27),
	(849,'Şehzadeler',45),
	(850,'Şemdinli',30),
	(851,'Şenkaya',25),
	(852,'Şenpazar',37),
	(853,'Şereflikoçhisar',6),
	(854,'Şırnak',73),
	(855,'Şile',34),
	(856,'Şiran',29),
	(857,'Şirvan',56),
	(858,'Şişli',340),
	(859,'Şuhut',3),
	(860,'Talas',38),
	(861,'Taraklı',54),
	(862,'Tarsus',33),
	(863,'Taşkent',42),
	(864,'Taşköprü',37),
	(865,'Taşlıçay',4),
	(866,'Taşova',5),
	(867,'Tatvan',13),
	(868,'Tavas',20),
	(869,'Tavşanlı',43),
	(870,'Tefenni',15),
	(871,'Tekkeköy',55),
	(872,'Tekman',25),
	(873,'Tepebaşı',26),
	(874,'Tercan',24),
	(875,'Termal',77),
	(876,'Terme',55),
	(877,'Tillo',56),
	(878,'Tire',35),
	(879,'Tirebolu',28),
	(880,'Tokat',60),
	(881,'Tomarza',38),
	(882,'Tonya',61),
	(883,'Toprakkale',80),
	(884,'Torbalı',35),
	(885,'Toroslar',33),
	(886,'Tortum',25),
	(887,'Torul',29),
	(888,'Tosya',37),
	(889,'Tufanbeyli',1),
	(890,'Tunceli',62),
	(891,'Turgutlu',45),
	(892,'Turhal',60),
	(893,'Tuşba',65),
	(894,'Tut',2),
	(895,'Tutak',4),
	(896,'Tuzla',34),
	(897,'Tuzluca',76),
	(898,'Tuzlukçu',42),
	(899,'Türkeli',57),
	(900,'Türkoğlu',46),
	(901,'Uğurludağ',19),
	(902,'Ula',48),
	(903,'Ulaş',58),
	(904,'Ulubey',52),
	(905,'Ulubey',64),
	(906,'Uluborlu',32),
	(907,'Uludere',73),
	(908,'Ulukışla',51),
	(909,'Ulus',74),
	(910,'Urla',35),
	(911,'Uşak',64),
	(912,'Uzundere',25),
	(913,'Uzunköprü',22),
	(914,'Ümraniye',34),
	(915,'Ünye',52),
	(916,'Ürgüp',50),
	(917,'Üsküdar',34),
	(918,'Üzümlü',24),
	(919,'Vakfıkebir',61),
	(920,'Varto',49),
	(921,'Vezirköprü',55),
	(922,'Viranşehir',63),
	(923,'Vize',39),
	(924,'Yağlıdere',28),
	(925,'Yahşihan',71),
	(926,'Yahyalı',38),
	(927,'Yakakent',55),
	(928,'Yakutiye',25),
	(929,'Yalıhüyük',42),
	(930,'Yalova',77),
	(931,'Yalvaç',32),
	(932,'Yapraklı',18),
	(933,'Yatağan',48),
	(934,'Yavuzeli',27),
	(935,'Yayladağı',31),
	(936,'Yayladere',12),
	(937,'Yazıhan',44),
	(938,'Yedisu',12),
	(939,'Yenice',17),
	(940,'Yenice',78),
	(941,'Yeniçağa',14),
	(942,'Yenifakılı',66),
	(943,'Yenimahalle',6),
	(944,'Yenipazar',9),
	(945,'Yenipazar',11),
	(946,'Yenişarbademli',32),
	(947,'Yenişehir',16),
	(948,'Yenişehir',21),
	(949,'Yenişehir',33),
	(950,'Yerköy',66),
	(951,'Yeşilhisar',38),
	(952,'Yeşilli',47),
	(953,'Yeşilova',15),
	(954,'Yeşilyurt',44),
	(955,'Yeşilyurt',60),
	(956,'Yığılca',81),
	(957,'Yıldırım',16),
	(958,'Yıldızeli',58),
	(959,'Yomra',61),
	(960,'Yozgat',66),
	(961,'Yumurtalık',1),
	(962,'Yunak',42),
	(963,'Yunusemre',45),
	(964,'Yusufeli',8),
	(965,'Yüksekova',30),
	(966,'Yüreğir',1),
	(967,'Zara',58),
	(968,'Zeytinburnu',340),
	(969,'Zile',60),
	(970,'Zonguldak',67),
	(971,'Kemalpaşa',8),
	(972,'Sultanhanı',68);

/*!40000 ALTER TABLE `districts` ENABLE KEYS */;
UNLOCK TABLES;


# Dump of table educational_background
# ------------------------------------------------------------

DROP TABLE IF EXISTS `educational_background`;

CREATE TABLE `educational_background` (
  `id` int(11) unsigned NOT NULL AUTO_INCREMENT,
  `education_level` enum('on-lisans','lisans','yuksek-lisans','doktora') DEFAULT NULL,
  `university_id` int(11) unsigned NOT NULL,
  `university_text` varchar(255) DEFAULT NULL,
  `university_section` varchar(255) DEFAULT NULL,
  `start_year` int(5) DEFAULT NULL,
  `end_year` int(5) DEFAULT NULL,
  `continues` tinyint(1) DEFAULT NULL,
  `user_id` int(11) unsigned NOT NULL,
  `created_at` datetime DEFAULT NULL,
  `updated_at` datetime DEFAULT NULL,
  PRIMARY KEY (`id`),
  KEY `educational_background_universities_id` (`university_id`),
  KEY `educational_background_users_id` (`user_id`),
  CONSTRAINT `educational_background_universities_id` FOREIGN KEY (`university_id`) REFERENCES `universities` (`id`) ON DELETE CASCADE ON UPDATE CASCADE,
  CONSTRAINT `educational_background_users_id` FOREIGN KEY (`user_id`) REFERENCES `users` (`id`) ON DELETE CASCADE ON UPDATE CASCADE
) ENGINE=InnoDB DEFAULT CHARSET=utf8;

LOCK TABLES `educational_background` WRITE;
/*!40000 ALTER TABLE `educational_background` DISABLE KEYS */;

INSERT INTO `educational_background` (`id`, `education_level`, `university_id`, `university_text`, `university_section`, `start_year`, `end_year`, `continues`, `user_id`, `created_at`, `updated_at`)
VALUES
	(4,'lisans',131,NULL,'Bilgisayar Mühendisliği',2013,2018,0,11,'2020-08-15 13:11:30',NULL),
	(5,'lisans',83,NULL,'psikoloji',2014,2018,0,12,'2020-08-15 13:21:52',NULL),
	(6,'lisans',105,NULL,'Mineral Processing Engineering',2010,2018,0,10,'2020-08-15 13:27:32',NULL),
	(7,'lisans',155,NULL,'Mimarlık',2013,2020,0,16,'2020-08-15 13:34:54',NULL),
	(8,'lisans',83,NULL,'Endüstri Mühendisliği',2013,2019,0,17,'2020-08-15 13:39:12',NULL),
	(9,'lisans',48,NULL,'Yönetim Bilişim Sistemleri',2018,0,1,18,'2020-08-15 13:51:16',NULL),
	(10,'lisans',56,NULL,'Bilgisayar ve Öğretim Teknolojileri Öğretmenliği',2015,2020,0,19,'2020-08-15 13:52:03',NULL),
	(11,'lisans',63,NULL,'Endüstri Mühendisliği',2015,2020,0,22,'2020-08-15 14:16:02',NULL),
	(12,'lisans',29,NULL,'Dijital Oyun Tasarımı',2017,0,1,24,'2020-08-15 14:31:24',NULL),
	(13,'lisans',102,NULL,'ULUSLARARASI TİCARET VE FİNANSMAN',2016,0,1,25,'2020-08-15 15:53:59',NULL),
	(14,'lisans',25,NULL,'Shanghai Normal Üniversitesinde Çince Ticaret Bölümü',2008,2013,0,21,'2020-08-15 15:55:56',NULL),
	(15,'lisans',133,NULL,'Güzel Sanatlar Fakültesi- Resim',2013,2017,0,26,'2020-08-15 21:11:42',NULL),
	(17,'lisans',37,NULL,'İletişim Tasarımı',2017,0,1,32,'2020-08-17 11:24:28',NULL),
	(18,'on-lisans',133,NULL,'Bilgisayar Programcılığı (Uzaktan)',2019,0,1,34,'2020-08-17 12:57:10',NULL),
	(19,'lisans',161,NULL,'Makina Mühendisliği (Terk)',2011,2018,0,34,'2020-08-17 12:58:02',NULL),
	(20,'lisans',153,NULL,'Endüstri Ürünleri Tasarımı',2004,2009,0,35,'2020-08-17 15:05:25',NULL),
	(22,'lisans',87,NULL,'Computer Engineering',2013,2017,0,39,'2020-08-17 19:24:42',NULL),
	(24,'on-lisans',7,NULL,'İnşaat',2008,2010,0,41,'2020-08-17 22:00:31',NULL),
	(25,'lisans',166,NULL,'Maden Mühendisliği',2010,2015,0,41,'2020-08-17 22:01:15',NULL),
	(26,'lisans',107,NULL,'Felsefe',2016,0,1,46,'2020-08-18 13:26:56',NULL),
	(27,'lisans',105,NULL,'İMALAT MÜHENDİSLİĞİ',2015,2020,0,44,'2020-08-18 13:54:32',NULL),
	(28,'lisans',90,NULL,'Dijital Oyun Tasarımı',2015,2020,0,47,'2020-08-18 14:43:57',NULL),
	(29,'lisans',33,NULL,'Grafik Tasarım',2003,2007,0,50,'2020-08-19 20:24:03',NULL),
	(30,'lisans',50,NULL,'Grafik Tasarım',2010,2014,0,51,'2020-08-19 20:25:40',NULL),
	(31,'lisans',58,NULL,'Elektrik Elektronik Mühendisliği',2016,2020,0,54,'2020-08-20 18:30:09',NULL),
	(32,'yuksek-lisans',120,NULL,'Bilgisayar Mühendisliği',2019,0,1,59,'2020-08-22 15:11:26',NULL),
	(33,'lisans',66,NULL,'bilgisayar mühendisliği',2013,2019,0,59,'2020-08-22 15:14:56',NULL),
	(34,'lisans',127,NULL,'Ekonomi (ÇAP:İşletme)',2015,2020,0,60,'2020-08-22 19:12:45',NULL),
	(35,'lisans',120,NULL,'Bilgisayar Mühendisliği',2013,2019,0,62,'2020-08-23 16:11:37',NULL),
	(36,'lisans',151,NULL,'GÖRSEL İLETİŞİM TASARIMI',2017,0,1,64,'2020-08-23 17:59:09',NULL),
	(37,'lisans',16,NULL,'Radyo - Televizyon',2013,0,1,63,'2020-08-23 23:16:47',NULL),
	(38,'lisans',74,NULL,'İşletme',2011,2016,0,65,'2020-08-24 08:07:28',NULL),
	(39,'lisans',57,NULL,'çizgi film ve animasyon',2015,2019,0,66,'2020-08-24 13:40:42',NULL),
	(40,'lisans',153,NULL,'Metalurji ve Malzeme Mühendisliği',2015,2020,0,67,'2020-08-24 15:53:42',NULL),
	(41,'lisans',16,NULL,'Tarih',2018,0,1,73,'2020-08-26 09:05:02',NULL),
	(42,'lisans',16,NULL,'Tarih',2018,0,1,73,'2020-08-26 09:05:04',NULL),
	(43,'lisans',16,NULL,'Tarih',2018,0,1,73,'2020-08-26 09:05:07',NULL),
	(44,'lisans',16,NULL,'Tarih',2018,0,1,73,'2020-08-26 09:05:09',NULL),
	(45,'lisans',16,NULL,'Tarih',2018,0,1,73,'2020-08-26 09:05:09',NULL),
	(46,'lisans',16,NULL,'Tarih',2018,0,1,73,'2020-08-26 09:05:32',NULL),
	(47,'lisans',16,NULL,'Tarih',2018,0,1,73,'2020-08-26 09:05:34',NULL),
	(48,'lisans',10,NULL,'Grafik',2009,2014,0,74,'2020-08-26 14:46:11',NULL),
	(49,'lisans',10,NULL,'Resim',2009,2014,0,74,'2020-08-26 14:46:17',NULL),
	(50,'lisans',10,NULL,'Grafik',2009,2011,0,74,'2020-08-26 14:46:25',NULL),
	(51,'lisans',10,NULL,'Grafik',2009,2014,0,74,'2020-08-26 14:49:14',NULL),
	(52,'lisans',10,NULL,'Grafik',2009,2014,0,74,'2020-08-26 14:49:17',NULL),
	(53,'lisans',71,NULL,'Bilgisayar Mühendisliği',2015,2020,0,76,'2020-08-26 22:04:16',NULL),
	(54,'lisans',71,NULL,'Bilgisayar Mühendisliği',2015,2020,0,76,'2020-08-26 22:04:21',NULL),
	(55,'lisans',71,NULL,'Bilgisayar Mühendisliği',2015,2020,0,76,'2020-08-26 22:04:40',NULL),
	(56,'lisans',71,NULL,'Bilgisayar Mühendisliği',2015,2019,0,76,'2020-08-26 22:04:43',NULL),
	(57,'lisans',71,NULL,'Bilgisayar Mühendisliği',2015,2020,0,76,'2020-08-26 22:04:49',NULL),
	(58,'lisans',71,NULL,'Bilgisayar Mühendisliği',2015,2020,0,76,'2020-08-26 22:04:57',NULL),
	(59,'lisans',71,NULL,'BilgisayarMühendisliği',2015,2020,0,76,'2020-08-26 22:05:01',NULL),
	(60,'lisans',71,NULL,'BilgisayarMühendisliği',2015,0,1,76,'2020-08-26 22:05:09',NULL),
	(61,'lisans',71,NULL,'BilgisayarMühendisliği',2015,2020,0,76,'2020-08-26 22:05:12',NULL),
	(62,'lisans',71,NULL,'Bilgisayar Mühendisliği',2015,2020,0,76,'2020-08-26 22:05:39',NULL),
	(63,'lisans',71,NULL,'Bilgisayar Mühendisliği',2013,2020,0,76,'2020-08-26 22:05:43',NULL),
	(64,'lisans',71,NULL,'Bilgisayar Mühendisliği',2013,2019,0,76,'2020-08-26 22:05:46',NULL),
	(65,'lisans',71,NULL,'Bilgisayar Mühendisliği',2015,2020,0,76,'2020-08-26 22:05:52',NULL),
	(71,'on-lisans',126,NULL,'Fotograf ve Kamera',2010,2012,0,82,'2020-08-28 20:36:00',NULL),
	(72,'lisans',181,NULL,'İletişim Tasarımı',2017,0,1,83,'2020-08-28 23:56:17',NULL),
	(73,'lisans',181,NULL,'İletişim Tasarımı',2017,0,1,83,'2020-08-28 23:56:22',NULL),
	(74,'lisans',181,NULL,'İletişim Tasarımı',2017,0,1,83,'2020-08-28 23:56:35',NULL),
	(75,'lisans',181,NULL,'İletisim Tasarimi',2017,0,1,83,'2020-08-28 23:57:00',NULL),
	(76,'lisans',181,NULL,'İletişim Tasarımı',2017,0,1,83,'2020-08-28 23:57:55',NULL),
	(77,'lisans',181,NULL,'İletişim Tasarımı',2017,2020,0,83,'2020-08-28 23:58:04',NULL),
	(78,'lisans',181,NULL,'İletişim Tasarımı',2017,0,1,83,'2020-08-28 23:58:06',NULL),
	(79,'lisans',161,NULL,'Bilgisayar Mühendisliği',2016,2020,0,85,'2020-08-29 21:17:52',NULL),
	(80,'lisans',161,NULL,'Bilgisayar Mühendisliği',2016,2020,0,85,'2020-08-29 21:17:54',NULL),
	(81,'lisans',161,NULL,'Bilgisayar mühendisliği',2016,2020,0,85,'2020-08-29 21:18:06',NULL),
	(82,'lisans',161,NULL,'Bilgisayar mühendisligi',2016,2020,0,85,'2020-08-29 21:18:10',NULL),
	(83,'lisans',161,NULL,'Computer Engineering',2016,2020,0,85,'2020-08-29 21:18:18',NULL),
	(84,'lisans',161,NULL,'PC',2016,2020,0,85,'2020-08-29 21:18:29',NULL),
	(85,'lisans',161,NULL,'Bilgisayar Mühendisliği',2016,2020,0,85,'2020-08-29 21:21:18',NULL),
	(86,'lisans',161,NULL,'İşletme',2016,2020,0,85,'2020-08-29 21:21:26',NULL),
	(87,'lisans',161,NULL,'Yazılım',2016,2020,0,85,'2020-08-29 21:21:32',NULL),
	(88,'lisans',161,NULL,'Bilgisayar Müh',2016,2020,0,85,'2020-08-29 21:21:41',NULL),
	(89,'lisans',161,NULL,'Computer Science',2016,2020,0,85,'2020-08-29 21:21:47',NULL),
	(90,'on-lisans',57,NULL,'Bilgisayar Programcılığı',2014,2016,0,86,'2020-08-30 17:27:10',NULL),
	(91,'on-lisans',57,NULL,'Bilgisayar Programcılığı',2014,2016,0,86,'2020-08-30 17:27:16',NULL),
	(92,'on-lisans',57,NULL,'Bilgisayar Programciligi',2014,2016,0,86,'2020-08-30 17:27:44',NULL),
	(93,'on-lisans',57,NULL,'Bilgisayar Program',2014,2016,0,86,'2020-08-30 17:28:24',NULL),
	(94,'on-lisans',57,NULL,'Bilgisayar Programcılığı',2014,2016,0,86,'2020-08-30 17:28:29',NULL),
	(97,'lisans',55,NULL,'Psikoloji',2014,2019,0,23,'2020-08-31 16:47:31',NULL),
	(102,'on-lisans',3,NULL,'akademia',2019,0,1,88,'2020-08-31 16:51:15',NULL),
	(103,'on-lisans',3,NULL,'akademia',2019,0,1,88,'2020-08-31 16:51:19',NULL),
	(104,'on-lisans',3,NULL,'akademia',2019,0,1,88,'2020-08-31 16:51:21',NULL),
	(115,'lisans',60,NULL,'Bilgisayar Muhendisligi',2017,0,1,75,'2020-09-03 16:23:18',NULL),
	(118,'lisans',37,NULL,'Dijital Oyun Tasarım',2018,0,1,94,'2020-09-03 18:38:00',NULL),
	(119,'lisans',131,NULL,'Bilgisayar Mühendisliği',2016,2018,0,95,'2020-09-04 21:55:58','2020-09-04 21:57:48'),
	(120,'lisans',113,NULL,'Makine Mühendisliği',2018,0,1,95,'2020-09-04 21:56:02',NULL),
	(123,'lisans',133,NULL,'resim-iş',1998,2002,0,102,'2020-09-12 19:49:38',NULL),
	(124,'lisans',133,NULL,'resim',1998,2002,0,102,'2020-09-12 19:49:48',NULL),
	(125,'lisans',133,NULL,'resim',1998,2002,0,102,'2020-09-12 19:49:58',NULL),
	(126,'lisans',133,NULL,'resim',1998,2002,0,102,'2020-09-12 19:50:10',NULL),
	(127,'lisans',133,NULL,'resim',1998,0,1,102,'2020-09-12 19:50:16',NULL),
	(128,'lisans',133,NULL,'resim öğretmenliği',1998,2002,0,102,'2020-09-12 19:50:41',NULL),
	(129,'lisans',133,NULL,'resim ',1998,2002,0,102,'2020-09-12 19:51:00',NULL),
	(138,'on-lisans',138,NULL,'Foundation Degree in Art & Design',2015,2016,0,103,'2020-09-14 14:51:43',NULL),
	(140,'lisans',66,NULL,'Yazılım Mühendisliği',2014,2020,0,104,'2020-09-14 20:59:44',NULL),
	(145,'lisans',2,NULL,'makine',2019,2018,0,5,'2020-09-15 14:10:19',NULL),
	(156,'lisans',2,NULL,'Denek',2016,2020,0,106,'2020-09-16 00:19:07',NULL),
	(157,'lisans',1,NULL,'ss',2019,2019,0,106,'2020-09-16 00:20:04',NULL),
	(158,'lisans',1,NULL,'ss',2015,2019,0,106,'2020-09-16 00:20:09',NULL),
	(159,'yuksek-lisans',10,NULL,'ssjjjk',2015,2019,0,106,'2020-09-16 00:20:26',NULL),
	(160,'lisans',166,'','Bilgisayar mühendisliği',2012,2017,0,107,'2020-09-16 10:33:08',NULL),
	(161,'lisans',29,'','Elektrik ve Elektronik Mühendisliği',2012,2016,0,61,'2020-09-19 14:29:35',NULL),
	(162,'yuksek-lisans',50,'','Coğrafya',2017,2020,0,110,'2020-09-19 19:21:48',NULL),
	(163,'lisans',50,'','Coğrafya',2013,2017,0,110,'2020-09-19 19:22:09',NULL),
	(164,'on-lisans',9,'','Bankacilik ve sigortacilik',2015,0,1,113,'2020-09-22 13:53:00',NULL),
	(165,'lisans',105,'','Elektronik Mühendisliği',2007,2013,0,114,'2020-09-23 20:11:56',NULL),
	(166,'lisans',180,'','Biyomedikal Mühendisliği',2012,2019,0,116,'2020-09-24 13:32:24',NULL),
	(167,'on-lisans',126,'','İşletme yönetimi ',2017,2020,0,117,'2020-09-27 01:17:27',NULL),
	(168,'lisans',131,'','Yazılım Mühendisliği',2015,0,1,118,'2020-09-27 16:21:53',NULL),
	(169,'yuksek-lisans',94,'','İşletme',2014,2015,0,119,'2020-09-28 05:03:54',NULL),
	(170,'lisans',130,'','Mimarlık',2010,2015,0,120,'2020-09-29 11:24:53',NULL),
	(171,'on-lisans',16,'','Fotoğrafçılık ve Kameramanlık',2010,2013,0,123,'2020-10-01 12:56:41',NULL),
	(175,'lisans',56,'','Bilgisayar Mühendisliği',2015,0,1,127,'2020-10-04 02:48:07',NULL),
	(176,'lisans',126,'','Bilgisayar Mühendisliği ',2012,2018,0,128,'2020-10-05 01:50:24',NULL),
	(177,'on-lisans',126,'','Bilgisayar Programcılığı',2016,2019,0,129,'2020-10-05 13:37:15','2020-10-05 13:37:26'),
	(178,'on-lisans',18,'','Bilgisayar Programcılığı',2018,2020,0,130,'2020-10-05 16:04:11',NULL),
	(179,'lisans',1,'','öğretmenlik',2019,2020,0,132,'2020-10-08 16:15:25',NULL),
	(180,'lisans',0,'Kyrgizstan Devlet Universitesi','Hukuk',1998,2003,0,133,'2020-10-08 20:29:46',NULL),
	(181,'lisans',105,'','Endüstri Mühendisliği',2015,2019,0,136,'2020-10-10 00:06:39',NULL),
	(182,'on-lisans',25,'','Acil Durum ve Afet Yönetimi',2017,2020,0,143,'2020-10-11 21:23:39',NULL),
	(183,'lisans',161,'','Elektrik ve Elektronik Mühendisliği',2014,2018,0,143,'2020-10-11 21:26:56',NULL),
	(184,'lisans',16,'','İşletme',2006,2009,0,147,'2020-10-12 14:20:27',NULL),
	(185,'on-lisans',57,'','Bilgisayar Teknolojisi ve Programlama',2003,2005,0,147,'2020-10-12 14:21:01',NULL),
	(186,'lisans',147,'','Fizik',1999,2002,0,147,'2020-10-12 14:21:48',NULL),
	(187,'lisans',65,'','Grafik Tasarım',2016,2020,0,149,'2020-10-12 14:53:34',NULL),
	(188,'lisans',30,'','Endüstri Mühendisliği',2010,2015,0,152,'2020-10-12 15:19:29',NULL),
	(189,'lisans',85,'','Makine Mühendisliği',2012,2019,0,151,'2020-10-12 15:40:16',NULL),
	(190,'lisans',153,'','Endüstri Mühendisliği',2013,2019,0,154,'2020-10-12 22:20:25',NULL),
	(191,'lisans',0,'University of Calgary','Business Management',2017,2017,0,154,'2020-10-12 22:26:06',NULL),
	(192,'lisans',107,'','Çalışma Ekonomisi ve Endüstri İlişkileri',2010,2015,0,155,'2020-10-13 08:06:47',NULL),
	(193,'lisans',107,'','Yönetim Bilişim Sistemleri',2020,0,1,155,'2020-10-13 08:07:28',NULL),
	(194,'lisans',133,'','İşletme',2001,2005,0,156,'2020-10-13 08:46:58',NULL),
	(195,'lisans',56,'','Yonetim Bilisim Sistemleri',2015,2020,0,157,'2020-10-13 10:17:11',NULL),
	(196,'lisans',150,'','Bilgisayar Mühendisliği',2015,2017,0,158,'2020-10-13 10:53:39','2020-10-13 10:55:07'),
	(197,'on-lisans',93,'','Bilgisayar Programcılığı',2013,2015,0,158,'2020-10-13 10:54:57',NULL),
	(198,'lisans',36,'','Bilgisayar Mühendisliği',2015,2020,0,159,'2020-10-13 18:55:38',NULL),
	(199,'lisans',68,'','İşletme',2013,2019,0,163,'2020-10-20 19:42:30',NULL),
	(200,'lisans',107,'','Bilgisayar Mühendisliği',2017,0,1,165,'2020-10-20 20:27:06',NULL),
	(201,'lisans',2,'','İşletme',2019,0,1,167,'2020-10-21 22:05:44',NULL),
	(202,'lisans',131,'','Yazılım Mühendisliği',2013,2018,0,170,'2020-10-22 17:30:08',NULL),
	(203,'lisans',56,'','Çizgi Film ve Animasyon',2017,0,1,171,'2020-10-22 21:11:47',NULL),
	(204,'on-lisans',56,'','Bilgisayar Programcılığı',2017,2019,0,175,'2020-10-25 15:08:00',NULL),
	(205,'lisans',126,'','Bilgisayar Mühendisliği',2016,2020,0,177,'2020-11-01 17:05:05',NULL),
	(207,'lisans',29,'','İletişim Tasarımı',2015,0,1,178,'2020-11-02 19:30:23',NULL),
	(208,'lisans',43,'','Bilgisayar Mühendisliği',2019,0,1,181,'2020-11-04 18:19:33',NULL),
	(209,'lisans',51,'','Endüstri Mühendisliği',2015,2020,0,184,'2020-11-06 13:59:49',NULL),
	(210,'yuksek-lisans',76,'','mimarlık',2007,2009,0,188,'2020-11-07 09:56:33',NULL),
	(211,'lisans',76,'','Mimarlık',2000,2004,0,188,'2020-11-07 09:57:12',NULL),
	(212,'lisans',130,'','Çizgi Film Animasyon',2014,2019,0,124,'2020-11-09 04:24:23',NULL),
	(213,'lisans',16,'','Radyo ve TV',2020,0,1,189,'2020-11-10 00:06:38',NULL),
	(214,'on-lisans',133,'','Muhasebe',2001,2003,0,195,'2020-11-18 17:25:36','2020-11-18 17:25:40'),
	(215,'lisans',133,'','pazarlama',2000,2004,0,196,'2020-11-18 17:33:16',NULL),
	(217,'lisans',112,'','Software Engineering',2013,2018,0,199,'2020-11-19 18:52:10',NULL),
	(218,'lisans',161,'','Bilgisayar Müh',2015,2018,0,200,'2020-11-19 18:53:16',NULL),
	(219,'lisans',67,'','İşletme',2013,2019,0,201,'2020-11-23 10:12:36',NULL),
	(221,'lisans',29,'','Dijital Oyun Tasarımı',2016,0,1,203,'2020-11-23 19:49:00',NULL),
	(223,'on-lisans',0,'Yaptığım iş ile ilgisiz.','-',2009,2011,0,55,'2020-11-23 22:57:57',NULL),
	(224,'lisans',119,'','Bilgisayar Mühendisliği',2015,0,1,206,'2020-11-23 23:09:02',NULL),
	(225,'lisans',53,'','Bilgisayar Mühendisliği',2015,0,1,207,'2020-11-23 23:17:26',NULL),
	(226,'lisans',63,'','Bilgisayar Mühendisliği',2005,2010,0,208,'2020-11-24 00:09:49',NULL),
	(227,'lisans',55,'','görsel iletişim tasarım',2017,0,1,209,'2020-11-24 00:28:38',NULL),
	(228,'lisans',16,'','Çizgifilm ve Animasyon',2016,2020,0,212,'2020-11-24 03:45:20',NULL),
	(229,'lisans',29,'','Dijital Oyun Tasarımı',2017,0,1,213,'2020-11-24 09:25:15',NULL),
	(230,'lisans',153,'','Havacılık ve Uzay Mühendisliği ',2018,0,1,215,'2020-11-24 13:23:11',NULL),
	(231,'on-lisans',55,'','Grafik Tasarım',2009,2012,0,218,'2020-11-24 15:49:05',NULL),
	(232,'lisans',55,'','Görsel İletişim ve Tasarım',2015,2018,0,218,'2020-11-24 15:49:30',NULL),
	(233,'lisans',73,'','Radyo TV ve Sinema',2016,2020,0,223,'2020-11-25 00:44:14',NULL),
	(234,'lisans',74,'','Bilgisayar Müh.',2016,0,1,224,'2020-11-25 11:24:32',NULL),
	(235,'lisans',161,'','Görsel iletişim tasarımı',2015,0,1,226,'2020-11-25 14:41:49','2020-11-25 14:42:08'),
	(236,'yuksek-lisans',0,'UC Berkeley University','Marketing / Business Administration',2010,2011,0,227,'2020-11-25 17:55:46',NULL),
	(237,'lisans',83,'','Uluslararasi Iliskiler',2004,2009,0,227,'2020-11-25 17:56:19',NULL),
	(238,'lisans',126,'','Görsel İletişim Tasarımı',2015,0,1,228,'2020-11-25 18:48:59',NULL),
	(239,'yuksek-lisans',83,'','Isletme',1989,1993,0,229,'2020-11-25 20:05:12',NULL),
	(240,'lisans',163,'','Elektrik Elektronik Mühendisliği',2016,2020,0,231,'2020-11-25 22:17:10',NULL),
	(241,'lisans',107,'','Bilgisayar Mühendisliği ',2017,0,1,232,'2020-11-26 00:48:43',NULL),
	(242,'lisans',56,'','Arkeoloji',2016,2020,0,239,'2020-11-26 13:50:02',NULL),
	(243,'lisans',123,'','Bilgisayar Mühendisliği',2017,0,1,237,'2020-11-26 18:49:51',NULL),
	(244,'lisans',83,'','Endüstri Mühendisliği',2017,0,1,242,'2020-11-26 22:13:43',NULL),
	(245,'on-lisans',87,'','Grafik Tasarım',2017,2019,0,245,'2020-11-27 12:51:18',NULL),
	(246,'lisans',69,'','Gazetecilil',2011,2015,0,252,'2020-11-27 18:20:40',NULL),
	(247,'yuksek-lisans',59,'','Halkla İlişkiler ve Tanıtım Yüksek Lisans Programı',2016,0,1,252,'2020-11-27 18:21:09',NULL),
	(248,'lisans',133,'','Mekatronik Mühendisliği',2018,0,1,254,'2020-11-27 21:27:04',NULL),
	(249,'lisans',29,'','BÖTE',2016,2019,0,253,'2020-11-27 21:48:49',NULL),
	(250,'lisans',181,'','Matematik',2020,0,1,255,'2020-11-27 21:49:28',NULL),
	(251,'lisans',36,'','Mütercim-Tercümanlık(İngilizce)',2016,0,1,256,'2020-11-27 22:35:38',NULL),
	(252,'lisans',181,'','İnşaat Mühendisliği',2010,2016,0,257,'2020-11-28 00:36:04',NULL),
	(253,'lisans',144,'','Uçak mühendisliği',2018,0,1,258,'2020-11-28 00:46:17',NULL),
	(254,'lisans',175,'','Güzel sanatlar fakültesi dramatik- yazarlık',2016,0,1,259,'2020-11-28 02:37:46',NULL),
	(255,'on-lisans',135,'','Bilgisayar Teknolojileri',2018,2020,0,264,'2020-11-28 10:43:32',NULL),
	(256,'lisans',169,'','Endüstriyel Tasarım',2015,2020,0,265,'2020-11-28 11:11:53',NULL),
	(257,'lisans',166,'','Bilgisayar Mühendisliği',2016,2020,0,268,'2020-11-28 15:00:01',NULL),
	(258,'lisans',120,'','Tarih',2018,0,1,270,'2020-11-28 15:50:17',NULL),
	(259,'lisans',16,'','İletişim Tasarımı ve Yönetimi',2016,0,1,272,'2020-11-28 17:54:32',NULL),
	(260,'lisans',74,'','BÖTE',2017,0,1,273,'2020-11-28 20:30:42',NULL),
	(261,'on-lisans',10,'','Bilgisayar Programlama',2017,2019,0,274,'2020-11-28 20:49:07',NULL),
	(262,'lisans',148,'','Grafik Tasarım',2019,0,1,277,'2020-11-29 02:10:11',NULL),
	(263,'lisans',84,'','Bilgisayar Mühendisliği',2012,2017,0,280,'2020-11-29 10:09:21','2020-11-29 10:15:33'),
	(264,'lisans',16,'','Grafik tasarım',2009,2014,0,284,'2020-11-29 16:48:14',NULL),
	(265,'yuksek-lisans',57,'','Birleşik Sanatlar',2015,2019,0,284,'2020-11-29 16:50:42',NULL),
	(267,'lisans',168,'','Bilgisayar Mühendisliği',2015,2020,0,297,'2020-11-29 20:22:08',NULL),
	(268,'lisans',1,'','eee',2016,0,1,298,'2020-11-29 21:35:00',NULL),
	(269,'lisans',59,'','İngilizce Mütercim-Tercümanlık',2015,2019,0,300,'2020-11-29 22:06:52',NULL),
	(270,'lisans',107,'','Gazetecilik',2010,2014,0,301,'2020-11-29 22:20:35',NULL),
	(271,'lisans',43,'','Yönetim Bilişim Sistemleri',2014,0,1,302,'2020-11-29 22:32:01',NULL),
	(272,'lisans',16,'','Havacılık İşletmeciliği',2016,0,1,304,'2020-11-29 23:48:03',NULL),
	(273,'lisans',131,'','Yazılım Mühendisliği',2015,0,1,307,'2020-11-30 03:00:36',NULL),
	(274,'lisans',58,'','Bilgisayar Mühendisliği',2015,2019,0,306,'2020-11-30 03:01:16',NULL),
	(275,'lisans',36,'','Yazılım Mühendisliği(EN/TR)',2015,2020,0,309,'2020-11-30 03:11:08',NULL),
	(276,'lisans',16,'','Yönetim Bilişim Sistemleri',2020,0,1,309,'2020-11-30 03:11:28',NULL),
	(277,'yuksek-lisans',67,'','Management of Marketing Communications ',2020,0,1,314,'2020-11-30 16:05:32',NULL),
	(278,'on-lisans',172,'','Bilgisayar Mühendisliği',2017,0,1,316,'2020-11-30 16:53:33',NULL),
	(279,'lisans',88,'','Yeni Medya ve İletişim',2017,0,1,317,'2020-11-30 17:28:26',NULL),
	(281,'on-lisans',107,'','Adalet',2018,0,1,323,'2020-12-01 01:22:21',NULL),
	(282,'lisans',148,'','Bilgisayar Mühendisliği',2016,2020,0,323,'2020-12-01 01:22:58',NULL),
	(283,'lisans',138,'','Grafik Tasarım',2011,2017,0,283,'2020-12-01 15:33:22',NULL),
	(284,'lisans',58,'','mekatronik mühendisliği',2016,2020,0,332,'2020-12-01 16:54:48',NULL),
	(285,'lisans',36,'','Sahne ve gösteri sanatları yonetimi',2015,2019,0,333,'2020-12-01 17:07:20',NULL),
	(286,'lisans',169,'','Endüstriyel Tasarım ',2016,0,1,335,'2020-12-01 21:25:36',NULL),
	(287,'yuksek-lisans',74,'','Bilgisayar Animasyonu ve Oyun Teknolojileri',2019,0,1,338,'2020-12-01 21:59:50',NULL),
	(288,'on-lisans',179,'','Bilgisayar Programcılığı',2019,0,1,340,'2020-12-01 23:47:53',NULL),
	(289,'lisans',115,'','Yönetim Bilişim Sistemleri',2018,0,1,342,'2020-12-02 00:08:40',NULL),
	(290,'lisans',105,'','Fizik Mühendisliği',2017,0,1,343,'2020-12-02 00:57:57',NULL),
	(291,'on-lisans',7,'','Elektronik Teknolojisi',2019,0,1,346,'2020-12-02 04:38:21',NULL),
	(292,'lisans',171,'','Mütercim-Tercümanlık',2012,2017,0,348,'2020-12-02 08:45:33',NULL),
	(293,'lisans',74,'','İngiliz Dilbilimi',2014,2020,0,352,'2020-12-02 10:08:55',NULL),
	(294,'lisans',6,'','Bilgisayar Mühendisliği',2017,0,1,350,'2020-12-02 11:49:16',NULL),
	(296,'on-lisans',7,'','Bilgisayar programcılığı',2019,0,1,355,'2020-12-02 12:48:46',NULL),
	(297,'lisans',119,'','Elektrik Elektronik Mühendisliği',2018,0,1,356,'2020-12-02 12:53:23',NULL),
	(298,'lisans',131,'','Makine mühendisliği ',2006,2012,0,407,'2020-12-03 12:36:20',NULL);

/*!40000 ALTER TABLE `educational_background` ENABLE KEYS */;
UNLOCK TABLES;


# Dump of table game_choices
# ------------------------------------------------------------

DROP TABLE IF EXISTS `game_choices`;

CREATE TABLE `game_choices` (
  `id` int(11) unsigned NOT NULL AUTO_INCREMENT,
  `future_json` text,
  `past_json` text,
  `user_id` int(11) unsigned NOT NULL,
  `created_at` datetime DEFAULT NULL,
  `updated_at` datetime DEFAULT NULL,
  PRIMARY KEY (`id`),
  KEY `game_choices_users_id` (`user_id`),
  CONSTRAINT `game_choices_users_id` FOREIGN KEY (`user_id`) REFERENCES `users` (`id`) ON DELETE CASCADE ON UPDATE CASCADE
) ENGINE=InnoDB DEFAULT CHARSET=utf8;

LOCK TABLES `game_choices` WRITE;
/*!40000 ALTER TABLE `game_choices` DISABLE KEYS */;

INSERT INTO `game_choices` (`id`, `future_json`, `past_json`, `user_id`, `created_at`, `updated_at`)
VALUES
	(4,'[\"6\",\"7\"]','[\"7\"]',11,'2020-08-15 13:12:55',NULL),
	(5,'[\"6\",\"3\",\"7\"]','[\"6\"]',12,'2020-08-15 13:23:17',NULL),
	(6,'[\"6\",\"3\",\"7\",\"5\",\"4\",\"2\",\"1\"]','[\"6\",\"1\"]',16,'2020-08-15 13:38:10',NULL),
	(7,'[\"6\",\"7\"]','[\"6\"]',18,'2020-08-15 13:53:45',NULL),
	(8,'[\"6\",\"7\"]','[\"6\"]',19,'2020-08-15 13:53:55',NULL),
	(9,'[\"6\",\"5\",\"4\",\"2\",\"1\"]','[\"5\",\"4\",\"2\"]',22,'2020-08-15 14:22:03',NULL),
	(10,'[\"6\",\"3\",\"7\",\"5\"]','[\"6\",\"7\"]',21,'2020-08-15 14:57:21',NULL),
	(11,'[\"6\",\"3\",\"7\",\"4\",\"2\",\"1\"]','[\"6\",\"3\",\"7\",\"1\"]',24,'2020-08-15 15:19:58',NULL),
	(12,'[\"6\",\"7\",\"2\",\"1\"]','[\"7\"]',25,'2020-08-15 15:59:17',NULL),
	(13,'[\"6\",\"3\",\"7\",\"5\",\"4\",\"2\",\"1\"]','[\"6\"]',26,'2020-08-15 21:19:01',NULL),
	(15,'[\"6\",\"7\"]','[\"6\",\"7\"]',32,'2020-08-17 11:25:20',NULL),
	(16,'[\"6\",\"3\",\"7\",\"4\",\"1\"]','[\"6\"]',34,'2020-08-17 13:02:52',NULL),
	(18,'[\"4\",\"2\",\"1\"]','[\"6\",\"7\",\"1\"]',35,'2020-08-17 15:15:44',NULL),
	(19,'[\"6\",\"3\",\"7\",\"5\",\"4\",\"2\",\"1\"]','[\"6\",\"2\"]',39,'2020-08-17 19:20:26',NULL),
	(20,'[\"3\",\"7\",\"4\",\"2\",\"1\"]','[\"4\"]',41,'2020-08-17 22:08:29',NULL),
	(21,'[\"1\"]','[\"6\",\"7\",\"2\"]',46,'2020-08-18 13:40:59',NULL),
	(22,'[\"6\",\"3\",\"7\",\"5\",\"4\",\"2\"]','[\"7\",\"5\"]',44,'2020-08-18 13:55:58',NULL),
	(23,'[\"4\",\"2\",\"1\"]','[\"1\"]',47,'2020-08-18 14:58:37',NULL),
	(24,'[\"6\",\"7\"]','[\"7\"]',50,'2020-08-19 20:33:56',NULL),
	(25,'[\"6\",\"7\"]','[\"6\"]',54,'2020-08-20 18:31:51',NULL),
	(26,'[\"1\"]','[\"1\"]',55,'2020-11-23 22:08:55',NULL),
	(27,'[\"6\",\"7\",\"5\",\"2\"]','[\"6\",\"7\",\"2\"]',59,'2020-08-22 15:17:22',NULL),
	(28,'[\"6\",\"3\",\"7\",\"5\",\"4\",\"2\",\"1\"]','[\"6\"]',60,'2020-08-22 19:15:49',NULL),
	(29,'[\"6\",\"1\"]','[\"1\"]',62,'2020-08-23 16:21:46',NULL),
	(30,'[\"6\",\"3\",\"7\",\"5\",\"4\",\"2\",\"1\"]','[\"1\"]',64,'2020-08-23 18:02:08',NULL),
	(31,'[\"6\",\"3\",\"7\",\"5\",\"4\",\"2\",\"1\"]','[\"7\",\"1\"]',63,'2020-08-23 20:59:36',NULL),
	(32,'[\"6\",\"7\"]','[\"7\"]',66,'2020-08-24 13:42:30',NULL),
	(33,'[\"6\",\"3\",\"7\",\"5\",\"4\",\"2\"]','[\"6\",\"3\"]',67,'2020-08-24 16:00:19',NULL),
	(34,'[\"1\"]','[\"1\"]',70,'2020-08-25 18:18:43',NULL),
	(35,'[\"4\",\"1\"]','[\"1\"]',51,'2020-08-25 20:20:11',NULL),
	(36,'[\"1\"]','[\"1\"]',74,'2020-08-26 14:47:59',NULL),
	(37,'[\"6\",\"3\",\"7\",\"5\",\"4\",\"2\",\"1\"]','[\"7\"]',76,'2020-08-26 22:07:17',NULL),
	(38,'[\"6\",\"3\",\"1\"]','[\"6\"]',82,'2020-08-29 01:18:07',NULL),
	(39,'[\"6\",\"3\",\"7\",\"5\",\"4\",\"2\"]','[\"6\",\"7\"]',85,'2020-08-29 21:20:00',NULL),
	(40,'[\"6\",\"3\"]','[\"6\",\"7\"]',88,'2020-08-31 16:54:14',NULL),
	(41,'[\"6\"]','[\"3\"]',23,'2020-08-31 16:54:44',NULL),
	(42,'[\"6\",\"7\",\"2\"]','[\"7\",\"2\"]',75,'2020-09-03 15:41:08',NULL),
	(43,'[\"6\",\"7\",\"1\"]','[\"6\",\"7\"]',94,'2020-09-25 17:32:23',NULL),
	(44,'[\"6\",\"3\",\"7\",\"5\",\"4\",\"2\",\"1\"]','[\"2\"]',95,'2020-09-05 10:24:17',NULL),
	(45,'[\"6\",\"3\",\"7\",\"5\",\"4\",\"2\",\"1\"]','[\"6\",\"3\",\"7\",\"5\",\"4\",\"2\",\"1\"]',102,'2020-09-12 20:03:35',NULL),
	(46,'[\"6\",\"3\",\"7\",\"5\",\"4\",\"2\",\"1\"]','[\"7\",\"1\"]',103,'2020-09-14 14:37:46',NULL),
	(47,'[\"7\",\"1\"]','[\"7\"]',104,'2020-09-14 21:03:44',NULL),
	(49,'[\"3\"]','[\"6\"]',5,'2020-09-15 14:10:52',NULL),
	(50,'[\"2\"]','[\"1\"]',106,'2020-09-16 00:21:28',NULL),
	(51,'[\"6\",\"3\",\"7\",\"5\",\"4\",\"2\",\"1\"]','[\"1\"]',107,'2020-09-16 15:31:11',NULL),
	(52,'[\"1\"]','[\"1\"]',61,'2020-09-19 14:32:37',NULL),
	(53,'[\"7\",\"4\",\"2\"]','[\"2\"]',113,'2020-09-22 13:43:24',NULL),
	(54,'[\"6\",\"7\",\"4\",\"2\",\"1\"]','[\"6\",\"7\"]',114,'2020-09-23 20:48:57',NULL),
	(55,'[\"3\",\"7\",\"5\"]','[\"3\"]',116,'2020-09-24 13:36:11',NULL),
	(56,'[\"6\",\"3\",\"7\",\"5\",\"4\",\"2\",\"1\"]','[\"6\",\"2\"]',118,'2020-09-27 16:29:38',NULL),
	(57,'[\"6\",\"7\",\"5\",\"4\",\"1\"]','[\"1\"]',119,'2020-09-28 05:06:35',NULL),
	(58,'[\"6\",\"3\",\"7\",\"5\",\"4\",\"2\",\"1\"]','[\"6\",\"7\"]',120,'2020-09-29 11:29:23',NULL),
	(59,'[\"6\",\"3\",\"7\",\"5\",\"4\",\"2\",\"1\"]','[\"6\",\"7\",\"5\"]',123,'2020-10-01 13:01:29',NULL),
	(61,'[\"6\",\"3\",\"7\",\"5\",\"4\",\"2\",\"1\"]','[\"7\"]',126,'2020-10-02 16:31:42',NULL),
	(62,'[\"3\",\"1\"]','[\"1\"]',129,'2020-10-05 13:38:41',NULL),
	(63,'[\"3\",\"4\",\"1\"]','[\"6\",\"1\"]',130,'2020-10-05 16:05:36',NULL),
	(64,'[\"6\",\"7\",\"5\",\"1\"]','[\"7\"]',136,'2020-10-10 00:10:42',NULL),
	(65,'[\"1\"]','[\"6\",\"3\",\"2\",\"1\"]',147,'2020-10-12 14:32:35',NULL),
	(66,'[\"6\",\"3\",\"7\",\"5\",\"4\",\"2\",\"1\"]','[\"7\"]',151,'2020-10-12 15:41:40',NULL),
	(68,'[\"6\",\"3\",\"7\",\"5\",\"4\",\"2\",\"1\"]','[\"7\",\"1\"]',158,'2020-10-13 11:02:40',NULL),
	(69,'[\"6\",\"3\",\"7\",\"5\",\"4\",\"2\",\"1\"]','[\"7\",\"4\",\"1\"]',165,'2020-10-20 20:29:23',NULL),
	(70,'[\"6\",\"3\",\"7\",\"4\",\"1\"]','[\"6\",\"7\",\"1\"]',163,'2020-10-21 11:28:36',NULL),
	(71,'[\"1\"]','[\"1\"]',167,'2020-10-21 22:05:10',NULL),
	(72,'[\"7\",\"5\",\"2\"]','[\"3\",\"7\"]',171,'2020-10-22 21:16:00',NULL),
	(73,'[\"6\",\"3\",\"7\",\"5\",\"4\",\"2\",\"1\"]','[\"6\",\"7\"]',175,'2020-10-25 15:13:58',NULL),
	(74,'[\"5\",\"4\",\"1\"]','[\"1\"]',177,'2020-11-01 17:10:19',NULL),
	(75,'[\"7\"]','[\"7\",\"1\"]',178,'2020-11-02 19:32:30',NULL),
	(76,'[\"6\",\"3\",\"7\",\"5\",\"4\",\"2\",\"1\"]','[\"6\",\"7\"]',181,'2020-11-04 18:20:46',NULL),
	(77,'[\"6\",\"4\",\"2\"]','[\"1\"]',184,'2020-11-06 14:06:39',NULL),
	(78,'[\"1\"]','[\"1\"]',188,'2020-11-07 09:59:58',NULL),
	(79,'[\"6\",\"3\",\"7\",\"5\",\"1\"]','[\"7\"]',124,'2020-11-09 04:26:23',NULL),
	(80,'[\"6\",\"7\"]','[\"6\"]',189,'2020-11-10 00:19:18',NULL),
	(81,'[\"6\"]','[\"6\"]',195,'2020-11-18 17:28:26',NULL),
	(82,'[\"1\"]','[\"1\"]',196,'2020-11-18 17:37:14',NULL),
	(84,'[\"7\"]','[\"7\"]',200,'2020-11-19 18:53:51',NULL),
	(85,'[\"6\",\"4\",\"2\",\"1\"]','[\"2\",\"1\"]',199,'2020-11-19 19:08:53',NULL),
	(86,'[\"6\",\"3\",\"7\",\"5\",\"4\",\"2\",\"1\"]','[\"1\"]',201,'2020-11-23 10:15:11',NULL),
	(88,'[\"1\"]','[\"3\",\"1\"]',203,'2020-11-23 19:55:17',NULL),
	(90,'[\"1\"]','[\"7\",\"1\"]',206,'2020-11-23 23:09:41',NULL),
	(91,'[\"6\",\"7\",\"5\"]','[\"6\"]',207,'2020-11-23 23:21:39',NULL),
	(92,'[\"6\",\"5\",\"4\",\"2\",\"1\"]','[\"7\"]',208,'2020-11-24 00:13:00',NULL),
	(93,'[\"6\",\"3\",\"7\",\"4\",\"1\"]','[\"6\",\"7\"]',209,'2020-11-24 00:33:16',NULL),
	(94,'[\"3\",\"4\",\"1\"]','[\"1\"]',212,'2020-11-24 03:49:07',NULL),
	(95,'[\"6\",\"3\",\"7\",\"5\",\"4\",\"2\",\"1\"]','[\"7\",\"1\"]',213,'2020-11-24 09:29:34',NULL),
	(96,'[\"6\",\"3\",\"7\",\"5\",\"4\",\"2\",\"1\"]','[\"2\",\"1\"]',218,'2020-11-24 15:58:05',NULL),
	(97,'[\"6\",\"7\",\"5\",\"1\"]','[\"7\",\"1\"]',223,'2020-11-25 00:46:35',NULL),
	(98,'[\"6\",\"7\"]','[\"6\",\"7\"]',224,'2020-11-25 11:26:45',NULL),
	(99,'[\"6\",\"7\",\"5\",\"2\"]','[\"6\",\"7\",\"5\",\"2\"]',227,'2020-11-25 18:00:09',NULL),
	(100,'[\"6\",\"3\",\"7\",\"5\",\"4\",\"2\",\"1\"]','[\"6\",\"1\"]',228,'2020-11-25 18:55:13',NULL),
	(101,'[\"6\",\"3\",\"7\",\"5\",\"4\",\"2\",\"1\"]','[\"6\",\"5\",\"1\"]',231,'2020-11-25 22:18:25',NULL),
	(103,'[\"5\",\"4\",\"2\",\"1\"]','[\"1\"]',239,'2020-11-26 13:54:57',NULL),
	(104,'[\"3\",\"7\",\"2\",\"1\"]','[\"5\"]',242,'2020-11-26 22:14:52',NULL),
	(105,'[\"6\",\"4\",\"1\"]','[\"6\"]',245,'2020-11-27 13:08:29',NULL),
	(106,'[\"6\",\"7\",\"5\",\"4\",\"1\"]','[\"6\"]',237,'2020-11-27 13:44:07',NULL),
	(107,'[\"6\",\"7\",\"4\",\"1\"]','[\"1\"]',252,'2020-11-27 18:34:03',NULL),
	(108,'[\"6\",\"7\",\"1\"]','[\"6\",\"3\",\"7\",\"2\",\"1\"]',253,'2020-11-27 21:50:08',NULL),
	(109,'[\"5\",\"4\",\"1\"]','[\"6\"]',254,'2020-11-27 21:27:58',NULL),
	(110,'[\"6\",\"4\",\"1\"]','[\"4\"]',256,'2020-11-27 22:38:52',NULL),
	(111,'[\"6\",\"3\",\"7\",\"5\",\"4\",\"2\"]','[\"6\"]',257,'2020-11-28 00:38:29',NULL),
	(112,'[\"1\"]','[\"6\"]',258,'2020-11-28 00:48:00',NULL),
	(113,'[\"1\"]','[\"1\"]',259,'2020-11-28 02:38:32',NULL),
	(114,'[\"3\",\"2\",\"1\"]','[\"1\"]',264,'2020-11-28 10:45:11',NULL),
	(115,'[\"6\",\"3\",\"7\",\"5\",\"4\",\"2\"]','[\"7\"]',268,'2020-11-28 15:01:39',NULL),
	(116,'[\"1\"]','[\"3\"]',270,'2020-11-28 15:52:07',NULL),
	(117,'[\"6\",\"3\",\"7\",\"5\",\"4\",\"2\",\"1\"]','[\"1\"]',272,'2020-11-28 17:58:51',NULL),
	(118,'[\"6\",\"7\",\"5\",\"1\"]','[\"7\"]',273,'2020-11-28 20:32:17',NULL),
	(119,'[\"3\",\"4\",\"1\"]','[\"7\",\"1\"]',274,'2020-11-28 20:55:39',NULL),
	(120,'[\"7\",\"1\"]','[\"1\"]',277,'2020-11-29 02:15:58',NULL),
	(121,'[\"3\",\"4\",\"2\",\"1\"]','[\"1\"]',280,'2020-11-29 10:14:31',NULL),
	(122,'[\"3\",\"7\",\"5\",\"4\",\"2\",\"1\"]','[\"7\"]',284,'2020-11-29 17:00:06',NULL),
	(123,'[\"6\",\"4\",\"2\",\"1\"]','[\"1\"]',282,'2020-11-29 18:53:52',NULL),
	(124,'[\"6\",\"3\",\"7\",\"5\",\"4\",\"2\",\"1\"]','[\"2\"]',297,'2020-11-29 20:23:09',NULL),
	(125,'[\"6\",\"3\",\"7\",\"5\",\"4\",\"2\",\"1\"]','[\"1\"]',301,'2020-11-29 22:23:28',NULL),
	(126,'[\"6\",\"7\",\"5\",\"4\",\"2\",\"1\"]','[\"6\",\"7\"]',304,'2020-11-29 23:55:53',NULL),
	(127,'[\"6\",\"7\",\"1\"]','[\"7\"]',307,'2020-11-30 03:02:02',NULL),
	(128,'[\"6\",\"3\",\"7\",\"5\",\"4\",\"2\",\"1\"]','[\"7\"]',309,'2020-11-30 03:12:17',NULL),
	(129,'[\"6\",\"7\",\"1\"]','[\"6\",\"7\",\"1\"]',306,'2020-11-30 03:43:09',NULL),
	(130,'[\"7\"]','[\"7\"]',314,'2020-11-30 16:27:24',NULL),
	(131,'[\"6\",\"3\",\"7\",\"5\",\"4\",\"2\",\"1\"]','[\"7\",\"5\"]',316,'2020-11-30 17:01:25',NULL),
	(132,'[\"3\",\"4\",\"1\"]','[\"6\",\"7\",\"1\"]',317,'2020-11-30 17:31:23',NULL),
	(133,'[\"6\",\"7\",\"5\",\"4\"]','[\"7\"]',283,'2020-12-01 15:44:15',NULL),
	(134,'[\"4\",\"1\"]','[\"1\"]',332,'2020-12-01 16:59:15',NULL),
	(135,'[\"3\",\"7\",\"2\",\"1\"]','[\"7\"]',335,'2020-12-01 21:35:08',NULL),
	(136,'[\"6\",\"3\",\"7\",\"5\",\"4\",\"2\",\"1\"]','[\"1\"]',338,'2020-12-01 22:36:45',NULL),
	(137,'[\"6\",\"3\",\"7\",\"5\",\"1\"]','[\"7\"]',340,'2020-12-01 23:50:55',NULL),
	(138,'[\"6\",\"7\",\"1\"]','[\"7\"]',342,'2020-12-02 00:09:29',NULL),
	(139,'[\"1\"]','[\"1\"]',346,'2020-12-02 04:40:33',NULL),
	(140,'[\"6\",\"3\",\"7\",\"5\",\"4\",\"2\",\"1\"]','[\"6\",\"4\",\"1\"]',348,'2020-12-02 08:46:54',NULL),
	(141,'[\"6\",\"3\",\"7\",\"1\"]','[\"7\"]',350,'2020-12-02 11:58:08',NULL),
	(142,'[\"3\",\"1\"]','[\"3\",\"2\",\"1\"]',355,'2020-12-02 12:50:18',NULL),
	(143,'[\"7\",\"2\",\"1\"]','[\"7\",\"2\",\"1\"]',356,'2020-12-02 12:55:52',NULL);

/*!40000 ALTER TABLE `game_choices` ENABLE KEYS */;
UNLOCK TABLES;


# Dump of table games
# ------------------------------------------------------------

DROP TABLE IF EXISTS `games`;

CREATE TABLE `games` (
  `id` int(11) unsigned NOT NULL AUTO_INCREMENT,
  `title` varchar(255) DEFAULT NULL,
  `created_at` datetime DEFAULT NULL,
  `updated_at` datetime DEFAULT NULL,
  PRIMARY KEY (`id`)
) ENGINE=InnoDB DEFAULT CHARSET=utf8;

LOCK TABLES `games` WRITE;
/*!40000 ALTER TABLE `games` DISABLE KEYS */;

INSERT INTO `games` (`id`, `title`, `created_at`, `updated_at`)
VALUES
	(1,'PC Yada Konsol',NULL,NULL),
	(2,'Mobil - Simulasyon',NULL,NULL),
	(3,'Mobil - FPS',NULL,NULL),
	(4,'Mobil - RPG',NULL,NULL),
	(5,'Mobil - Idle',NULL,NULL),
	(6,'Mobil - Casual',NULL,NULL),
	(7,'Mobil - Hyper Casual',NULL,NULL);

/*!40000 ALTER TABLE `games` ENABLE KEYS */;
UNLOCK TABLES;


# Dump of table personal_informations
# ------------------------------------------------------------

DROP TABLE IF EXISTS `personal_informations`;

CREATE TABLE `personal_informations` (
  `id` int(11) unsigned NOT NULL AUTO_INCREMENT,
  `phone` varchar(100) DEFAULT NULL,
  `position_id` int(11) unsigned NOT NULL,
  `city_id` int(11) unsigned NOT NULL,
  `city_json` text,
  `user_id` int(11) unsigned NOT NULL,
  `created_at` datetime DEFAULT NULL,
  `updated_at` datetime DEFAULT NULL,
  PRIMARY KEY (`id`),
  KEY `personal_informations_users_id` (`user_id`),
  KEY `personal_informations_cities_id` (`city_id`),
  KEY `personal_informations_positions_id` (`position_id`),
  CONSTRAINT `personal_informations_cities_id` FOREIGN KEY (`city_id`) REFERENCES `cities` (`id`) ON DELETE CASCADE ON UPDATE CASCADE,
  CONSTRAINT `personal_informations_positions_id` FOREIGN KEY (`position_id`) REFERENCES `positions` (`id`) ON DELETE CASCADE ON UPDATE CASCADE,
  CONSTRAINT `personal_informations_users_id` FOREIGN KEY (`user_id`) REFERENCES `users` (`id`) ON DELETE CASCADE ON UPDATE CASCADE
) ENGINE=InnoDB DEFAULT CHARSET=utf8;

LOCK TABLES `personal_informations` WRITE;
/*!40000 ALTER TABLE `personal_informations` DISABLE KEYS */;

INSERT INTO `personal_informations` (`id`, `phone`, `position_id`, `city_id`, `city_json`, `user_id`, `created_at`, `updated_at`)
VALUES
	(4,'5363073070',22,10,'[\"6\",\"35\",\"20\",\"26\"]',11,'2020-08-15 13:14:59',NULL),
	(5,'+905337441185',20,340,'[\"340\"]',12,'2020-08-15 13:20:53',NULL),
	(6,'05305693223',16,34,'[\"340\",\"34\",\"35\"]',10,'2020-08-15 13:26:32',NULL),
	(7,'05382121255',15,67,'[\"340\",\"34\",\"6\"]',16,'2020-08-15 13:34:15',NULL),
	(8,'05530205564',22,1,'[\"41\"]',18,'2020-08-15 13:50:07',NULL),
	(9,'5316196769',20,1,'[\"340\",\"34\",\"6\",\"35\",\"1\",\"41\"]',19,'2020-08-15 13:51:04',NULL),
	(10,'05064742529',12,6,'[\"340\",\"34\",\"6\",\"35\",\"26\"]',22,'2020-08-15 14:15:32',NULL),
	(11,'05389357553',20,340,'[\"340\",\"34\",\"6\",\"35\",\"10\",\"26\"]',24,'2020-08-15 15:29:38',NULL),
	(12,'+905537295573',24,34,'[\"340\",\"34\"]',21,'2020-11-26 13:08:50',NULL),
	(13,'+905557547196',19,34,'[\"340\",\"34\"]',26,'2020-08-15 21:10:35',NULL),
	(15,'05455750925',15,34,'[\"340\",\"34\"]',32,'2020-08-17 11:23:06',NULL),
	(16,'05375012810',20,340,'[\"340\",\"34\"]',34,'2020-08-17 13:20:00',NULL),
	(17,'5555027898',20,35,'[\"35\"]',35,'2020-08-17 15:04:28',NULL),
	(19,'+905395846746',22,35,'[\"340\",\"34\",\"6\",\"35\"]',39,'2020-08-17 19:23:48',NULL),
	(20,'5312513991',23,34,'[\"34\"]',46,'2020-10-15 01:13:37',NULL),
	(21,'05303174139',16,34,'[\"340\",\"34\",\"35\"]',44,'2020-08-18 13:53:49',NULL),
	(22,'05414387497',15,340,'[\"340\",\"34\",\"26\"]',47,'2020-08-18 14:43:09',NULL),
	(23,'05324324616',12,34,'[\"340\",\"34\"]',48,'2020-08-19 12:22:07',NULL),
	(24,'05363444232',5,340,'[\"340\",\"34\"]',51,'2020-08-19 20:25:05',NULL),
	(25,'05377217648',22,34,'[\"340\",\"34\",\"6\",\"35\"]',54,'2020-08-20 19:20:30',NULL),
	(26,'05525069461',23,34,'[\"340\",\"34\",\"6\",\"35\"]',59,'2020-08-22 15:19:58',NULL),
	(27,'+905316246352',12,340,'[\"340\",\"34\",\"35\"]',60,'2020-08-22 19:12:02',NULL),
	(28,'05056156768',22,34,'[\"340\",\"34\",\"6\",\"35\",\"26\",\"38\"]',62,'2020-08-23 16:10:50',NULL),
	(29,'05316128040',20,53,'[\"340\",\"34\",\"55\"]',64,'2020-11-29 16:22:58',NULL),
	(30,'05065625441',20,48,'[\"340\",\"34\",\"35\",\"20\",\"26\",\"32\",\"45\",\"48\"]',41,'2020-08-23 20:03:33',NULL),
	(31,'5073795668',15,34,'[\"340\",\"34\",\"6\",\"35\"]',63,'2020-08-23 20:57:59',NULL),
	(32,'05350305720',18,34,'[\"340\",\"34\"]',66,'2020-08-24 13:39:51',NULL),
	(33,'05337771813',16,340,'[\"340\",\"34\"]',67,'2020-08-24 16:01:29',NULL),
	(34,'05053536217',5,34,'[\"340\",\"34\"]',50,'2020-08-25 10:42:20',NULL),
	(35,'5413240167',15,6,'[\"6\"]',72,'2020-08-25 20:58:49',NULL),
	(36,'05435371997',18,34,'[\"340\",\"34\"]',73,'2020-08-26 09:04:09',NULL),
	(37,'5368464240',15,7,'[\"7\"]',74,'2020-08-26 14:48:48',NULL),
	(38,'05357421345',22,34,'[\"340\",\"34\"]',76,'2020-08-26 22:03:42',NULL),
	(39,'05397809930',17,35,'[\"35\"]',82,'2020-08-28 20:34:31',NULL),
	(40,'5458515132',22,340,'[\"340\",\"34\",\"6\",\"35\"]',85,'2020-08-29 21:17:23',NULL),
	(41,'04554588988',6,340,'[\"340\",\"34\"]',88,'2020-08-31 16:50:35',NULL),
	(42,'5300401436',23,38,'[\"340\",\"34\",\"6\",\"35\"]',75,'2020-09-03 15:32:02',NULL),
	(43,'05465629923',22,340,'[\"340\"]',94,'2020-09-03 18:38:54',NULL),
	(44,'05372723608',15,35,'[\"340\",\"34\",\"6\",\"35\"]',95,'2020-09-04 21:57:02',NULL),
	(46,'5306131235',18,34,'[\"34\"]',102,'2020-09-12 19:48:31',NULL),
	(47,'05050327240',20,34,'[\"340\",\"34\"]',103,'2020-09-14 14:38:53',NULL),
	(48,'05074111423',22,10,'[\"340\",\"34\",\"6\",\"35\"]',104,'2020-09-14 21:06:35',NULL),
	(51,'1111111111',5,340,'[\"340\"]',5,'2020-09-15 14:10:08',NULL),
	(52,'5368554321',15,5,'[\"340\",\"34\"]',106,'2020-09-16 00:19:35',NULL),
	(53,'5542617433',9,6,'[\"6\"]',107,'2020-09-16 15:28:58',NULL),
	(54,'05348910364',22,34,'[\"340\",\"34\"]',61,'2020-09-19 14:28:51',NULL),
	(55,'05362076390',1,35,'[\"340\",\"34\",\"6\",\"35\",\"17\"]',110,'2020-09-19 19:21:22',NULL),
	(56,'05539112994',22,6,'[\"340\",\"34\",\"6\",\"35\"]',113,'2020-09-22 13:45:50',NULL),
	(57,'+905312972359',23,34,'[\"340\",\"34\",\"35\"]',114,'2020-09-23 20:11:22',NULL),
	(58,'05318431363',16,34,'[\"340\",\"34\"]',116,'2020-09-24 13:37:42',NULL),
	(59,'+905317014667',22,35,'[\"340\",\"34\",\"35\"]',118,'2020-09-27 16:22:33',NULL),
	(60,'05362178011',12,34,'[\"340\",\"34\",\"35\"]',119,'2020-09-28 05:03:14',NULL),
	(61,'05353386993',18,34,'[\"340\",\"34\",\"35\",\"26\",\"48\"]',120,'2020-09-29 11:23:28',NULL),
	(62,'05344104365',19,340,'[\"340\",\"34\"]',123,'2020-10-01 12:56:01',NULL),
	(64,'05350864602',6,340,'[\"340\",\"34\",\"41\"]',128,'2020-10-05 01:49:49',NULL),
	(65,'05319215754',9,34,'[\"34\"]',129,'2020-10-05 13:36:23',NULL),
	(66,'05424899500',22,6,'[\"340\",\"6\",\"35\"]',130,'2020-10-05 16:03:41',NULL),
	(67,'05384903472',16,340,'[\"340\",\"34\"]',136,'2020-10-10 00:11:38',NULL),
	(68,'5522902967',21,54,'[\"54\"]',143,'2020-10-11 21:26:04',NULL),
	(69,'05556909433',20,34,'[\"34\",\"35\"]',147,'2020-10-12 14:19:40',NULL),
	(70,'5522994815',20,35,'[\"340\",\"34\",\"6\",\"35\",\"1\",\"20\",\"26\"]',151,'2020-10-12 15:39:35',NULL),
	(71,'5054497573',16,340,'[\"340\",\"34\",\"6\",\"35\"]',154,'2020-10-12 22:12:51',NULL),
	(72,'05336161864',15,21,'[\"340\",\"34\",\"21\"]',156,'2020-11-02 15:48:17',NULL),
	(73,'5542617965',22,34,'[\"340\",\"34\"]',158,'2020-10-13 11:04:33',NULL),
	(74,'5316896596',22,340,'[\"340\",\"34\",\"35\"]',159,'2020-10-13 18:55:14',NULL),
	(75,'05069266642',22,340,'[\"340\",\"34\"]',165,'2020-10-20 20:25:46',NULL),
	(76,'05549641215',12,34,'[\"340\",\"34\",\"6\",\"35\"]',163,'2020-10-21 11:29:37',NULL),
	(77,'05415654578',19,340,'[\"340\",\"34\"]',167,'2020-10-21 22:04:43',NULL),
	(78,'5078868587',6,34,'[\"340\",\"34\"]',170,'2020-10-22 17:29:31',NULL),
	(79,'05315804145',20,6,'[\"340\",\"34\",\"6\",\"35\"]',171,'2020-10-22 21:11:00',NULL),
	(80,'05453045217',22,6,'[\"340\",\"34\",\"6\",\"35\",\"7\",\"9\",\"16\",\"20\",\"26\",\"27\",\"33\",\"40\",\"54\",\"77\"]',175,'2020-10-25 15:17:21',NULL),
	(81,'05532827377',22,34,'[\"340\",\"34\"]',177,'2020-11-01 17:02:31',NULL),
	(82,'05397902243',24,34,'[\"340\",\"34\"]',178,'2020-11-02 19:33:34',NULL),
	(83,'3439872429',23,6,'[\"340\"]',179,'2020-11-02 21:11:27',NULL),
	(84,'05458336194',20,340,'[\"340\",\"34\"]',180,'2020-11-03 17:12:46',NULL),
	(85,'05534368930',24,340,'[\"340\"]',181,'2020-11-04 18:19:08',NULL),
	(86,'05067359978',1,7,'[\"340\",\"34\",\"6\",\"35\"]',184,'2020-11-06 13:58:41',NULL),
	(87,'5336705714',20,34,'[\"340\",\"34\",\"7\"]',188,'2020-11-07 10:02:20',NULL),
	(88,'5558681929',20,34,'[\"340\",\"34\",\"6\",\"35\"]',124,'2020-11-09 04:23:54',NULL),
	(89,'5076884879',20,6,'[\"6\"]',189,'2020-11-10 00:05:19',NULL),
	(90,'0536337019',9,340,'[\"340\",\"34\",\"6\",\"35\"]',195,'2020-11-18 17:24:40',NULL),
	(91,'05321602305',17,340,'[\"340\"]',196,'2020-11-18 17:32:17',NULL),
	(93,'5347403803',23,340,'[\"340\"]',200,'2020-11-19 18:52:28',NULL),
	(94,'05077779254',23,340,'[\"340\",\"35\"]',199,'2020-11-19 19:10:23',NULL),
	(95,'5304728050',16,34,'[\"340\",\"34\"]',201,'2020-11-23 10:11:56',NULL),
	(97,'+905302816601',15,340,'[\"340\",\"35\"]',203,'2020-11-23 19:57:31',NULL),
	(98,'5064997476',20,340,'[\"340\",\"34\"]',204,'2020-11-23 20:37:21',NULL),
	(99,'5050935117',21,27,'[\"340\",\"34\",\"6\",\"35\"]',55,'2020-11-23 22:08:12',NULL),
	(100,'05417696451',20,16,'[\"340\",\"34\",\"6\",\"35\",\"16\"]',206,'2020-11-23 23:08:27',NULL),
	(101,'5419283718',20,1,'[\"1\"]',207,'2020-11-23 23:21:17',NULL),
	(102,'05050631819',6,6,'[\"6\"]',208,'2020-11-24 00:09:11',NULL),
	(103,'05352731723',20,340,'[\"340\",\"34\"]',209,'2020-11-24 00:33:59',NULL),
	(104,'05372440868',18,7,'[\"340\",\"34\",\"6\",\"35\",\"26\"]',212,'2020-11-24 03:43:54',NULL),
	(105,'05392956009',20,340,'[\"340\",\"34\"]',213,'2020-11-24 09:24:34',NULL),
	(106,'5544305232',20,34,'[\"340\",\"34\",\"35\",\"41\"]',218,'2020-11-24 15:47:55',NULL),
	(107,'05335637949',20,6,'[\"6\",\"9\"]',219,'2020-11-24 18:11:47',NULL),
	(108,'05376914461',15,61,'[\"340\",\"34\",\"6\",\"35\"]',223,'2020-11-25 00:49:25',NULL),
	(109,'05373298560',22,6,'[\"340\",\"34\",\"6\",\"35\",\"7\"]',224,'2020-11-25 11:24:07',NULL),
	(110,'5332435990',17,6,'[\"340\",\"34\",\"6\",\"35\"]',227,'2020-11-25 17:54:54',NULL),
	(111,'+905060977650',16,41,'[\"340\",\"34\",\"6\",\"35\",\"41\"]',228,'2020-11-25 18:48:24',NULL),
	(112,'5322777875',15,340,'[\"340\"]',229,'2020-11-25 20:04:20',NULL),
	(113,'5454655538',6,6,'[\"340\",\"34\",\"35\"]',231,'2020-11-25 22:16:42',NULL),
	(114,'5511226129',17,34,'[\"340\",\"34\"]',232,'2020-12-02 19:55:39',NULL),
	(115,'5445739766',15,35,'[\"340\",\"34\",\"6\",\"35\"]',239,'2020-11-26 13:59:21',NULL),
	(117,'5076657301',15,6,'[\"6\",\"35\"]',237,'2020-11-26 18:43:11',NULL),
	(118,'+905444907817',22,35,'[\"340\",\"34\",\"35\"]',242,'2020-11-26 22:13:11',NULL),
	(119,'5537709438',8,340,'[\"340\",\"7\"]',245,'2020-11-27 12:50:34',NULL),
	(120,'05465649304',8,35,'[\"340\",\"34\",\"6\",\"35\"]',252,'2020-11-27 18:20:13',NULL),
	(121,'+905530151548',23,34,'[\"340\",\"34\"]',253,'2020-11-27 21:24:27',NULL),
	(122,'05309613671',22,340,'[\"340\",\"34\"]',254,'2020-11-27 21:26:11',NULL),
	(123,'+905444019841',22,340,'[\"340\",\"34\"]',255,'2020-11-27 21:48:53',NULL),
	(124,'+905331347385',15,340,'[\"340\",\"34\"]',256,'2020-11-27 22:34:51',NULL),
	(125,'05558211818',14,35,'[\"340\",\"35\",\"48\"]',257,'2020-11-28 00:35:04',NULL),
	(126,'5435494539',1,42,'[\"42\"]',258,'2020-11-28 00:45:36',NULL),
	(127,'5418612371',15,16,'[\"340\",\"34\",\"35\",\"16\"]',259,'2020-11-28 02:37:02',NULL),
	(128,'05319716574',22,7,'[\"7\",\"26\"]',264,'2020-11-28 10:42:53',NULL),
	(129,'5442858225',20,6,'[\"6\",\"35\"]',265,'2020-11-28 11:11:04',NULL),
	(131,'+905318873344',22,16,'[\"340\",\"34\",\"16\"]',268,'2020-12-01 23:10:33',NULL),
	(132,'05437907713',17,35,'[\"340\",\"6\",\"35\"]',270,'2020-11-28 15:49:19',NULL),
	(133,'05353579470',2,34,'[\"34\"]',271,'2020-11-28 17:04:56',NULL),
	(134,'5438705318',12,6,'[\"340\",\"34\",\"6\",\"35\",\"26\"]',272,'2020-11-28 17:53:49',NULL),
	(135,'+905073473430',6,6,'[\"6\",\"35\"]',273,'2020-11-28 20:30:11',NULL),
	(136,'05389700849',21,34,'[\"340\",\"34\",\"6\",\"35\"]',274,'2020-11-28 20:48:37',NULL),
	(137,'05368276858',8,340,'[\"340\",\"34\"]',277,'2020-11-29 02:08:24',NULL),
	(138,'5435919675',21,44,'[\"340\",\"34\",\"35\"]',280,'2020-11-29 10:08:03',NULL),
	(139,'+905364656842',13,42,'[\"42\"]',282,'2020-11-29 11:31:22',NULL),
	(140,'05546810251',19,340,'[\"340\"]',284,'2020-11-29 16:47:02',NULL),
	(142,'05315559493',22,6,'[\"6\",\"35\"]',297,'2020-11-29 20:21:22',NULL),
	(143,'8655687654',16,34,'[\"6\",\"35\"]',298,'2020-11-29 21:34:36',NULL),
	(144,'05373259056',12,34,'[\"340\",\"34\"]',301,'2020-11-29 22:19:26',NULL),
	(145,'05530596396',15,35,'[\"340\",\"34\",\"35\"]',304,'2020-11-29 23:47:13',NULL),
	(146,'+905419264404',22,55,'[\"340\",\"34\",\"6\",\"35\",\"7\",\"20\",\"26\",\"41\",\"55\"]',306,'2020-11-30 22:20:12',NULL),
	(147,'05375664018',22,45,'[\"35\",\"45\"]',307,'2020-11-30 02:59:45',NULL),
	(148,'5383892223',22,340,'[\"340\",\"34\",\"35\",\"7\",\"16\",\"41\"]',309,'2020-11-30 03:10:36',NULL),
	(149,'05300667054',12,340,'[\"340\",\"34\"]',314,'2020-11-30 16:04:36',NULL),
	(150,'05522500186',15,6,'[\"6\"]',316,'2020-11-30 16:52:36',NULL),
	(151,'05380943162',20,340,'[\"340\",\"34\"]',317,'2020-11-30 17:27:28',NULL),
	(152,'5359534204',22,340,'[\"340\",\"34\"]',323,'2020-12-01 01:21:08',NULL),
	(153,'05384564902',19,340,'[\"340\",\"34\"]',283,'2020-12-01 15:32:50',NULL),
	(154,'05312778546',20,34,'[\"340\",\"34\"]',332,'2020-12-01 16:54:16',NULL),
	(155,'5300416378',8,340,'[\"340\"]',333,'2020-12-01 17:06:30',NULL),
	(156,'5374084182',20,78,'[\"340\",\"34\",\"6\"]',335,'2020-12-01 21:25:05',NULL),
	(157,'05423835029',20,35,'[\"340\",\"34\",\"6\",\"35\"]',338,'2020-12-01 21:58:52',NULL),
	(158,'5315221489',22,35,'[\"35\"]',340,'2020-12-01 23:47:27',NULL),
	(159,'05436700427',22,34,'[\"340\",\"34\"]',342,'2020-12-02 00:10:28',NULL),
	(160,'05512115687',10,26,'[\"340\",\"26\"]',346,'2020-12-02 04:37:34',NULL),
	(161,'+905449231488',8,340,'[\"340\",\"34\",\"6\",\"35\",\"7\",\"9\",\"17\",\"22\",\"33\",\"48\",\"59\"]',348,'2020-12-02 08:44:15',NULL),
	(162,'5342276896',14,34,'[\"340\",\"34\",\"6\"]',352,'2020-12-02 10:08:04',NULL),
	(163,'05064600514',23,64,'[\"340\",\"34\",\"6\",\"35\",\"9\",\"20\",\"26\"]',350,'2020-12-02 11:48:01',NULL),
	(164,'5443921730',20,35,'[\"35\"]',355,'2020-12-02 12:48:02',NULL),
	(165,'5384782465',15,340,'[\"340\"]',356,'2020-12-02 12:58:24',NULL);

/*!40000 ALTER TABLE `personal_informations` ENABLE KEYS */;
UNLOCK TABLES;


# Dump of table portfolios
# ------------------------------------------------------------

DROP TABLE IF EXISTS `portfolios`;

CREATE TABLE `portfolios` (
  `id` int(11) unsigned NOT NULL AUTO_INCREMENT,
  `name` varchar(255) DEFAULT NULL,
  `link` varchar(255) DEFAULT NULL,
  `user_id` int(11) unsigned NOT NULL,
  `created_at` datetime DEFAULT NULL,
  `updated_at` datetime DEFAULT NULL,
  PRIMARY KEY (`id`),
  KEY `portfolios_users_id` (`user_id`),
  CONSTRAINT `portfolios_users_id` FOREIGN KEY (`user_id`) REFERENCES `users` (`id`) ON DELETE CASCADE ON UPDATE CASCADE
) ENGINE=InnoDB DEFAULT CHARSET=utf8;

LOCK TABLES `portfolios` WRITE;
/*!40000 ALTER TABLE `portfolios` DISABLE KEYS */;

INSERT INTO `portfolios` (`id`, `name`, `link`, `user_id`, `created_at`, `updated_at`)
VALUES
	(2,'Bartu_Yurtseven_Portfolyo_2-81770.pdf',NULL,12,'2020-08-15 13:23:59',NULL),
	(3,'CV-Europass-56342.pdf',NULL,22,'2020-08-15 14:27:16',NULL),
	(4,'Portfolio_Link-85979.docx',NULL,24,'2020-08-15 15:26:42',NULL),
	(6,'SidretMangan_HyperCasual_Prototiplerden-29496.pdf',NULL,21,'2020-08-15 15:47:06',NULL),
	(7,'BirandaPortfolyo20-49034.pdf',NULL,26,'2020-08-15 22:00:23',NULL),
	(8,'Özkan_Gedik_3-36116.pdf',NULL,32,'2020-08-17 11:27:19',NULL),
	(11,'Mete_Yektay_Portfolio-69378.pdf',NULL,34,'2020-08-17 13:17:35',NULL),
	(14,'Kaan_Akgündoğdu-58646.pdf',NULL,54,'2020-08-20 20:00:08',NULL),
	(15,'Ahmet_Derya_FİLİZ-CV-22381.pdf',NULL,41,'2020-08-23 20:01:30',NULL),
	(16,'Melih_Karaol_CV-11842.pdf',NULL,51,'2020-08-25 20:20:25',NULL),
	(17,'Onur_BAKAN_CV-91079.pdf',NULL,85,'2020-08-29 21:20:20',NULL),
	(20,'murat_ergen_cv-84328.pdf',NULL,102,'2020-09-12 19:56:42',NULL),
	(24,'alicetincv-99411.docx',NULL,113,'2020-09-22 13:57:16',NULL),
	(25,'Güven_Sarı-20906.pdf',NULL,75,'2020-09-25 16:14:47',NULL),
	(27,'Alper_Akman_Cv-73914.pdf',NULL,120,'2020-09-29 11:33:25',NULL),
	(28,'yunusceyhan_cv-21004.pdf',NULL,123,'2020-10-01 13:01:55',NULL),
	(29,'Resume-Taygun-Sava_-79927.pdf','',46,'2020-10-15 01:12:47',NULL),
	(30,'','https://play.google.com/store/apps/developer?id=Lethekun',114,'2020-10-19 18:01:31',NULL),
	(31,'','https://github.com/Solideizer',165,'2020-10-20 20:29:42',NULL),
	(32,'','www.artstation.com/muharrem',167,'2020-10-21 22:07:11',NULL),
	(33,'','https://www.artstation.com/sozgura',171,'2020-10-22 21:16:37',NULL),
	(34,'','https://github.com/rynduse',175,'2020-10-25 15:14:04',NULL),
	(35,'','http://www.tarikbir.com',177,'2020-11-01 17:10:37',NULL),
	(36,'Özge_Sena_Deveci_CV-50980.pdf','',184,'2020-11-06 14:07:00',NULL),
	(37,'','https://www.behance.net/yurdakulenes',124,'2020-11-09 04:26:35',NULL),
	(38,'','yegenaga.tumblr.com',47,'2020-11-09 13:19:03',NULL),
	(39,'','behance.net',195,'2020-11-18 17:29:47',NULL),
	(40,'deneme-21794.pages','',196,'2020-11-18 17:41:09',NULL),
	(42,'','https://www.linkedin.com/in/arda-zeytin-0b0ab187/',199,'2020-11-19 19:09:16',NULL),
	(43,'CV-77726.pdf','https://batuhanatamal.carbonmade.com/',203,'2020-11-23 19:56:03',NULL),
	(46,'','https://docs.google.com/presentation/d/e/2PACX-1vQ2dy0yuYqBpgYWoyN1d4hnU6rLnyxYTZE66UAVLxUqI-iPtEhNB1aLIebsBTclX-jmKwumV13jONiB/pub?start=false&loop=false&delayms=3000&slide=id.g54b3841632_0_30',55,'2020-11-23 22:13:52',NULL),
	(47,'','https://www.artstation.com/berke',206,'2020-11-23 23:09:50',NULL),
	(48,'','https://LinkedIn.com/in/ahmetozsari',207,'2020-11-23 23:23:33',NULL),
	(49,'ugur_atmaca_resume-30816.pdf','',208,'2020-11-24 00:13:40',NULL),
	(50,'','https://lnkd.in/dEPsrck',209,'2020-11-24 00:31:21',NULL),
	(51,'Resume-32871.pdf','https://www.artstation.com/prvnikrev',212,'2020-11-24 03:51:16',NULL),
	(52,'','https://batu_can.artstation.com/',213,'2020-11-24 09:29:56',NULL),
	(53,'','https://www.ugurguneysu.com/',218,'2020-11-24 16:00:50',NULL),
	(54,'','https://apps.apple.com/qa/app/samurai-slash-arcade/id1527760748',223,'2020-11-25 00:47:31',NULL),
	(56,'','https://www.instagram.com/jellymonster_studios/',224,'2020-11-25 11:28:42',NULL),
	(57,'Kaan_Resume-pdf_2-31805.pdf','https://www.linkedin.com/in/kaan-kisakurek-a1533424/',227,'2020-11-25 18:00:54',NULL),
	(58,'CV_2-79833.pdf','',232,'2020-11-26 00:50:17',NULL),
	(59,'','https://www.behance.net/halilorhan',245,'2020-11-27 13:08:58',NULL),
	(60,'','https://hopemuchwood.itch.io/vortex',254,'2020-11-27 21:30:07',NULL),
	(61,'Ozans_Portfolio-60916.pdf','https://www.docdroid.net/DAusgnZ/cv-pdf',253,'2020-11-27 21:47:28',NULL),
	(62,'idrisdindar_cv-68545.pdf','',268,'2020-11-28 15:02:16',NULL),
	(63,'','https://www.linkedin.com/in/ahmet-çınar-3b54061a4/',273,'2020-11-28 20:32:44',NULL),
	(64,'','https://www.artstation.com/yemremrgl',64,'2020-11-29 16:23:39',NULL),
	(65,'','https://www.behance.net/aynurhanyildiz ',284,'2020-11-29 17:02:38',NULL),
	(66,'OrhanBaranCetin_CV-99811.pdf','',297,'2020-11-29 20:23:23',NULL),
	(68,'','https://batuhanculhaoglu.artstation.com/',317,'2020-11-30 17:31:31',NULL),
	(73,'','https://www.instagram.com/dorukaki',283,'2020-12-01 15:47:53',NULL),
	(74,'','https://www.youtube.com/watch?v=5usmk7LFRzs&t=12s',332,'2020-12-01 16:59:49',NULL),
	(76,'','(https://www.artstation.com/orhununal) (https://issuu.com/orhunal/docs/orhun_unal_portfolio)',335,'2020-12-01 21:40:24',NULL),
	(78,'','https://drive.google.com/file/d/1lULVB0Jjy4wrnAeSkYZ_KZv8uasgBktB/view?usp=sharing',338,'2020-12-01 22:34:30',NULL),
	(79,'Onder_Vatan_Résumé-88572.pdf','https://www.linkedin.com/in/önder-vatan-a361b1173/',348,'2020-12-02 08:48:53',NULL),
	(80,'Inverted_Circles-48430.pdf','',350,'2020-12-02 12:01:59',NULL);

/*!40000 ALTER TABLE `portfolios` ENABLE KEYS */;
UNLOCK TABLES;


# Dump of table positions
# ------------------------------------------------------------

DROP TABLE IF EXISTS `positions`;

CREATE TABLE `positions` (
  `id` int(11) unsigned NOT NULL AUTO_INCREMENT,
  `title` varchar(255) DEFAULT NULL,
  `created_at` datetime DEFAULT NULL,
  `updated_at` datetime DEFAULT NULL,
  PRIMARY KEY (`id`)
) ENGINE=InnoDB DEFAULT CHARSET=utf8;

LOCK TABLES `positions` WRITE;
/*!40000 ALTER TABLE `positions` DISABLE KEYS */;

INSERT INTO `positions` (`id`, `title`, `created_at`, `updated_at`)
VALUES
	(1,'Data Analyst',NULL,NULL),
	(2,'Game Optimization',NULL,NULL),
	(3,'Rigger',NULL,NULL),
	(4,'3D Animator',NULL,NULL),
	(5,'2D Animator',NULL,NULL),
	(6,'Back-End Developer',NULL,NULL),
	(7,'Data Scientist',NULL,NULL),
	(8,'Social Media Expert',NULL,NULL),
	(9,'Web Developer',NULL,NULL),
	(10,'Network Engineer',NULL,NULL),
	(11,'UA-Monetization Expert',NULL,NULL),
	(12,'Marketing Specialist',NULL,NULL),
	(13,'Music Producer',NULL,NULL),
	(14,'Level Designer',NULL,NULL),
	(15,'Game Designer',NULL,NULL),
	(16,'Product Manager',NULL,NULL),
	(17,'Game Director',NULL,NULL),
	(18,'Concept Artist',NULL,NULL),
	(19,'2D Artist',NULL,NULL),
	(20,'3D Artist',NULL,NULL),
	(21,'Unreal Developer',NULL,NULL),
	(22,'Unity Developer - JR',NULL,NULL),
	(23,'Unity Developer - Senior',NULL,NULL),
	(24,'Unity Developer - Mid',NULL,NULL);

/*!40000 ALTER TABLE `positions` ENABLE KEYS */;
UNLOCK TABLES;


# Dump of table posts
# ------------------------------------------------------------

DROP TABLE IF EXISTS `posts`;

CREATE TABLE `posts` (
  `id` int(11) unsigned NOT NULL AUTO_INCREMENT,
  `post_type` enum('duyuru','egitim','blog') DEFAULT NULL,
  `title` varchar(255) DEFAULT NULL,
  `detail` text,
  `photo` varchar(255) DEFAULT NULL,
  `created_at` datetime DEFAULT NULL,
  `updated_at` datetime DEFAULT NULL,
  PRIMARY KEY (`id`)
) ENGINE=InnoDB DEFAULT CHARSET=utf8;



# Dump of table programs
# ------------------------------------------------------------

DROP TABLE IF EXISTS `programs`;

CREATE TABLE `programs` (
  `id` int(11) unsigned NOT NULL AUTO_INCREMENT,
  `title` varchar(255) DEFAULT NULL,
  `photo` varchar(255) DEFAULT NULL,
  `created_at` datetime DEFAULT NULL,
  `updated_at` datetime DEFAULT NULL,
  PRIMARY KEY (`id`)
) ENGINE=InnoDB DEFAULT CHARSET=utf8;

LOCK TABLES `programs` WRITE;
/*!40000 ALTER TABLE `programs` DISABLE KEYS */;

INSERT INTO `programs` (`id`, `title`, `photo`, `created_at`, `updated_at`)
VALUES
	(1,'Sketch','programs/sketch.png',NULL,NULL),
	(2,'Cinema 4D','programs/cinema4d.png',NULL,NULL),
	(3,'Substance Painter','programs/substancepainter.png',NULL,NULL),
	(4,'Zbrush','programs/zbrush.png',NULL,NULL),
	(5,'Blender','programs/blender.png',NULL,NULL),
	(6,'FL Studio','programs/flstudio.png',NULL,NULL),
	(7,'Logic Pro','programs/logicpro.png',NULL,NULL),
	(8,'3DS Max','programs/3dsmax.png',NULL,NULL),
	(9,'Maya','programs/maya.png',NULL,NULL),
	(10,'HTML5','programs/html5.png',NULL,NULL),
	(11,'C#','programs/csharp.png',NULL,NULL),
	(12,'C++','programs/cplusplus.png',NULL,NULL),
	(13,'Adobe Illustrator','programs/illustrator.png',NULL,NULL),
	(14,'Adobe Photoshop','programs/photoshop.png',NULL,NULL),
	(15,'Unreal','programs/unreal.png',NULL,NULL),
	(16,'Unity','programs/unity.png',NULL,NULL),
	(17,'After Effects','programs/aftereffects.png',NULL,NULL);

/*!40000 ALTER TABLE `programs` ENABLE KEYS */;
UNLOCK TABLES;


# Dump of table universities
# ------------------------------------------------------------

DROP TABLE IF EXISTS `universities`;

CREATE TABLE `universities` (
  `id` int(11) unsigned NOT NULL AUTO_INCREMENT,
  `university` varchar(255) NOT NULL DEFAULT '',
  `status` tinyint(1) NOT NULL,
  PRIMARY KEY (`id`)
) ENGINE=InnoDB DEFAULT CHARSET=utf8;

LOCK TABLES `universities` WRITE;
/*!40000 ALTER TABLE `universities` DISABLE KEYS */;

INSERT INTO `universities` (`id`, `university`, `status`)
VALUES
	(0,'Diğer',1),
	(1,'Abant İzzet Baysal Üniversitesi',1),
	(2,'Abdullah Gül Üniversitesi',1),
	(3,'Acıbadem Mehmet Ali Aydınlar Üniversitesi',1),
	(4,'Adana Bilim Ve Teknoloji Üniversitesi',1),
	(5,'Adıyaman Üniversitesi',1),
	(6,'Adnan Menderes Üniversitesi',1),
	(7,'Afyon Kocatepe Üniversitesi',1),
	(8,'Ağrı İbrahim Çeçen Üniversitesi',1),
	(9,'Ahi Evran Üniversitesi',1),
	(10,'Akdeniz Üniversitesi',1),
	(11,'Aksaray Üniversitesi',1),
	(12,'Alanya Alaaddin Keykubat Üniversitesi',1),
	(13,'Alanya Hamdullah Emin Paşa Üniversitesi',1),
	(14,'Altınbaş Üniversitesi',1),
	(15,'Amasya Üniversitesi',1),
	(16,'Anadolu Üniversitesi',1),
	(17,'Ankara Sosyal Bilimler Üniversitesi',1),
	(18,'Ankara Üniversitesi',1),
	(19,'Ankara Yıldırım Beyazıt Üniversitesi',1),
	(20,'Antalya Akev Üniversitesi',1),
	(21,'Antalya Bilim Üniversitesi',1),
	(22,'Ardahan Üniversitesi',1),
	(23,'Artvin Çoruh Üniversitesi',1),
	(24,'Ataşehir Adıgüzel Meslek Yüksekokulu',1),
	(25,'Atatürk Üniversitesi',1),
	(26,'Atılım Üniversitesi',1),
	(27,'Avrasya Üniversitesi',1),
	(28,'Avrupa Meslek Yüksekokulu',1),
	(29,'Bahçeşehir Üniversitesi',1),
	(30,'Balıkesir Üniversitesi',1),
	(31,'Bandırma Onyedi Eylül Üniversitesi',1),
	(32,'Bartın Üniversitesi',1),
	(33,'Başkent Üniversitesi',1),
	(34,'Batman Üniversitesi',1),
	(35,'Bayburt Üniversitesi',1),
	(36,'Beykent Üniversitesi',1),
	(37,'Beykoz Üniversitesi',1),
	(38,'Bezm-İ Âlem Vakıf Üniversitesi',1),
	(39,'Bilecik Şeyh Edebali Üniversitesi',1),
	(40,'Bingöl Üniversitesi',1),
	(41,'Biruni Üniversitesi',1),
	(42,'Bitlis Eren Üniversitesi',1),
	(43,'Boğaziçi Üniversitesi',1),
	(44,'Bozok Üniversitesi',1),
	(45,'Bursa Teknik Üniversitesi',1),
	(46,'Bülent Ecevit Üniversitesi',1),
	(47,'Canik Başarı Üniversitesi',1),
	(48,'Cumhuriyet Üniversitesi',1),
	(49,'Çağ Üniversitesi',1),
	(50,'Çanakkale Onsekiz Mart Üniversitesi',1),
	(51,'Çankaya Üniversitesi',1),
	(52,'Çankırı Karatekin Üniversitesi',1),
	(53,'Çukurova Üniversitesi',1),
	(54,'Dicle Üniversitesi',1),
	(55,'Doğuş Üniversitesi',1),
	(56,'Dokuz Eylül Üniversitesi',1),
	(57,'Dumlupınar Üniversitesi',1),
	(58,'Düzce Üniversitesi',1),
	(59,'Ege Üniversitesi',1),
	(60,'Erciyes Üniversitesi',1),
	(61,'Erzincan Üniversitesi',1),
	(62,'Erzurum Teknik Üniversitesi',1),
	(63,'Eskişehir Osmangazi Üniversitesi',1),
	(64,'Faruk Saraç Tasarım Meslek Yüksekokulu',1),
	(65,'Fatih Sultan Mehmet Vakıf Üniversitesi',1),
	(66,'Fırat Üniversitesi',1),
	(67,'Galatasaray Üniversitesi',1),
	(68,'Gazi Üniversitesi',1),
	(69,'Gaziantep Üniversitesi',1),
	(70,'Gaziosmanpaşa Üniversitesi',1),
	(71,'Gebze Teknik Üniversitesi',1),
	(72,'Giresun Üniversitesi',1),
	(73,'Gümüşhane Üniversitesi',1),
	(74,'Hacettepe Üniversitesi',1),
	(75,'Hakkari Üniversitesi',1),
	(76,'Haliç Üniversitesi',1),
	(77,'Harran Üniversitesi',1),
	(78,'Hasan Kalyoncu Üniversitesi',1),
	(79,'Hitit Üniversitesi',1),
	(80,'Iğdır Üniversitesi',1),
	(81,'Işık Üniversitesi',1),
	(82,'İbn Haldun Üniversitesi',1),
	(83,'İhsan Doğramacı Bilkent Üniversitesi',1),
	(84,'İnönü Üniversitesi',1),
	(85,'İskenderun Teknik Üniversitesi',1),
	(86,'İstanbul 29 Mayıs Üniversitesi',1),
	(87,'İstanbul Arel Üniversitesi',1),
	(88,'İstanbul Aydın Üniversitesi',1),
	(89,'İstanbul Ayvansaray Üniversitesi',1),
	(90,'İstanbul Bilgi Üniversitesi',1),
	(91,'İstanbul Bilim Üniversitesi',1),
	(92,'İstanbul Esenyurt Üniversitesi',1),
	(93,'İstanbul Gedik Üniversitesi',1),
	(94,'İstanbul Gelişim Üniversitesi',1),
	(95,'İstanbul Kavram Meslek Yüksekokulu',1),
	(96,'İstanbul Kemerburgaz Üniversitesi',1),
	(97,'İstanbul Kent Üniversitesi',1),
	(98,'İstanbul Kültür Üniversitesi',1),
	(99,'İstanbul Medeniyet Üniversitesi',1),
	(100,'İstanbul Medipol Üniversitesi',1),
	(101,'İstanbul Rumeli Üniversitesi',1),
	(102,'İstanbul Sabahattin Zaim Üniversitesi',1),
	(103,'İstanbul Şehir Üniversitesi',1),
	(104,'İstanbul Şişli Meslek Yüksekokulu',1),
	(105,'İstanbul Teknik Üniversitesi',1),
	(106,'İstanbul Ticaret Üniversitesi',1),
	(107,'İstanbul Üniversitesi',1),
	(108,'İstanbul Yeni Yüzyıl Üniversitesi',1),
	(109,'İstinye Üniversitesi',1),
	(110,'İzmir Bakırçay Üniversitesi',1),
	(111,'İzmir Demokrasi Üniversitesi',1),
	(112,'İzmir Ekonomi Üniversitesi',1),
	(113,'İzmir Katip Çelebi Üniversitesi',1),
	(114,'İzmir Yüksek Teknoloji Enstitüsü',1),
	(115,'Kadir Has Üniversitesi',1),
	(116,'Kafkas Üniversitesi',1),
	(117,'Kahramanmaraş Sütçü İmam Üniversitesi',1),
	(118,'Kapadokya Üniversitesi',1),
	(119,'Karabük Üniversitesi',1),
	(120,'Karadeniz Teknik Üniversitesi',1),
	(121,'Karamanoğlu Mehmetbey Üniversitesi',1),
	(122,'Kastamonu Üniversitesi',1),
	(123,'Kırıkkale Üniversitesi',1),
	(124,'Kırklareli Üniversitesi',1),
	(125,'Kilis 7 Aralık Üniversitesi',1),
	(126,'Kocaeli Üniversitesi',1),
	(127,'Koç Üniversitesi',1),
	(128,'Konya Gıda Ve Tarım Üniversitesi',1),
	(129,'Kto Karatay Üniversitesi',1),
	(130,'Maltepe Üniversitesi',1),
	(131,'Manisa Celâl Bayar Üniversitesi',1),
	(132,'Mardin Artuklu Üniversitesi',1),
	(133,'Marmara Üniversitesi',1),
	(134,'Mef Üniversitesi',1),
	(135,'Mehmet Akif Ersoy Üniversitesi',1),
	(136,'Melikşah Üniversitesi',1),
	(137,'Mersin Üniversitesi',1),
	(138,'Mimar Sinan Güzel Sanatlar Üniversitesi',1),
	(139,'Muğla Sıtkı Koçman Üniversitesi',1),
	(140,'Munzur Üniversitesi',1),
	(141,'Mustafa Kemal Üniversitesi',1),
	(142,'Muş Alparslan Üniversitesi',1),
	(143,'Namık Kemal Üniversitesi',1),
	(144,'Necmettin Erbakan Üniversitesi',1),
	(145,'Nevşehir Hacı Bektaş Veli Üniversitesi',1),
	(146,'Niğde Ömer Halisdemir Üniversitesi',1),
	(147,'Niğde Üniversitesi',1),
	(148,'Nişantaşı Üniversitesi',1),
	(149,'Nuh Naci Yazgan Üniversitesi',1),
	(150,'Okan Üniversitesi',1),
	(151,'Ondokuz Mayıs Üniversitesi',1),
	(152,'Ordu Üniversitesi',1),
	(153,'Orta Doğu Teknik Üniversitesi',1),
	(154,'Osmaniye Korkut Ata Üniversitesi',1),
	(155,'Özyeğin Üniversitesi',1),
	(156,'Pamukkale Üniversitesi',1),
	(157,'Piri Reis Üniversitesi',1),
	(158,'Recep Tayyip Erdoğan Üniversitesi',1),
	(159,'Sabancı Üniversitesi',1),
	(160,'Sağlık Bilimleri Üniversitesi',1),
	(161,'Sakarya Üniversitesi',1),
	(162,'Sanko Üniversitesi',1),
	(163,'Selçuk Üniversitesi',1),
	(164,'Siirt Üniversitesi',1),
	(165,'Sinop Üniversitesi',1),
	(166,'Süleyman Demirel Üniversitesi',1),
	(167,'Şırnak Üniversitesi',1),
	(168,'Ted Üniversitesi',1),
	(169,'Tobb Ekonomi Ve Teknoloji Üniversitesi',1),
	(170,'Toros Üniversitesi',1),
	(171,'Trakya Üniversitesi',1),
	(172,'Türk Hava Kurumu Üniversitesi',1),
	(173,'Türk-Alman Üniversitesi',1),
	(174,'Ufuk Üniversitesi',1),
	(175,'Uludağ Üniversitesi',1),
	(176,'Uşak Üniversitesi',1),
	(177,'Üsküdar Üniversitesi',1),
	(178,'Yalova Üniversitesi',1),
	(179,'Yaşar Üniversitesi',1),
	(180,'Yeditepe Üniversitesi',1),
	(181,'Yıldız Teknik Üniversitesi',1),
	(182,'Yüksek İhtisas Üniversitesi',1),
	(183,'Yüzüncü Yıl Üniversitesi',1),
	(184,'Bâb-ı Âlem',1),
	(192,'Eskişehir Teknik Üniversitesi',1),
	(193,'Isparta Uygulamalı Bilimler Üniversitesi',1),
	(194,'Kayseri Üniversitesi',1),
	(195,'Kütahya Sağlık Bilimleri Üniversitesi',1),
	(196,'Lokman Hekim Üniversitesi',1),
	(197,'Sakarya Uygulamalı Bilimler Üniversitesi',1),
	(198,'Trabzon Üniversitesi',1),
	(199,'Ankara Hacı Bayram Veli Üniversitesi',1),
	(200,'Ankara Müzik ve Güzel Sanatlar Üniversitesi',1);

/*!40000 ALTER TABLE `universities` ENABLE KEYS */;
UNLOCK TABLES;


# Dump of table used_programs
# ------------------------------------------------------------

DROP TABLE IF EXISTS `used_programs`;

CREATE TABLE `used_programs` (
  `id` int(11) unsigned NOT NULL AUTO_INCREMENT,
  `program_id` int(11) unsigned NOT NULL,
  `duration` int(11) DEFAULT NULL,
  `user_id` int(11) unsigned NOT NULL,
  `created_at` datetime DEFAULT NULL,
  `updated_at` datetime DEFAULT NULL,
  PRIMARY KEY (`id`),
  KEY `used_programs_users_id` (`user_id`),
  KEY `used_programs_programs_id` (`program_id`),
  CONSTRAINT `used_programs_programs_id` FOREIGN KEY (`program_id`) REFERENCES `programs` (`id`) ON DELETE CASCADE ON UPDATE CASCADE,
  CONSTRAINT `used_programs_users_id` FOREIGN KEY (`user_id`) REFERENCES `users` (`id`) ON DELETE CASCADE ON UPDATE CASCADE
) ENGINE=InnoDB DEFAULT CHARSET=utf8;

LOCK TABLES `used_programs` WRITE;
/*!40000 ALTER TABLE `used_programs` DISABLE KEYS */;

INSERT INTO `used_programs` (`id`, `program_id`, `duration`, `user_id`, `created_at`, `updated_at`)
VALUES
	(4,8,3,5,'2020-08-15 11:08:37',NULL),
	(5,16,1,11,'2020-08-15 13:12:39',NULL),
	(6,13,3,12,'2020-08-15 13:22:41',NULL),
	(7,9,3,16,'2020-08-15 13:36:25',NULL),
	(8,14,8,16,'2020-08-15 13:36:35',NULL),
	(9,3,2,16,'2020-08-15 13:36:47',NULL),
	(10,16,2,16,'2020-08-15 13:36:59',NULL),
	(11,13,2,16,'2020-08-15 13:37:14',NULL),
	(12,14,1,17,'2020-08-15 13:47:57',NULL),
	(13,11,2,18,'2020-08-15 13:52:07',NULL),
	(14,16,2,18,'2020-08-15 13:53:53',NULL),
	(15,5,1,19,'2020-08-15 13:52:47',NULL),
	(16,16,2,19,'2020-08-15 13:52:58',NULL),
	(17,14,1,22,'2020-08-15 14:21:14',NULL),
	(18,16,3,21,'2020-08-15 14:52:26',NULL),
	(19,11,3,21,'2020-08-15 14:52:36',NULL),
	(20,8,1,24,'2020-08-15 15:15:01',NULL),
	(21,5,2,24,'2020-08-15 15:15:06',NULL),
	(22,9,3,24,'2020-08-15 15:17:52',NULL),
	(23,3,3,24,'2020-08-15 15:15:58',NULL),
	(24,14,5,24,'2020-08-15 15:16:08',NULL),
	(25,16,4,24,'2020-08-15 15:18:01',NULL),
	(26,15,3,24,'2020-08-15 15:16:35',NULL),
	(27,4,3,24,'2020-08-15 15:17:44',NULL),
	(29,13,2,26,'2020-08-15 21:16:27',NULL),
	(30,14,3,26,'2020-08-15 21:16:33',NULL),
	(31,5,1,26,'2020-08-15 21:16:39',NULL),
	(36,14,2,32,'2020-08-17 11:24:46',NULL),
	(37,16,1,32,'2020-08-17 11:24:58',NULL),
	(38,8,3,34,'2020-08-17 13:01:48',NULL),
	(39,14,2,34,'2020-08-17 13:00:47',NULL),
	(40,9,1,34,'2020-08-17 13:01:01',NULL),
	(41,3,2,34,'2020-08-17 13:01:16',NULL),
	(42,4,1,34,'2020-08-17 13:01:26',NULL),
	(43,16,1,34,'2020-08-17 13:01:42',NULL),
	(46,8,16,35,'2020-08-17 15:13:47',NULL),
	(47,13,10,35,'2020-08-17 15:13:56',NULL),
	(48,14,15,35,'2020-08-17 15:14:03',NULL),
	(49,9,12,35,'2020-08-17 15:14:20',NULL),
	(50,3,5,35,'2020-08-17 15:14:31',NULL),
	(51,16,6,35,'2020-08-17 15:14:40',NULL),
	(52,15,5,35,'2020-08-17 15:14:55',NULL),
	(53,4,1,35,'2020-08-17 15:15:02',NULL),
	(54,16,2,39,'2020-08-17 19:26:37',NULL),
	(55,8,7,41,'2020-08-17 22:05:41',NULL),
	(56,5,1,41,'2020-08-17 22:05:52',NULL),
	(57,16,1,25,'2020-08-18 10:40:14',NULL),
	(58,16,3,46,'2020-08-18 13:39:22',NULL),
	(59,15,1,46,'2020-08-18 13:39:29',NULL),
	(60,6,1,46,'2020-08-18 13:39:41',NULL),
	(61,14,4,46,'2020-08-18 13:39:54',NULL),
	(62,11,3,46,'2020-08-18 13:40:07',NULL),
	(63,10,3,46,'2020-08-18 13:40:20',NULL),
	(64,13,1,44,'2020-08-18 13:56:52',NULL),
	(65,14,5,47,'2020-08-18 14:56:33',NULL),
	(66,5,3,47,'2020-08-18 14:56:41',NULL),
	(67,11,4,47,'2020-08-18 14:56:52',NULL),
	(68,16,5,47,'2020-08-18 14:57:12',NULL),
	(69,15,1,47,'2020-08-18 14:57:53',NULL),
	(70,13,13,50,'2020-08-19 20:30:07',NULL),
	(71,14,13,50,'2020-08-19 20:30:17',NULL),
	(72,2,1,50,'2020-08-19 20:30:40',NULL),
	(73,11,1,54,'2020-08-20 18:30:51',NULL),
	(74,16,1,54,'2020-08-20 18:30:58',NULL),
	(75,12,1,54,'2020-08-20 18:31:14',NULL),
	(76,15,6,55,'2020-08-20 22:45:20',NULL),
	(77,14,5,59,'2020-08-22 15:15:43',NULL),
	(78,16,3,59,'2020-08-22 15:16:00',NULL),
	(79,11,8,59,'2020-08-22 15:16:16',NULL),
	(80,16,1,60,'2020-08-22 19:16:58',NULL),
	(81,12,2,62,'2020-08-23 16:19:57',NULL),
	(82,11,2,62,'2020-08-23 16:20:07',NULL),
	(83,9,1,62,'2020-08-23 16:20:19',NULL),
	(84,16,2,62,'2020-08-23 16:20:32',NULL),
	(85,14,1,62,'2020-08-23 16:20:47',NULL),
	(86,8,1,64,'2020-08-23 17:59:30',NULL),
	(87,3,1,64,'2020-08-23 17:59:40',NULL),
	(88,4,1,64,'2020-08-23 18:00:14',NULL),
	(89,14,4,64,'2020-08-23 18:00:31',NULL),
	(90,13,4,64,'2020-08-23 18:00:39',NULL),
	(92,16,5,63,'2020-08-23 20:59:03',NULL),
	(93,14,5,66,'2020-08-24 13:41:57',NULL),
	(94,10,1,67,'2020-08-24 16:02:37',NULL),
	(95,15,3,70,'2020-08-25 18:18:27',NULL),
	(97,13,13,51,'2020-08-25 20:10:34',NULL),
	(98,14,13,51,'2020-08-25 20:10:44',NULL),
	(100,17,5,51,'2020-08-25 20:18:06',NULL),
	(101,2,1,51,'2020-08-25 20:18:14',NULL),
	(102,13,10,74,'2020-08-26 14:46:40',NULL),
	(103,14,10,74,'2020-08-26 14:46:52',NULL),
	(104,17,5,74,'2020-08-26 14:46:59',NULL),
	(105,5,2,74,'2020-08-26 14:47:06',NULL),
	(106,11,2,74,'2020-08-26 14:47:13',NULL),
	(107,10,1,74,'2020-08-26 14:47:21',NULL),
	(108,16,3,74,'2020-08-26 14:47:36',NULL),
	(109,11,1,76,'2020-08-26 22:06:10',NULL),
	(110,12,3,76,'2020-08-26 22:06:27',NULL),
	(111,16,3,76,'2020-08-26 22:06:38',NULL),
	(112,15,1,76,'2020-08-26 22:06:46',NULL),
	(113,16,1,83,'2020-08-28 23:57:24',NULL),
	(114,14,4,82,'2020-08-29 01:14:44',NULL),
	(115,11,3,85,'2020-08-29 21:19:04',NULL),
	(116,16,1,85,'2020-08-29 21:19:18',NULL),
	(117,2,1,88,'2020-08-31 16:53:49',NULL),
	(118,11,2,88,'2020-08-31 16:54:03',NULL),
	(119,13,1,23,'2020-08-31 16:54:19',NULL),
	(120,16,3,75,'2020-09-03 15:39:26',NULL),
	(121,15,2,75,'2020-09-03 15:39:32',NULL),
	(123,12,5,75,'2020-09-03 15:40:06',NULL),
	(124,11,2,75,'2020-09-03 15:40:18',NULL),
	(125,5,1,75,'2020-09-03 15:40:35',NULL),
	(126,16,1,94,'2020-09-03 18:39:28',NULL),
	(127,6,1,94,'2020-09-03 18:39:45',NULL),
	(128,13,1,95,'2020-09-04 21:58:21',NULL),
	(129,14,1,95,'2020-09-04 21:58:28',NULL),
	(130,15,1,95,'2020-09-04 21:58:50',NULL),
	(131,14,10,102,'2020-09-12 19:51:45',NULL),
	(132,8,3,103,'2020-09-14 14:36:00',NULL),
	(133,14,8,103,'2020-09-14 14:36:13',NULL),
	(134,17,1,103,'2020-09-14 14:36:22',NULL),
	(135,3,2,103,'2020-09-14 14:36:36',NULL),
	(136,16,3,103,'2020-09-14 14:36:51',NULL),
	(137,16,1,104,'2020-09-14 21:01:48',NULL),
	(138,15,1,104,'2020-09-14 21:02:01',NULL),
	(139,11,3,104,'2020-09-14 21:03:17',NULL),
	(142,16,3,106,'2020-09-16 00:21:14',NULL),
	(143,10,2,107,'2020-09-16 15:29:32',NULL),
	(144,14,1,107,'2020-09-16 15:29:59',NULL),
	(145,11,1,61,'2020-09-19 14:30:56',NULL),
	(146,16,1,61,'2020-10-20 22:57:50',NULL),
	(147,16,1,113,'2020-09-22 13:42:17',NULL),
	(148,11,7,114,'2020-09-23 20:14:06',NULL),
	(149,16,5,114,'2020-09-23 20:14:20',NULL),
	(150,12,1,116,'2020-09-24 13:38:53',NULL),
	(151,11,5,118,'2020-09-27 16:28:27',NULL),
	(152,6,7,118,'2020-09-27 16:28:39',NULL),
	(153,10,3,118,'2020-09-27 16:28:51',NULL),
	(154,16,2,118,'2020-09-27 16:29:04',NULL),
	(155,13,2,119,'2020-09-28 05:04:27',NULL),
	(156,14,6,119,'2020-09-28 05:04:43',NULL),
	(157,14,5,120,'2020-09-29 11:26:05',NULL),
	(158,13,1,120,'2020-09-29 11:26:26',NULL),
	(159,8,1,120,'2020-09-29 11:26:43',NULL),
	(160,17,1,120,'2020-09-29 11:27:01',NULL),
	(161,4,1,120,'2020-09-29 11:27:23',NULL),
	(162,14,7,123,'2020-10-01 13:00:14',NULL),
	(163,13,5,123,'2020-10-01 13:00:30',NULL),
	(164,17,5,123,'2020-10-01 13:00:41',NULL),
	(165,2,1,123,'2020-10-01 13:00:42',NULL),
	(167,11,1,127,'2020-10-04 02:55:11',NULL),
	(168,14,4,129,'2020-10-05 13:37:47',NULL),
	(169,11,5,130,'2020-10-05 16:04:37',NULL),
	(170,10,5,130,'2020-10-05 16:05:02',NULL),
	(171,16,2,130,'2020-10-05 16:04:57',NULL),
	(172,15,1,130,'2020-10-05 16:05:11',NULL),
	(173,8,1,132,'2020-10-08 16:16:25',NULL),
	(175,8,13,147,'2020-10-12 14:30:19',NULL),
	(176,14,13,147,'2020-10-12 14:31:06',NULL),
	(177,3,2,147,'2020-10-12 14:31:30',NULL),
	(178,15,10,147,'2020-10-12 14:31:53',NULL),
	(179,16,10,147,'2020-10-12 14:32:06',NULL),
	(180,9,2,149,'2020-10-12 14:55:14',NULL),
	(181,4,2,149,'2020-10-12 14:55:23',NULL),
	(182,3,2,149,'2020-10-12 14:55:51',NULL),
	(183,14,4,149,'2020-10-12 14:55:59',NULL),
	(184,13,4,149,'2020-10-12 14:55:50',NULL),
	(185,2,2,149,'2020-10-12 14:56:06',NULL),
	(186,17,4,149,'2020-10-12 14:56:35',NULL),
	(187,8,1,151,'2020-10-12 15:40:33',NULL),
	(188,5,1,151,'2020-10-12 15:40:42',NULL),
	(189,9,1,151,'2020-10-12 15:40:33',NULL),
	(190,4,1,151,'2020-10-12 15:41:02',NULL),
	(191,13,1,151,'2020-10-12 15:41:16',NULL),
	(192,14,1,151,'2020-10-12 15:41:21',NULL),
	(193,14,15,156,'2020-10-13 08:47:38',NULL),
	(194,1,2,156,'2020-10-13 08:47:58',NULL),
	(195,16,1,158,'2020-10-13 11:00:26',NULL),
	(196,11,7,158,'2020-10-13 11:01:00',NULL),
	(197,11,3,165,'2020-10-20 20:28:14',NULL),
	(198,14,4,165,'2020-10-20 20:28:26',NULL),
	(199,16,3,165,'2020-10-20 20:28:33',NULL),
	(200,14,1,163,'2020-10-21 11:30:19',NULL),
	(201,13,2,167,'2020-10-21 22:04:57',NULL),
	(202,17,3,171,'2020-10-22 21:14:57',NULL),
	(203,5,2,171,'2020-10-22 21:15:07',NULL),
	(204,9,3,171,'2020-10-22 21:15:22',NULL),
	(205,16,3,171,'2020-10-22 21:15:34',NULL),
	(206,16,2,175,'2020-10-25 15:11:00',NULL),
	(207,11,5,175,'2020-10-25 15:11:44',NULL),
	(208,12,1,175,'2020-10-25 15:11:54',NULL),
	(209,14,4,175,'2020-10-25 15:12:23',NULL),
	(210,14,9,177,'2020-11-01 17:07:28',NULL),
	(211,11,4,177,'2020-11-01 17:07:38',NULL),
	(212,12,1,177,'2020-11-01 17:07:45',NULL),
	(213,6,3,177,'2020-11-01 17:07:56',NULL),
	(214,16,3,177,'2020-11-01 17:08:17',NULL),
	(215,17,1,177,'2020-11-01 17:08:31',NULL),
	(216,16,6,178,'2020-11-02 19:31:37',NULL),
	(217,16,1,181,'2020-11-04 18:20:13',NULL),
	(218,14,1,181,'2020-11-04 18:20:24',NULL),
	(219,11,3,184,'2020-11-06 14:05:56',NULL),
	(220,8,17,188,'2020-11-07 09:58:59',NULL),
	(221,14,17,188,'2020-11-07 09:59:06',NULL),
	(222,14,7,124,'2020-11-09 04:25:07',NULL),
	(223,9,3,124,'2020-11-09 04:25:17',NULL),
	(224,16,1,124,'2020-11-09 04:25:24',NULL),
	(225,4,4,124,'2020-11-09 04:25:37',NULL),
	(226,3,3,124,'2020-11-09 04:25:50',NULL),
	(227,9,4,189,'2020-11-10 00:13:52',NULL),
	(228,14,7,189,'2020-11-10 00:14:07',NULL),
	(229,17,4,189,'2020-11-10 00:14:19',NULL),
	(230,5,1,189,'2020-11-10 00:14:29',NULL),
	(231,3,1,189,'2020-11-10 00:14:49',NULL),
	(232,2,2,195,'2020-11-18 17:28:16',NULL),
	(233,8,1,196,'2020-11-18 17:36:53',NULL),
	(237,16,4,200,'2020-11-19 18:53:33',NULL),
	(238,5,1,199,'2020-11-19 19:06:30',NULL),
	(239,11,4,199,'2020-11-19 19:07:15',NULL),
	(240,12,2,199,'2020-11-19 19:07:23',NULL),
	(241,16,4,199,'2020-11-19 19:07:34',NULL),
	(242,10,1,199,'2020-11-19 19:07:56',NULL),
	(243,14,3,201,'2020-11-23 10:13:49',NULL),
	(244,17,1,201,'2020-11-23 10:14:01',NULL),
	(249,9,5,203,'2020-11-23 19:54:20',NULL),
	(250,3,4,203,'2020-11-23 19:54:34',NULL),
	(251,15,6,203,'2020-11-23 19:54:45',NULL),
	(252,4,3,203,'2020-11-23 19:54:56',NULL),
	(260,14,11,206,'2020-11-23 23:10:13',NULL),
	(261,5,11,206,'2020-11-23 23:10:23',NULL),
	(262,3,5,206,'2020-11-23 23:10:36',NULL),
	(263,9,7,206,'2020-11-23 23:10:51',NULL),
	(264,15,9,206,'2020-11-23 23:11:08',NULL),
	(265,4,6,206,'2020-11-23 23:11:18',NULL),
	(266,13,3,207,'2020-11-23 23:17:46',NULL),
	(267,5,3,207,'2020-11-23 23:17:57',NULL),
	(268,11,2,207,'2020-11-23 23:18:08',NULL),
	(269,16,2,207,'2020-11-23 23:18:21',NULL),
	(270,14,4,207,'2020-11-23 23:18:39',NULL),
	(271,11,15,208,'2020-11-24 00:12:10',NULL),
	(272,12,15,208,'2020-11-24 00:12:20',NULL),
	(273,2,1,209,'2020-11-24 00:29:17',NULL),
	(274,8,1,209,'2020-11-24 00:29:43',NULL),
	(275,4,1,209,'2020-11-24 00:29:58',NULL),
	(276,5,1,209,'2020-11-24 00:30:08',NULL),
	(277,3,1,209,'2020-11-24 00:30:22',NULL),
	(278,14,3,212,'2020-11-24 03:46:29',NULL),
	(279,17,2,212,'2020-11-24 03:46:45',NULL),
	(280,9,2,212,'2020-11-24 03:47:21',NULL),
	(281,9,5,213,'2020-11-24 09:27:28',NULL),
	(282,4,4,213,'2020-11-24 09:28:04',NULL),
	(283,3,2,213,'2020-11-24 09:28:20',NULL),
	(284,15,3,213,'2020-11-24 09:28:35',NULL),
	(285,16,2,213,'2020-11-24 09:28:46',NULL),
	(286,8,10,218,'2020-11-24 15:55:57',NULL),
	(287,13,12,218,'2020-11-24 15:56:07',NULL),
	(288,14,12,218,'2020-11-24 15:56:14',NULL),
	(289,3,4,218,'2020-11-24 15:56:31',NULL),
	(290,16,1,218,'2020-11-24 15:56:41',NULL),
	(291,15,1,218,'2020-11-24 15:56:49',NULL),
	(292,4,8,218,'2020-11-24 15:56:56',NULL),
	(293,17,1,223,'2020-11-25 00:46:06',NULL),
	(294,16,2,224,'2020-11-25 11:26:06',NULL),
	(295,5,2,224,'2020-11-25 11:26:16',NULL),
	(296,13,1,224,'2020-11-25 11:26:26',NULL),
	(297,5,2,226,'2020-11-25 14:42:45',NULL),
	(298,16,1,226,'2020-11-25 14:43:02',NULL),
	(299,14,4,226,'2020-11-25 14:43:56',NULL),
	(300,13,2,227,'2020-11-25 17:59:24',NULL),
	(301,14,5,228,'2020-11-25 18:54:11',NULL),
	(302,17,2,228,'2020-11-25 18:54:22',NULL),
	(303,11,4,231,'2020-11-25 22:17:40',NULL),
	(304,16,1,231,'2020-11-25 22:17:54',NULL),
	(305,11,3,239,'2020-11-26 13:52:36',NULL),
	(306,14,3,239,'2020-11-26 13:53:17',NULL),
	(307,6,1,239,'2020-11-26 13:53:43',NULL),
	(308,17,1,239,'2020-11-26 13:53:51',NULL),
	(309,13,1,242,'2020-11-26 22:14:00',NULL),
	(310,16,1,242,'2020-11-26 22:14:11',NULL),
	(311,13,3,245,'2020-11-27 13:07:13',NULL),
	(312,14,3,245,'2020-11-27 13:07:22',NULL),
	(313,17,1,245,'2020-11-27 13:07:30',NULL),
	(314,14,4,237,'2020-11-27 13:42:29',NULL),
	(315,13,1,237,'2020-11-27 13:42:35',NULL),
	(316,11,4,237,'2020-11-27 13:42:43',NULL),
	(317,10,4,237,'2020-11-27 13:42:54',NULL),
	(318,16,2,237,'2020-11-27 13:43:06',NULL),
	(319,14,4,252,'2020-11-27 18:32:22',NULL),
	(320,13,1,252,'2020-11-27 18:32:36',NULL),
	(321,16,9,253,'2020-11-27 21:20:59',NULL),
	(322,16,1,254,'2020-11-27 21:27:32',NULL),
	(323,3,2,253,'2020-11-27 21:49:14',NULL),
	(324,6,3,253,'2020-11-27 21:49:24',NULL),
	(325,16,3,255,'2020-11-27 21:50:22',NULL),
	(326,14,2,255,'2020-11-27 21:50:32',NULL),
	(327,11,3,255,'2020-11-27 21:50:44',NULL),
	(328,6,1,256,'2020-11-27 22:38:22',NULL),
	(329,16,1,257,'2020-11-28 00:37:10',NULL),
	(330,17,1,257,'2020-11-28 00:37:22',NULL),
	(331,14,5,258,'2020-11-28 00:47:31',NULL),
	(333,2,1,258,'2020-11-28 00:47:01',NULL),
	(334,16,1,259,'2020-11-28 02:38:14',NULL),
	(335,11,3,264,'2020-11-28 10:44:14',NULL),
	(336,16,2,264,'2020-11-28 10:44:25',NULL),
	(337,15,1,264,'2020-11-28 10:44:33',NULL),
	(338,16,1,268,'2020-11-28 15:01:16',NULL),
	(339,14,1,272,'2020-11-28 17:57:50',NULL),
	(340,16,1,273,'2020-11-28 20:31:02',NULL),
	(341,15,4,274,'2020-11-28 20:53:54',NULL),
	(342,14,8,274,'2020-11-28 20:54:12',NULL),
	(343,5,2,274,'2020-11-28 20:54:26',NULL),
	(344,12,4,274,'2020-11-28 20:54:37',NULL),
	(345,16,1,274,'2020-11-28 20:54:53',NULL),
	(346,13,2,277,'2020-11-29 02:15:15',NULL),
	(347,14,2,277,'2020-11-29 02:15:22',NULL),
	(348,17,2,277,'2020-11-29 02:15:31',NULL),
	(349,9,1,277,'2020-11-29 02:15:41',NULL),
	(350,11,2,280,'2020-11-29 10:13:17',NULL),
	(351,10,1,280,'2020-11-29 10:13:27',NULL),
	(352,16,1,280,'2020-11-29 10:13:38',NULL),
	(353,15,1,280,'2020-11-29 10:13:47',NULL),
	(354,13,6,284,'2020-11-29 16:42:47',NULL),
	(355,14,6,284,'2020-11-29 16:42:58',NULL),
	(356,6,4,282,'2020-11-29 18:52:56',NULL),
	(357,16,3,297,'2020-11-29 20:22:29',NULL),
	(358,11,3,297,'2020-11-29 20:22:36',NULL),
	(359,14,1,297,'2020-11-29 20:22:52',NULL),
	(360,6,5,304,'2020-11-29 23:53:45',NULL),
	(361,16,3,304,'2020-11-29 23:54:18',NULL),
	(362,10,8,304,'2020-11-29 23:54:27',NULL),
	(363,17,5,304,'2020-11-29 23:54:44',NULL),
	(364,14,5,304,'2020-11-29 23:54:53',NULL),
	(365,16,1,307,'2020-11-30 03:01:01',NULL),
	(366,11,2,307,'2020-11-30 03:01:26',NULL),
	(367,16,1,309,'2020-11-30 03:11:59',NULL),
	(368,16,1,306,'2020-11-30 03:41:46',NULL),
	(369,11,3,306,'2020-11-30 03:41:59',NULL),
	(370,12,2,306,'2020-11-30 03:42:32',NULL),
	(371,16,3,316,'2020-11-30 17:00:45',NULL),
	(372,15,2,316,'2020-11-30 17:00:51',NULL),
	(373,5,1,317,'2020-11-30 17:29:30',NULL),
	(374,14,4,317,'2020-11-30 17:29:45',NULL),
	(375,13,3,317,'2020-11-30 17:29:58',NULL),
	(376,17,3,317,'2020-11-30 17:30:11',NULL),
	(377,4,1,317,'2020-11-30 17:30:17',NULL),
	(378,3,1,317,'2020-11-30 17:30:25',NULL),
	(379,15,1,317,'2020-11-30 17:30:35',NULL),
	(380,14,4,283,'2020-12-01 15:42:49',NULL),
	(381,13,4,283,'2020-12-01 15:42:43',NULL),
	(382,5,1,283,'2020-12-01 15:43:27',NULL),
	(383,2,4,332,'2020-12-01 16:57:31',NULL),
	(384,13,6,332,'2020-12-01 16:57:43',NULL),
	(385,14,6,332,'2020-12-01 16:57:50',NULL),
	(386,5,2,332,'2020-12-01 16:57:58',NULL),
	(387,16,1,332,'2020-12-01 16:58:20',NULL),
	(388,15,1,332,'2020-12-01 16:58:27',NULL),
	(389,5,2,335,'2020-12-01 21:34:06',NULL),
	(390,8,1,335,'2020-12-01 21:34:34',NULL),
	(393,14,2,338,'2020-12-01 22:02:36',NULL),
	(394,4,2,338,'2020-12-01 22:03:08',NULL),
	(395,9,2,338,'2020-12-01 22:03:18',NULL),
	(396,15,1,338,'2020-12-01 22:03:30',NULL),
	(397,3,1,338,'2020-12-01 22:03:44',NULL),
	(398,16,2,340,'2020-12-01 23:49:59',NULL),
	(399,14,2,340,'2020-12-01 23:50:06',NULL),
	(400,11,3,340,'2020-12-01 23:50:18',NULL),
	(401,16,1,342,'2020-12-02 00:09:06',NULL),
	(402,16,1,350,'2020-12-02 11:57:32',NULL),
	(403,14,1,355,'2020-12-02 12:49:22',NULL),
	(404,5,1,356,'2020-12-02 12:54:03',NULL),
	(405,16,1,356,'2020-12-02 12:54:14',NULL),
	(406,11,1,356,'2020-12-02 12:54:32',NULL);

/*!40000 ALTER TABLE `used_programs` ENABLE KEYS */;
UNLOCK TABLES;


# Dump of table users
# ------------------------------------------------------------

DROP TABLE IF EXISTS `users`;

CREATE TABLE `users` (
  `id` int(11) unsigned NOT NULL AUTO_INCREMENT,
  `firstname` varchar(255) DEFAULT NULL,
  `lastname` varchar(255) DEFAULT NULL,
  `password` varchar(255) DEFAULT NULL,
  `email` varchar(255) DEFAULT NULL,
  `is_working` tinyint(1) DEFAULT '0',
  `company_ids` text,
  `company_text` varchar(255) DEFAULT NULL,
  `note` text,
  `verified` tinyint(1) DEFAULT NULL,
  `verification_token` varchar(255) DEFAULT NULL,
  `verification_date` datetime DEFAULT NULL,
  `remember_token` varchar(255) DEFAULT NULL,
  `remember_date` datetime DEFAULT NULL,
  `user_privacy` tinyint(1) DEFAULT '0',
  `user_kvkk` tinyint(1) DEFAULT '0',
  `user_confirm` tinyint(1) DEFAULT '0',
  `admin_confirm` enum('pending','approved','rejected') DEFAULT 'pending',
  `first_login` tinyint(1) DEFAULT '0',
  `last_login` datetime DEFAULT NULL,
  `last_login_ip_address` varchar(100) DEFAULT NULL,
  `cv_status` tinyint(1) DEFAULT '1',
  `cv_created_at` datetime NOT NULL,
  `created_at` datetime DEFAULT NULL,
  `updated_at` datetime DEFAULT NULL,
  PRIMARY KEY (`id`)
) ENGINE=InnoDB DEFAULT CHARSET=utf8;

LOCK TABLES `users` WRITE;
/*!40000 ALTER TABLE `users` DISABLE KEYS */;

INSERT INTO `users` (`id`, `firstname`, `lastname`, `password`, `email`, `is_working`, `company_ids`, `company_text`, `note`, `verified`, `verification_token`, `verification_date`, `remember_token`, `remember_date`, `user_privacy`, `user_kvkk`, `user_confirm`, `admin_confirm`, `first_login`, `last_login`, `last_login_ip_address`, `cv_status`, `cv_created_at`, `created_at`, `updated_at`)
VALUES
	(5,'Nihat Baran','Menteş','$2y$12$9fPjdmfDGM3l/wj3Q5tDaOyuGw8gSA9A2pkx1OEkRd9dGE8MLdMfe','Baran.mentes@zindhugames.com',1,NULL,'11s',NULL,1,'8809b1edeafbfbd7028c21f17b81761d','2020-08-15 11:08:09','8784535636b04e5b8a704668e0d994e0','2020-11-21 20:58:36',1,1,1,'approved',1,'2020-11-21 20:58:53','88.227.60.208',1,'2020-09-15 14:11:14','2020-08-15 11:07:43','2020-09-25 15:10:09'),
	(10,'Deniz','Karadaş','$2y$12$hBo.8S5WhLDPymXUQvA5vuD3Hw8ufJg3r/pjUlffd5e7TJI9d/Okq','deniz.karadas12@gmail.com',0,NULL,NULL,NULL,1,'e302bf8bd1c2f9f35127f2dc11fc4364','2020-08-15 13:25:20','ed9d25d56bc196703ff1d5cb1ac32ef6',NULL,0,0,0,'pending',1,'2020-08-15 13:25:39','85.99.20.247',1,'0000-00-00 00:00:00','2020-08-15 13:07:09','2020-08-15 13:07:09'),
	(11,'arda','ilbeyli','$2y$12$b4gDqv0p15ReuI8PZ6eHg.dLyugotQ9FShje805VSOoDoM73V.WY2','ardailbeyli05@gmail.com',0,NULL,NULL,NULL,1,'69cc13759bbaf8349909828c8336cdad','2020-08-15 13:10:51','30698c6c57e4bc71e7632580b17d9f2a',NULL,1,1,1,'approved',1,'2020-09-10 20:07:19','88.245.64.36',1,'2020-08-15 13:15:20','2020-08-15 13:08:24','2020-09-25 15:08:45'),
	(12,'Eren','Ertem','$2y$12$YWCZcYaEpN4TqpAd37Fk/uuy3BV545z3151UjrL68NMlW7eLFG3ne','erenertemdeveloperdeneme@gmail.com',0,NULL,NULL,NULL,1,'6778805695096a47aa8369e28e731b3c','2020-08-15 13:18:44','431e540267af297696638e55a99d286f',NULL,0,0,0,'pending',1,'2020-08-17 15:37:27','46.2.38.111',1,'0000-00-00 00:00:00','2020-08-15 13:18:25','2020-08-15 13:18:25'),
	(13,'ilker','yoldas','$2y$12$72Mjk6VgGFOvscH4JSsoH.Gqn6jr06R7Y.8ZM8VVDDk7Piy9m9jxG','ilkeryoldas@gmail.com',0,NULL,NULL,NULL,0,'036f32426df976048b425cd7c9a0f169',NULL,'8853d84f3a68c016b7df03021077d192',NULL,0,0,0,'pending',1,NULL,NULL,1,'0000-00-00 00:00:00','2020-08-15 13:18:56','2020-08-15 13:18:56'),
	(14,'Doğacan','Koç','$2y$12$wA6.9zPioWJGlKcdD8bORO2Cw5/YElB5iOyrCv6hqM77GHjVYq6xi','acc.veron@gmail.com',0,NULL,NULL,NULL,1,'51a579b534b2c2bc612a9ab858a35a2d','2020-08-15 13:19:38','9729840c4df600d2e87384a2669aee42',NULL,0,0,0,'pending',1,'2020-08-15 13:19:41','176.40.47.229',1,'0000-00-00 00:00:00','2020-08-15 13:19:20','2020-08-15 13:19:20'),
	(15,'İlker ','Ballıkaya','$2y$12$.Xi7WsP9fsn/lPPImbIRvuNoaUapz8EHsFyJ8.KQc1D7agnfIlw1S','ilkerballikaya@gmail.com',0,NULL,NULL,NULL,0,'66deea60dc4cd9ce4999f95fe790f62d',NULL,'34bde16203b7e621abdb0fb7a82518ec',NULL,0,0,0,'pending',1,NULL,NULL,1,'0000-00-00 00:00:00','2020-08-15 13:21:18','2020-08-15 13:21:18'),
	(16,'Doruk','Biçgi','$2y$12$yaFatoEuKb4SISG3Zj/Rkuu57Jo5crzwg1/kP31Z9qBYwpY/xwYzW','dorukb@hotmail.com',0,NULL,NULL,NULL,1,'1499551d03fc74c1c31fd94602021641','2020-08-15 13:31:58','837f05a206060fd3bdbf5fd15af4fa6c',NULL,0,0,0,'pending',1,'2020-08-16 21:38:35','78.190.9.76',1,'0000-00-00 00:00:00','2020-08-15 13:31:00','2020-08-15 13:31:00'),
	(17,'Kutal','Kalfalı','$2y$12$qrY/daySBT00eL2Dc0ex4e68bNhmICO5ESCq1fB4iwEnkDXTStTjC','kutalkalfali@gmail.com',0,NULL,NULL,NULL,1,'99a5ebd12ba4b4eaee5b114a26f35208','2020-08-15 13:38:06','d825466c373bed434e0f785c4c138972',NULL,0,0,0,'pending',1,'2020-08-15 13:38:18','149.0.174.150',1,'0000-00-00 00:00:00','2020-08-15 13:36:29','2020-08-15 13:36:29'),
	(18,'Ömer Cem','Karayiğit','$2y$12$ZbmyPa3bLAtX7dXSWyRcu.6qh1t0CMr2sg7FHPDOxrHJKbuKIkYJS','omercemkarayigit@gmail.com',0,NULL,NULL,NULL,1,'ec491b81717c51d9a8a24651e03ef415','2020-08-15 13:48:27','257f26d6bbb983e77950395aa04556a7',NULL,1,1,1,'approved',1,'2020-10-18 10:45:35','46.106.185.130',1,'2020-08-15 13:58:35','2020-08-15 13:46:36','2020-09-25 15:08:43'),
	(19,'Salih','Metekol','$2y$12$iKZOyP6AGh8E1ubmOMiy7eERNetDvY9fvMa4pjcTiRmRgpjmWFsLa','salihmetekol@gmail.com',0,NULL,NULL,NULL,1,'c33849423d8b05ade955b421e0f7c9fa','2020-08-15 13:49:11','513384eb5a41a21d9aed1c1a115576d6',NULL,1,1,1,'approved',1,'2020-08-15 13:49:31','85.153.237.62',1,'2020-08-15 14:29:11','2020-08-15 13:47:27','2020-09-25 15:08:42'),
	(20,'ilker','yoldas','$2y$12$TCgAfYFUJnSnJ7XgQwNP7u5vxsPmAolkDXo2XKoOyi50i9TEMFbYy','ilker@riccigame.com',0,NULL,NULL,NULL,1,'80132a336218dcab94f90d1a72caab4e','2020-08-15 14:43:01','4f5bcdf9e4762134437b7ded1c2566ce',NULL,0,0,0,'pending',1,'2020-08-15 14:45:07','88.249.82.88',1,'0000-00-00 00:00:00','2020-08-15 13:48:23','2020-08-15 13:48:23'),
	(21,'Sidret','Mangan','$2y$12$PHlfLnrCS9sguadztnmx2uqjKaSjSUgWVIY3.ED01VB7AFznH54gS','sidretmangan@gmail.com',1,NULL,'Bağımsız Oyun Geliştirme',NULL,1,'6d18104b0996f6e99f7d95a71b03b914','2020-08-15 13:56:46','ba50cde7b1f21233da4b8880cfc4bcc7',NULL,1,1,1,'approved',1,'2020-11-26 12:22:54','159.146.40.234',0,'2020-08-15 15:56:27','2020-08-15 13:56:14','2020-09-25 15:08:41'),
	(22,'Ahmed Enes','Gediz','$2y$12$Mn3ZrrOS1fn5rOXE0BzbcuepYp3Eoki84an3IJ4eFD79gBtBToGCK','ahmedenesgediz@gmail.com',0,NULL,NULL,NULL,1,'64a433ce7aaf18565074ff466185eaef','2020-08-15 14:14:20','b13bf5665dbf52f1e5038e8731e1fb80',NULL,1,1,1,'approved',1,'2020-11-06 04:33:29','94.54.52.20',1,'2020-08-15 14:27:25','2020-08-15 14:14:00','2020-09-25 15:08:40'),
	(23,'Ali','Erdoğan','$2y$12$WDzQ43ZW9nzVrGr3ucAcOudkegUqKNhATCfFcRIm4lX.VFJtJjkcG','hellgs208@gmail.com',0,NULL,NULL,NULL,1,'3dd07ec6b82acd02626fa8e2feb8ce9a','2020-08-15 14:18:15','ace83c1ac7ac91008b17905f90e8c046',NULL,0,0,0,'pending',1,'2020-11-26 16:00:02','5.25.132.100',1,'0000-00-00 00:00:00','2020-08-15 14:17:28','2020-08-15 14:17:28'),
	(24,'Görkem','Uzun','$2y$12$HHp2TUDAkHTVAocU6zFFz.qKOZb7S35DNqDeXA4881He55R2k0ceW','gorkemuzun98@gmail.com',1,NULL,'Freelancer',NULL,1,'b1e5015888c2444442546554a12e83ef','2020-08-15 14:29:48','63779ac7a269c23090290bc8991d6193',NULL,1,1,1,'approved',1,'2020-11-13 23:38:25','78.190.147.164',1,'2020-08-15 15:31:44','2020-08-15 14:29:23','2020-09-25 15:08:39'),
	(25,'Halil İbrahim ','Tuna','$2y$12$Mg7K.6ggwN3YEbn4jtnfMewLLMlAHbQFEVawyktrWC0gSPMkD8Eoy','hbtuna10@gmail.com',0,NULL,NULL,NULL,1,'25f9422736a32044b52dcc56055300a6','2020-08-15 15:52:51','032bc90995ddce179fd08d9ebdd9323c',NULL,0,0,0,'pending',1,'2020-08-18 10:39:47','78.173.21.107',1,'0000-00-00 00:00:00','2020-08-15 15:52:32','2020-08-15 15:52:32'),
	(26,'Biranda','Yücel','$2y$12$omgPdxepbhjZHAFPxz0UpOSDrh5ejW.CPprTKWYWm/jcnA4hZVfKW','birandaocak@gmail.com',0,NULL,NULL,NULL,1,'304b5f2dd8b01de503f98e84da233db8','2020-08-16 20:46:21','83a1adc2d21f52df6bacf665224ff5da',NULL,1,1,1,'approved',1,'2020-08-19 10:27:56','46.196.74.10',1,'2020-08-15 22:01:53','2020-08-15 21:07:54','2020-09-25 15:08:37'),
	(27,'Eren','Ertem','$2y$12$fq4RGH6ZF.S7umXDPIZUyes0HDmPV3ZRFBZzE1in0eUTdw0vj0cFS','eren.ertem@zindhugames.com',0,NULL,NULL,NULL,0,'905edfa3daa51356bdfc4f5c2fd5d182',NULL,'d97652670a0e4057de7d15bf74a06118',NULL,0,0,0,'pending',1,NULL,NULL,1,'0000-00-00 00:00:00','2020-08-15 21:13:01','2020-08-15 21:13:01'),
	(29,'Orkun','Kursun','$2y$12$Sle2JF6AUXUMc6G6Db82zOWS1RYzRyJC965rHX2RpjdBYbIJH/TeK','orkunkursun@gmail.com',0,NULL,NULL,NULL,0,'0ce4c2f1bfe74936bf5ca4df16b079f6',NULL,'7d378554d1e01152d31a15326c402209',NULL,0,0,0,'pending',1,NULL,NULL,1,'0000-00-00 00:00:00','2020-08-16 16:56:40','2020-08-16 16:56:40'),
	(30,'Alperen','Tek','$2y$12$kH7UZwl3yt60Hpw3Gx3UBurUrnrELHvhKO9NdJgRVvIeT5Oul8fC2','alperentek23.at@gmail.com',0,NULL,NULL,NULL,0,'e230d5448f122fece3c855eb2610840a',NULL,'5f7e274ce01bf30c31987318ce390d1a',NULL,0,0,0,'pending',1,NULL,NULL,1,'0000-00-00 00:00:00','2020-08-17 08:05:47','2020-08-17 08:05:47'),
	(31,'Özkan','Gedik','$2y$12$vgs.TzkmsBQfhDXpUDNoeeFLS6TXIofu47nTavBrsbQaGZ17lJsv.','ozkangd@gmail.com',0,NULL,NULL,NULL,0,'7acdd7e2f8b0606331c31c9064a74e68',NULL,'3060a5e0c51e4b216538996ab7bb5a58',NULL,0,0,0,'pending',1,NULL,NULL,1,'0000-00-00 00:00:00','2020-08-17 11:21:27','2020-08-17 11:21:27'),
	(32,'Özkan','Gedik','$2y$12$zrAXtXUAtG8Y/tnpZ0TxHuzVEEHyomU9KRxhdY0gl79skHLQV4uYu','ozkangdk@gmail.com',1,NULL,'enny Games',NULL,1,'a3e81ef97ddde3b5dcb476fae440aa0f','2020-08-17 11:22:37','c152eccbad1d6db3326f9abe09bc00b2',NULL,1,1,1,'approved',1,'2020-08-18 10:39:06','78.173.21.107',1,'2020-08-17 11:27:23','2020-08-17 11:22:24','2020-09-25 15:08:34'),
	(33,'kıvanç','pamukçu','$2y$12$rh8mEgqlGN9JqfeZHH/.ROnOWSHp48fNGywzG9Ka31oYe0fi1b0DC','kivanc@strajedi.com.tr',0,NULL,NULL,NULL,0,'59254fe8df843282fb0a33488a60e45e',NULL,'ace056b507ad3e00fbbe4ecc772886fc',NULL,0,0,0,'pending',1,NULL,NULL,1,'0000-00-00 00:00:00','2020-08-17 11:39:46','2020-08-17 11:39:46'),
	(34,'Mete','Yektay','$2y$12$Vzxmbj2u9nJY5lhjC4BUE.SxuEQcg3FY4DcFsf/xaP.jsyWUgmMUi','Meteyektay@gmail.com',0,NULL,NULL,NULL,1,'e6559ae1e9b6c5971a508b6085cf49c5','2020-08-26 23:03:37','bbef3dd149c88a55df8191bfe6214eb7',NULL,1,1,1,'approved',1,'2020-10-19 18:27:47','95.5.6.15',1,'2020-08-17 13:20:32','2020-08-17 12:54:27','2020-09-25 15:08:33'),
	(35,'Kerem','Dinler','$2y$12$frW6bJ24KrAoU/02WyfnWuyTE1do.mrPoJ6DhA6VW2fnsGBcumbnm','dinler.kerem@gmail.com',0,NULL,NULL,NULL,1,'fd24c51ef84611534a17e5433921d264','2020-08-17 15:03:55','0063f11ee8008c31895cd91e71f279b6',NULL,1,1,1,'approved',1,'2020-09-22 20:56:21','88.230.229.97',1,'2020-08-17 15:16:34','2020-08-17 13:37:48','2020-09-25 15:08:32'),
	(37,'forlaw','forlaw','$2y$12$XjjSfotbYuKFFOLhlUjBTebhjRLC38kyAdsM4vB2LGPnUC2GwzKRW','forlawqq@gmail.com',0,NULL,NULL,NULL,0,'f0c1620e82009453a8b638ab163946d4',NULL,'487a3dff1ea34cd1af70f237566c8995',NULL,0,0,0,'pending',1,NULL,NULL,1,'0000-00-00 00:00:00','2020-08-17 15:35:51','2020-08-17 15:35:51'),
	(38,'Doğan','Akın','$2y$12$tqg6a/.B7xCVORVYXfGyI.Ot7f6rzbEIR/SrAm0Jbn0t3GUs.TVEu','dogan59akin@gmail.com',0,NULL,NULL,NULL,1,'da517702e7432e35fca5acc5cacafcd5','2020-08-17 19:13:54','a5bd4308a06d94b3dc2785b79ab2a227',NULL,0,0,0,'pending',1,'2020-08-17 19:14:08','31.142.124.180',1,'0000-00-00 00:00:00','2020-08-17 19:13:14','2020-08-17 19:13:14'),
	(39,'Semih','Apak','$2y$12$79lRqKYG555WX16A9UiCiuI3QaOZRafDnxBAW2e/qy0cZpySnPO3K','semihapak@gmail.com',1,NULL,'Masomo ',NULL,1,'1fe32fab0bc2b76c1da7bef1b28021b1','2020-08-17 19:16:48','241d4d3cdf578b3be0812e8b0a6342ea','2020-08-23 21:17:09',1,1,1,'approved',1,'2020-09-02 23:27:27','176.41.164.177',1,'2020-08-17 19:26:48','2020-08-17 19:15:49','2020-09-25 15:08:30'),
	(40,'Alican','Seçgin','$2y$12$zVxN051h1591b/yjxXicj.xV4mJKMqhvwudEkFImUoJd1EuNbKNnG','secgin.alican@gmail.com',0,NULL,NULL,NULL,0,'221dde5c88f7b278d9aa4ae23f3d58e1',NULL,'bc3af69db0d40733dc1e835d4dfc34c7',NULL,0,0,0,'pending',1,NULL,NULL,1,'0000-00-00 00:00:00','2020-08-17 19:20:14','2020-08-17 19:20:14'),
	(41,'Ahmet Derya','Filiz','$2y$12$wK6tJKYxs80MOAgfw/9bg.qyUTWmtSIxNxIndWpUfURGOMknnJiNq','ahmetdfiliz@gmail.com',1,NULL,'Freelance',NULL,1,'a39ecb310f4e7d6f360d90d85079fa8d','2020-08-23 19:52:44','7e9894b311265b5c025344cfcec0d206',NULL,1,1,1,'approved',1,'2020-08-23 19:53:00','88.230.3.191',1,'2020-08-23 20:03:55','2020-08-17 21:56:43','2020-09-25 15:08:29'),
	(42,'Ali Anıl','KARADAĞ','$2y$12$UFWmFJbhwBLqM4YGcez7S.nwXLe1Kc2wfjqhZ0ZlhYF9Z/4i3oZR6','anilali824@gmail.com',0,NULL,NULL,NULL,0,'64bcd820a419b85442f900234beb280a',NULL,'a065dfbffb44433dfc768c98591bea28',NULL,0,0,0,'pending',1,NULL,NULL,1,'0000-00-00 00:00:00','2020-08-18 04:47:07','2020-08-18 04:47:07'),
	(43,'Mert','Aksu','$2y$12$HXIw1UiGzfOz5hy00fHIbelgam.NuIWTH8J15CC3QYepF2VjGKLPe','Muzaffermertaksu@gmail.com',0,NULL,NULL,NULL,0,'24ac860bd3e92171d86b619ad5295beb',NULL,'64e95013e1b152e7b894bcbcd8c32a00',NULL,0,0,0,'pending',1,NULL,NULL,1,'0000-00-00 00:00:00','2020-08-18 07:56:20','2020-08-18 07:56:20'),
	(44,'Kamil Mert','Gökoğlu','$2y$12$XJgdoFxcnlXbLw1PearHOOz.ExDgY/Y31z880fCTTd5.fioHgMB9G','k.mertgokoglu@gmail.com',0,NULL,NULL,NULL,1,'3cec0d37cd8ff4234996004b281166ed','2020-08-18 13:53:03','4f90899a438ae91a0d3de11dbf2bc087',NULL,1,1,1,'approved',1,'2020-08-18 13:53:14','176.30.127.166',1,'2020-08-18 13:57:01','2020-08-18 11:28:59','2020-09-25 15:08:29'),
	(45,'Cantuğ','Şahiner','$2y$12$NQV3wFtLswDhDVz5QAfcKO9XHVbJ4bxCo3bU4DilBS3b32LRUo0QS','cantugsahiner@gmail.com',0,NULL,NULL,NULL,0,'54ba7958b91fe98eafbf7b1ce7950704',NULL,'9763f2cc6924e51ca7cbb82f74e4e009',NULL,0,0,0,'pending',1,NULL,NULL,1,'0000-00-00 00:00:00','2020-08-18 13:17:41','2020-08-18 13:17:41'),
	(46,'Muammer Taygun','Savaş','$2y$12$Qt6ampfeZBs6y5BIKC5Aw.YzlSPtH7mj.eIuU5dwoDOtI0fCBj6Rq','taygunsavas@windowslive.com',1,NULL,'Brat Games',NULL,1,'c1f949e3db7735274b52d75cca8d8d6a','2020-08-18 13:25:30','aba95ad721c473dafa6691daa7a1cbd2','2020-10-15 01:11:36',1,1,1,'approved',1,'2020-11-06 14:02:57','85.106.32.159',1,'2020-08-18 13:41:18','2020-08-18 13:25:19','2020-09-25 15:08:20'),
	(47,'Orhun','Yeğenağa','$2y$12$5JVzATCwaK67GDm/vE10/uFvsTI5o97z9q8/LPDTCYY/wd09LPpyS','orhunyegenaga@gmail.com',1,NULL,'IKSV',NULL,1,'73618c676556f8dcf11a5baa29f1b123','2020-08-18 14:42:32','e4b09bce80b8fe68790fbecb690a9b00','2020-11-09 13:18:16',1,1,1,'approved',1,'2020-11-09 13:18:28','78.176.180.97',1,'2020-08-18 14:59:26','2020-08-18 14:41:15','2020-09-25 15:08:26'),
	(48,'Özge','Şakır','$2y$12$SPxz5gfZVP3czCEiapo7Iu3IfABtpIWsF1wBA4tQ/jtbcaruyPCqy','ozgedir@gmail.com',0,NULL,NULL,NULL,1,'90a02f9d055560fef66f06e2f8039b2f','2020-08-19 12:20:55','adf191fb3070d36a48a1d6cce42a28dd',NULL,0,0,0,'pending',1,'2020-08-19 12:21:06','176.54.41.3',1,'0000-00-00 00:00:00','2020-08-19 12:19:57','2020-08-19 12:19:57'),
	(49,'Ozan Emre','Azman','$2y$12$82lu8P6SYngHXaKf1rlTJeSUtDxwwfOAoDeDiIgU3XRd6Ugx5hqx2','ozanemreazman@outlook.com',0,NULL,NULL,NULL,0,'f13a6e212f153b255dd6d72bbad0162d',NULL,'3b93881a6fcd11cbbe2b094aea7a322f',NULL,0,0,0,'pending',1,NULL,NULL,1,'0000-00-00 00:00:00','2020-08-19 15:41:48','2020-08-19 15:41:48'),
	(50,'alptuğ','batı','$2y$12$Gn2RtIRmR5ECkwLcDI38dOH4hcl1EdZVLzmth8CTzWgEdkP.R1QsK','alptugbati@gmail.com',0,NULL,NULL,NULL,1,'9ef720eacc767672d94ed175a4ba089f','2020-08-19 20:23:15','0a8fd0b7b1d8a2697026a0b7d32a1ea2',NULL,0,0,0,'pending',1,'2020-08-25 10:41:34','81.215.239.134',1,'0000-00-00 00:00:00','2020-08-19 19:17:01','2020-08-19 19:17:01'),
	(51,'Melih','Karaol','$2y$12$vZ7o78.bPc/HqpLM7Dwo2eOF25swT0G4S5wDVGRoXQSAC4BxvF7EK','melihkaraol@gmail.com',1,NULL,'Lapland',NULL,1,'793f036da0d4de3c71a43c3167236d0d','2020-08-25 20:02:18','57ca5134918e11e84efcaf0dcd5b60bf',NULL,1,1,1,'approved',1,'2020-08-25 20:02:23','178.233.116.176',1,'2020-08-25 20:21:10','2020-08-19 20:19:02','2020-09-25 15:08:25'),
	(52,'Davron','Rakhmatjonov','$2y$12$8dVw2ONLx9qv04Sq3iSPAem.HzK2zLata0iSXSQOfK2UzoKcUNR..','davron.cg@gmail.com',0,NULL,NULL,NULL,0,'a4644be18761118b30d37388e33b716b',NULL,'0f4c3a67a8134fca1505d5d98fd13970',NULL,0,0,0,'pending',1,NULL,NULL,1,'0000-00-00 00:00:00','2020-08-20 11:16:44','2020-08-20 11:16:44'),
	(53,'Davron','Rakhmatjonov','$2y$12$qu3QbxmIKM2AzIrKLgfXvOiwkr/vdMXbeMWJZAXRguTtZjrBzykzK','devranrakhmatjonov@gmail.com',0,NULL,NULL,NULL,0,'a4b5a8c9aac9e89a68c8469b9625f87f',NULL,'806af6613bbe10bdb921ae041138e44d',NULL,0,0,0,'pending',1,NULL,NULL,1,'0000-00-00 00:00:00','2020-08-20 11:17:11','2020-08-20 11:17:11'),
	(54,'Kaan','Akgündoğdu','$2y$12$kykbMBqsVha.mnsvyVkgy.qweBy3LrqSiUkxnzfXFvIJ4u//O5Cym','kaanakgundogdu@gmail.com',1,'[\"9\"]',NULL,NULL,1,'426b5fef7b5f091cad7cac4e5e102c0e','2020-08-20 18:29:13','0d4cf6090c8485bd3f8b2fa51962cd66',NULL,1,1,1,'approved',1,'2020-11-29 11:49:31','88.243.152.221',1,'2020-08-20 20:05:06','2020-08-20 17:32:13','2020-09-25 15:08:18'),
	(55,'Enes','Can','$2y$12$h7ALk8kYkQtSRzAN3zv5zueHt8PlRW12kDPjxbpdoGE..Xg.dc1kC','enesxcan@gmail.com',0,NULL,NULL,NULL,1,'9ad5667df242567f0e0835f9b8fa127b','2020-08-20 22:44:49','627439a54b641d97f19741292cdf3cf4',NULL,1,1,1,'approved',1,'2020-11-27 23:34:58','91.93.0.10',1,'2020-11-23 23:00:24','2020-08-20 22:44:19','2020-11-26 15:46:22'),
	(56,'Fatih','Fındık','$2y$12$LaP2HANtw7XLYbvkoSo.0.zGxVYHxEH9aX8JZwj3q2tekcCPbZeDW','fatihfindik95@gmail.com',0,NULL,NULL,NULL,1,'921bc880902addc88bee2835cdb45479','2020-08-21 00:07:24','d258483e18dcb5e7eec6b39a3c03b516',NULL,0,0,0,'pending',1,'2020-08-21 00:07:45','194.29.214.244',1,'0000-00-00 00:00:00','2020-08-21 00:05:40','2020-08-21 00:05:40'),
	(57,'Oğuzhan','Gökçe','$2y$12$OcOZ3DztOCkeX/cKuEIvO.jxz3.IsoTy0efqC1qEj2ltehS.d3rZy','oguzzhangkce@gmail.com',0,NULL,NULL,NULL,0,'645dede2cd7cce91b4bba96ffcd7070e',NULL,'24b43a52550407df8ea72680dbb373b9',NULL,0,0,0,'pending',1,NULL,NULL,1,'0000-00-00 00:00:00','2020-08-21 15:10:26','2020-08-21 15:10:26'),
	(58,'Burak','Turksever','$2y$12$epQAYiN4ZGC95nK5aq5P5OB9Iuwr.hWOcDYvfwrjxQra3wL2z8/bK','trksvr.burak@gmail.com',0,NULL,NULL,NULL,1,'a0e82481c25e94401e16c435e382554f','2020-09-09 03:28:42','f336d47205ff19e33d89e31913808b8c',NULL,0,0,0,'pending',1,'2020-09-09 03:28:52','78.175.57.182',1,'0000-00-00 00:00:00','2020-08-21 20:17:43','2020-08-21 20:17:43'),
	(59,'EMRE','HATİPOĞLU','$2y$12$BME/k11B44QcHM0vWCHIaeHwziuDvBsKRYxIB0EiwXK0sVFMPySLi','emrehtpglu@gmail.com',1,NULL,'Apphic Limited',NULL,1,'c25dcdbbd03a47aa6b13eacea0ae26ea','2020-08-22 15:10:29','17a8ee97c2843d5000e02b7aba97e91b','2020-10-14 16:18:11',1,1,1,'approved',1,'2020-11-22 10:46:00','85.153.224.232',1,'2020-08-22 15:20:24','2020-08-22 15:09:56','2020-09-25 15:08:17'),
	(60,'Hüsnü Atakan','Tuğlu','$2y$12$zDHeFjepKLq.a1IjsKZpX.DbWbtct6SboSfUXjDj.01dazOiugOU2','htuglu15@ku.edu.tr',0,NULL,NULL,NULL,1,'247c1d42d52c85d4c66bd4eb0d5cbd57','2020-08-22 19:10:22','b98fc0f031b96767ef1b5b95898cc268',NULL,1,1,1,'approved',1,'2020-09-02 04:45:03','85.96.151.4',1,'2020-08-22 19:17:07','2020-08-22 19:07:19','2020-09-25 15:08:15'),
	(61,'efe','eray','$2y$12$x02tnfxDBtNXVYx1GxyBD.i8BBH3Qcv/xJtUI6y51x.kb4UR7VlSS','efeeray92@gmail.com',1,NULL,'Maya ICT',NULL,1,'266feb71c3992938caa498621c074158','2020-09-19 14:25:07','dc13493aaf2d7dbfa4257e89d8aca512',NULL,1,1,1,'approved',1,'2020-11-24 12:29:56','81.215.238.37',1,'2020-09-19 14:32:45','2020-08-23 12:22:12','2020-09-25 15:08:14'),
	(62,'Cevat','Sarıkaya','$2y$12$lO53XRCFVbOYRkbIiV2c8OibZuS83x.U.kUOt.lRVDpm9bASFRSe2','cvtsrky38@gmail.com',0,NULL,NULL,NULL,1,'dd811dd507a7a08843f033cb4eef5448','2020-08-31 14:19:12','f23c18b4f70f30b1d6cb9a69e7c54edd',NULL,1,1,1,'approved',1,'2020-08-31 14:19:15','85.107.142.235',1,'2020-08-23 16:22:14','2020-08-23 16:09:04','2020-09-25 15:08:14'),
	(63,'Yavuz','Sürmeli','$2y$12$gDX5.myxJ2TKHYaaAyIbx.2QF5sQrAACO14Wo0PK3RwYcnxPAX2da','yavuz_surmeli@hotmail.com',0,NULL,NULL,NULL,1,'5836e3804bddb346800e5bd8557f155a','2020-08-23 20:56:10','3952763ddf678170482ccff88b02227c',NULL,1,1,1,'approved',1,'2020-10-20 14:00:42','85.103.20.173',1,'2020-08-23 23:17:13','2020-08-23 16:23:43','2020-09-25 15:08:13'),
	(64,'YUNUS EMRE ','MORGİL','$2y$12$rab1Fqu3XnmCkd.mltoXZeZXKW4fq0yHvU0oonvAMQMfcTBpYPY9S','yemremrgl@gmail.com',0,NULL,NULL,NULL,1,'e0d88b54937ed9021f852cdce664ef22','2020-08-23 17:57:03','0bd62e551faa316c9479deae3fe3673e',NULL,1,1,1,'pending',1,'2020-12-01 19:35:09','85.108.36.48',1,'2020-11-29 16:23:51','2020-08-23 17:56:30','2020-08-23 17:56:30'),
	(65,'Özgün','Cankurt','$2y$12$jABcNyR3tMYO3Pr5iIyZg.C6llyBe5jE.CeiUyrWFIfj/Tuqcm3h.','ozguncankurt@hotmail.com',0,NULL,NULL,NULL,1,'f7bb893bd9d934164d802864fd2bf94d','2020-08-24 08:06:54','d30d2921f18941f2202b4e651432f14a',NULL,0,0,0,'pending',1,'2020-08-24 08:07:05','176.40.251.106',1,'0000-00-00 00:00:00','2020-08-23 18:16:07','2020-08-23 18:16:07'),
	(66,'Mustafa','Karaoğlu','$2y$12$gF9r4PfR0F/S9/ndEJZmBey8eHrSnyL.07bGLKKRWCDfWwaw2EhCe','mustafa_karaoglu53@hotmail.com',0,NULL,NULL,NULL,1,'21f0edd0462fe7d40f4aaa3226de2cc8','2020-08-24 13:21:36','48b7636c769196820a3c4c1d2bfc241e',NULL,1,1,1,'approved',1,'2020-08-24 13:38:56','178.240.239.205',1,'2020-08-24 13:45:03','2020-08-24 13:20:21','2020-09-25 15:08:12'),
	(67,'Sinem','Demiröz','$2y$12$LvRBH3SHX/hghtitynp0EuSGhVUY7VsitG6m1EO6XraTe4E6Jr3Pe','snmdmrz@gmail.com',1,NULL,'Turkish Entrepreneurship Foundtion',NULL,1,'7b6c326392d0730999ab91eb2709d9d4','2020-08-24 15:52:43','1d83e792705ec58f408051879d733d86',NULL,1,1,1,'approved',1,'2020-09-25 16:48:36','176.40.227.251',1,'2020-08-24 16:02:49','2020-08-24 15:46:03','2020-09-25 15:08:11'),
	(68,'Feridun Emre','Dursun','$2y$12$kCWB.MChx8fWRAD6Vw/0pOaD0vtz5JPYuVjt8LnKy6yjFfueIQhiG','feridunemredursun@gmail.com',0,NULL,NULL,NULL,1,'c12acfc010183e8ca2192b446d794599','2020-09-07 15:35:57','66e2d0ee0a1eed8c4ba42dfe03ef9d93',NULL,0,0,0,'pending',1,'2020-09-07 23:05:24','212.133.226.214',1,'0000-00-00 00:00:00','2020-08-25 14:20:07','2020-08-25 14:20:07'),
	(69,'Erdinç','Yüksel','$2y$12$jk4Wtzz6EtU9ogZKRr6e4uMKyKuzuvzF.o9tsAHR9Eag1UwTBhz6q','ulutinkuara@gmail.com',0,NULL,NULL,NULL,0,'71e73f8d20a4d9531edb5de38e308d56',NULL,'b0af36a3c572376cb24bfe708a864911',NULL,0,0,0,'pending',1,NULL,NULL,1,'0000-00-00 00:00:00','2020-08-25 14:32:17','2020-08-25 14:32:17'),
	(70,'Mert','Nardalı','$2y$12$LIxCwwMxZ2wcjMqVZHvWp.rjOfCSSr21nN5c8A/hHwRwM/67JZyS6','nardalimert@gmail.com',0,NULL,NULL,NULL,1,'1152c0ec1a7482cb0a567046a80f8d34','2020-08-25 18:17:36','f59834d4e817e3bb5045ed4b82a368aa',NULL,0,0,0,'pending',1,'2020-08-25 18:17:55','78.186.5.224',1,'0000-00-00 00:00:00','2020-08-25 18:16:41','2020-08-25 18:16:41'),
	(71,'Mehmet Galip','ŞEN','$2y$12$jtvKu5aw/Ts.q.uVYGxPBuCsjGb2Y2DDy3qjmjHCeSd/nyVcrgHZm','mehmetgalipsen@gmail.com',0,NULL,NULL,NULL,1,'232d989fbc0a7fba53d7eeeac7297d7b','2020-08-25 19:09:35','78231427f7f012c852b319557bda9198',NULL,0,0,0,'pending',1,'2020-08-25 19:09:46','176.30.107.237',1,'0000-00-00 00:00:00','2020-08-25 19:02:50','2020-08-25 19:02:50'),
	(72,'Yağız','Gür','$2y$12$hA6PziXSh.0VXwgrDJ5lq.TzovxryVPebWk1E8k9FA1JKjMi2ngcC','ygz_80@hotmail.com',0,NULL,NULL,NULL,1,'4de87fe565370f7037ec2911961efcfe','2020-08-28 19:20:40','b743b4b748ce1034ea262438aff52873',NULL,0,0,0,'pending',1,'2020-08-25 20:57:09','46.155.10.184',1,'0000-00-00 00:00:00','2020-08-25 20:54:40','2020-08-25 20:54:40'),
	(73,'Nurettin','Öney','$2y$12$WyYe9GYnhs0gDsgNMnLnk.uvWrawBBfzhvLSdAfo1ijgBBYphvQ9y','nurettinart@gmail.com',0,NULL,NULL,NULL,1,'12a8ce0a81a658e4c2c8b8ff533e496a','2020-08-26 09:02:05','a40abd208385c912ca94f6435c5363f7',NULL,0,0,0,'pending',1,'2020-08-26 09:02:23','5.46.130.248',1,'0000-00-00 00:00:00','2020-08-26 09:00:23','2020-08-26 09:00:23'),
	(74,'Alp','Sarıyer','$2y$12$8SPoOTcvujndts2aVNH/guGvSPEPR5J0worQOVx33ulpYCkWn1x.q','thewirierjerk@gmail.com',0,NULL,NULL,NULL,1,'4edafecd13a1d50d8e8b262ccb12b71c','2020-08-26 14:45:26','7ce851511ef39f9fc72019fa848f2adb',NULL,0,0,0,'pending',1,'2020-08-26 14:45:39','188.119.45.144',1,'0000-00-00 00:00:00','2020-08-26 14:44:55','2020-08-26 14:44:55'),
	(75,'Güven ','Sarı','$2y$12$UxHw9bnvz8lNaodFZSaqY.W68Z4i53eNzv5SXAiVnR.SDgGna4byW','sezginguvensari@gmail.com',0,NULL,NULL,NULL,1,'57f9eff291ac071c124aba1c2aff4fdb','2020-09-03 15:29:33','5905938fe8012acdd7c71eb584c64f1f',NULL,1,1,1,'approved',1,'2020-11-23 17:23:12','176.232.77.196',1,'2020-09-04 14:22:02','2020-08-26 19:18:02','2020-09-25 15:08:10'),
	(76,'Orhan','çelik','$2y$12$0PcAgLmCSqJMNjn2JdvcEegbv0KbMBT4TJBOd.usF5Kalq3VJD1XK','orhancelik.18.2@gmail.com',0,NULL,NULL,NULL,1,'0791b464fafd2985466695831a22b475','2020-08-26 22:02:58','49f6be6db602315948320c6be5d48e99',NULL,0,0,0,'pending',1,'2020-08-26 22:03:01','149.140.201.217',1,'0000-00-00 00:00:00','2020-08-26 21:04:01','2020-08-26 21:04:01'),
	(77,'Oktay','Canbay','$2y$12$MnGf81LdWmW9C1S/2TpiXuL7t0QombGlxT9OEjjA/o2w6rCcRVUAy','oktaycanbay@gmail.com',0,NULL,NULL,NULL,0,'1c974b95e790157d9d5b23cd084a4010',NULL,'cde530a8078a5b75a5d2cb596a4dcf14',NULL,0,0,0,'pending',1,NULL,NULL,1,'0000-00-00 00:00:00','2020-08-26 21:37:38','2020-08-26 21:37:38'),
	(78,'Hatice','Gül','$2y$12$gjss7y4tTYlFpsLBK5Ok5OM12NcM/zACl2oAOfPZEqRnHruZg7Y2m','jolicarlesbobb@gmail.com',0,NULL,NULL,NULL,1,'e6b489cb38004a55e6582400462d854a','2020-08-27 15:08:25','174d8538d658b340da85b36675795522',NULL,0,0,0,'pending',1,'2020-08-27 15:09:19','176.88.139.157',1,'0000-00-00 00:00:00','2020-08-27 15:07:36','2020-08-27 15:07:36'),
	(79,'Sezgin Güven','Sarı','$2y$12$qK/3ziaW88GtSyycFhLaCef3rAEoGaM932WIymGnNug0tHxXVFCkC','sezginsari_1972@windowslive.com',0,NULL,NULL,NULL,0,'292f2da387f4686b19f9a731e5ff7c37',NULL,'20e453eadb8b51fd0b93a182df65ab5f',NULL,0,0,0,'pending',1,NULL,NULL,1,'0000-00-00 00:00:00','2020-08-27 15:50:58','2020-08-27 15:50:58'),
	(80,'Mustafa ','Demir','$2y$12$DifbUMVb9MxVJpgNbPE/..KbwpVs/QGGolRxgz5S.nDJBoMf6LNG.','mustafademir013@gmail.com',0,NULL,NULL,NULL,0,'3542f534e848041f713af27e64c9dba3',NULL,'7b34942bc84bb1d638f7bc4278ecb3ce',NULL,0,0,0,'pending',1,NULL,NULL,1,'0000-00-00 00:00:00','2020-08-28 16:18:48','2020-08-28 16:18:48'),
	(81,'Anıl','TOPUZ','$2y$12$Iz8oWlAqKznq9tlwfTIld.5SDsrn.lOuGoFDN1AaDRwoJfDW7krnq','aniltopuz@gmail.com',0,NULL,NULL,NULL,0,'0767dcf9a1a835f6b20636f39caaa4fa',NULL,'9288eadf1f722a64b0e26b26b4835b4c',NULL,0,0,0,'pending',1,NULL,NULL,1,'0000-00-00 00:00:00','2020-08-28 16:21:59','2020-08-28 16:21:59'),
	(82,'Pınar','Yeten','$2y$12$WW5/yz1bfBxdrkjDB3JrXuYnZJsAezc.UVjfRKa9JGTs.58TVB1/O','pinarytn@gmail.com',1,NULL,'THY',NULL,1,'70fc448b929a46d715a5c493689314e1','2020-08-28 20:31:40','c2e44f7dd00a4df145616224e209cf35',NULL,1,1,1,'approved',1,'2020-09-28 17:55:10','78.173.132.9',1,'2020-08-29 01:19:07','2020-08-28 20:30:21','2020-09-25 15:08:07'),
	(83,'Mehmet','Şahin','$2y$12$XX2Xeqrl8V8uwbIR8BsVWOv7NIEFinltuVabdeqAa4MKfIon8ZFFe','menez1111@gmail.com',0,NULL,NULL,NULL,1,'8e65949506273a3a57181a695a173795','2020-08-28 23:55:28','65a6aac6473f35b93969659e8fd93aaa',NULL,0,0,0,'pending',1,'2020-08-28 23:55:29','178.233.159.47',1,'0000-00-00 00:00:00','2020-08-28 23:55:00','2020-08-28 23:55:00'),
	(84,'barış','elcik','$2y$12$kvf0XISH4abVMQCqtGwIKuGV41vNvzVcL88a/glJB2dHQMrd718Jy','zng_brs@hotmail.com',0,NULL,NULL,NULL,1,'2e9860dc222da524d373febcde5fe050','2020-08-29 15:10:00','0f4cb80653e3f412db1166087182c03f',NULL,0,0,0,'pending',1,'2020-11-19 17:14:32','176.234.11.119',1,'0000-00-00 00:00:00','2020-08-29 15:09:15','2020-08-29 15:09:15'),
	(85,'Onur','BAKAN','$2y$12$yAIo/7GHa/aoiJgvaYvVcu3iXEAa.HKg/TgQMMmHLsGGavhFK2cBK','onurbakan06@gmail.com',0,NULL,NULL,NULL,1,'f0b5d35d05ce2e69a9e0b136092eaa1a','2020-09-19 17:02:52','fe760ebaa052facdae50073d3e834438',NULL,1,1,1,'approved',1,'2020-09-19 17:02:55','78.162.243.170',1,'2020-08-29 21:25:09','2020-08-29 21:07:26','2020-09-25 15:08:06'),
	(86,'Batuhan','SANAT','$2y$12$O84LiARxialyOz7QSobYHezzsvqcbntuwgFsfcoQN570R57qad/Ni','batuhan.sanat@gmail.com',0,NULL,NULL,NULL,1,'7469315440029b4171f0d2635130815a','2020-08-30 17:26:16','9046d0cb0ad923d7bde2ddb9474d71d5',NULL,0,0,0,'pending',1,'2020-08-30 17:26:33','95.70.185.126',1,'0000-00-00 00:00:00','2020-08-30 17:25:29','2020-08-30 17:25:29'),
	(87,'Doruk','Ugur','$2y$12$7tgjmKQC/YPnfH9D8kw0xOEi0OqenGL.6OZj8/6kf.wa5J9IiuPrO','doruk.ugur@lotusgames.io',0,NULL,NULL,NULL,1,'b86e1264c85f8279423b78f8af750732','2020-08-31 13:49:59','92539258c49af3e656993dea765b47d8',NULL,0,0,0,'pending',1,'2020-08-31 13:25:43','178.244.195.59',1,'0000-00-00 00:00:00','2020-08-31 13:24:33','2020-08-31 13:24:33'),
	(88,'Javi','Cop','$2y$12$Abto6uCoXhC.33n4o8bKIuxq.T2MmWoINkObR0bS38Nnzrn0ndPDC','jovicop406@acetesz.com',0,NULL,NULL,NULL,1,'8ff452bf722f1f582c44077333ec70bf','2020-08-31 16:49:37','8ded3ea0775d82863e341dba042353e3',NULL,1,1,1,'approved',1,'2020-08-31 16:49:50','78.189.110.17',1,'2020-08-31 16:54:51','2020-08-31 16:48:52','2020-09-25 15:08:04'),
	(89,'Ahmet','Say','$2y$12$FTQh1vWhAx1Zy1/1bQTZTuRWjP6g8TD9EDx0Py8QT9aPPL6ogoXcK','ahmetsalih13@gmail.com',0,NULL,NULL,NULL,0,'3612edaf038978bbf2318d37ef9df84e',NULL,'b253bfff9635ac6136bf8e329bd0cfc2',NULL,0,0,0,'pending',1,NULL,NULL,1,'0000-00-00 00:00:00','2020-08-31 17:36:04','2020-08-31 17:36:04'),
	(90,'Berk','Gümüşel','$2y$12$xPb92UUutpJiYoyi9Z1f.uHJINFa.2TIvwHUot7CeAiFZ8LIoEbA2','berkgumusel@gmail.com',0,NULL,NULL,NULL,0,'d8b0d5730d145b8f25791e28bdc212bb',NULL,'f7cb77e56d3700a9b160b4680f162831',NULL,0,0,0,'pending',1,NULL,NULL,1,'0000-00-00 00:00:00','2020-08-31 23:41:05','2020-08-31 23:41:05'),
	(91,'Adnan','Dedeoğlu','$2y$12$RL3WiISIwAOg9WEWfxU/nuHs6N7KmRiIcRt1lQ0lEgVNJWa3qs6wi','syrobell@gmail.com',0,NULL,NULL,NULL,0,'a9c22c166e9bf1e3c71f52df8874cc4d',NULL,'7fd7e711bc192433151e69da862dc4db',NULL,0,0,0,'pending',1,NULL,NULL,1,'0000-00-00 00:00:00','2020-09-01 10:34:30','2020-09-01 10:34:30'),
	(92,'Gökhan Yahya','TORBA','$2y$12$tHYV57lowNjiNMArH9yng.2TKLvnzkdP6AYa2cU0a31Vbo5Wh6OvO','gokhanyahyatorba@gmail.com',0,NULL,NULL,NULL,1,'21e98c76b2b6a3b1b1e77a513a3784ea','2020-09-02 13:31:02','4bc01fa861dda367ed5abfa154085a53','2020-09-02 15:09:44',0,0,0,'pending',1,'2020-09-02 15:09:58','78.180.53.15',1,'0000-00-00 00:00:00','2020-09-01 12:23:50','2020-09-01 12:23:50'),
	(93,'Serra','Keçeli','$2y$12$ng9W2GFUQ0HYWJWOYVY0IODI4mIh4jLSZDvrgok3MPuqjWg/WZBmu','serrakeceli@gmail.com',0,NULL,NULL,NULL,0,'8ba4b0bad7d08f76af48fef5fade1724',NULL,'1276efbc7cd5054fc8d52ca294e047d4',NULL,0,0,0,'pending',1,NULL,NULL,1,'0000-00-00 00:00:00','2020-09-02 12:17:34','2020-09-02 12:17:34'),
	(94,'dinçer','yavaş','$2y$12$JFezyd2AqfDzeC6SnYqLhOrrgbdGtzCUgt5DJYMh9oTZNgI9hwdGW','dincer.yavas@gmail.com',1,NULL,'Movel Games',NULL,1,'5f662df891efd583ac2e13a8adc1c3d2','2020-09-03 18:37:09','e74d0e63e089c16efd4f5de1b7b28d9f',NULL,1,1,1,'approved',1,'2020-12-02 12:05:52','95.15.74.66',1,'2020-09-03 18:41:35','2020-09-03 18:36:12','2020-09-25 15:08:03'),
	(95,'Furkan','Erdağı','$2y$12$2JogJ6w4aPhNA5zU2TA6Oe1/oHvKN1i7rK84gAVr/CcwBtYRm1ls6','furkanerdagi@hotmail.com',1,NULL,'Çebitaş A.Ş.',NULL,1,'4aa7bae2dcbe69f5adea63bcc69ed889','2020-09-04 22:00:20','76df73b227258a3f76cca0c369358831',NULL,1,1,1,'approved',1,'2020-09-19 22:47:48','31.142.59.90',1,'2020-09-05 10:26:50','2020-09-04 18:02:07','2020-09-25 15:08:01'),
	(96,'Caner','Özdemir','$2y$12$4FFh2X74ahEjnFRDf3CheuYlzZIUMrKSSYAlnVYayMdyZ/3BfgoHO','canerozdemir489@gmail.com',0,NULL,NULL,NULL,1,'9739788e4417dd103aea1ab466eea85b','2020-09-04 22:36:10','a81a13232714901c417e2243169b904f',NULL,0,0,0,'pending',1,'2020-09-04 22:36:21','85.97.115.147',1,'0000-00-00 00:00:00','2020-09-04 22:35:46','2020-09-04 22:35:46'),
	(97,'Aytunc','uysal','$2y$12$N4sQok0gxuzjj5OOTYVcFuZ1k7fSCn0c5XWF1uryZJRk.CvRWZUTK','aytuncuysal@gmail.com',0,NULL,NULL,NULL,1,'4467da8a4800e8559d4924ab82c03b1b','2020-09-06 20:11:18','5460603b25015934e1816e7eb6e2fa55',NULL,0,0,0,'pending',1,'2020-09-06 20:11:22','176.220.113.202',1,'0000-00-00 00:00:00','2020-09-06 20:00:03','2020-09-06 20:00:03'),
	(98,'Burak Can','FAZLA','$2y$12$h8sCvRDmIz9v3Y/qpi8kE.7fxFYu/NRICYczOe/aYdvY2r..KLzU2','burak_can_fzl@hotmail.com',0,NULL,NULL,NULL,0,'450c8fee6eb3405d1688c6868a4228db',NULL,'da370b702ebe5bfd6f54763e6686721d',NULL,0,0,0,'pending',1,NULL,NULL,1,'0000-00-00 00:00:00','2020-09-10 11:37:50','2020-09-10 11:37:50'),
	(99,'burak can','fazla','$2y$12$4xVz4ODzYrs8MHKmFbyp9ORTrD6II91IdCwyV3Fwcohm.Z2D8UHwe','bucfazla@gmail.com',0,NULL,NULL,NULL,0,'37d45bb9db592e69951f53dcce1ddb27',NULL,'4d3d6a33663443f19350532d8fd61e66',NULL,0,0,0,'pending',1,NULL,NULL,1,'0000-00-00 00:00:00','2020-09-10 11:54:12','2020-09-10 11:54:12'),
	(100,'Cemil','Karakullukçu','$2y$12$kYJ4YhsbPXsB1jD42pwE4uBOEreW.3W5CULdgZrVYFiACogp.WUmO','cemilkarakullukcu@gmail.com',0,NULL,NULL,NULL,1,'ae452e27a071fcc9003ba55fe8325e17','2020-09-10 17:08:02','acfe7bba54901f9478130bfecfc2e3e7',NULL,0,0,0,'pending',1,'2020-09-22 16:11:41','159.146.48.116',1,'0000-00-00 00:00:00','2020-09-10 17:04:12','2020-09-10 17:04:12'),
	(101,'Eşref','Bektaş','$2y$12$uy/M750/TUq8.gD5.j.WzeE1oim5dpfiqMToGvQCaXxbuidgVHDYu','esref@studiobillion.com',0,NULL,NULL,NULL,1,'35d919b00dfad043025d6acc2fd1316a','2020-09-12 14:11:38','64ef49edd842d5c1732a3ad630195eda',NULL,0,0,0,'pending',1,'2020-09-12 14:11:41','212.2.212.137',1,'0000-00-00 00:00:00','2020-09-12 14:11:09','2020-09-12 14:11:09'),
	(102,'murat','ergen','$2y$12$29/eHuY6Gh9eQUu7Y8pbGeh8KIrK3/HQf5PEnS78KNRL5dfTBjZRC','muratergen164@gmail.com',0,NULL,NULL,NULL,1,'743e94ad39476c6336c424abacbb3b53','2020-09-12 19:45:20','2ca9ed420fde6c9868dd49c2a0535149',NULL,1,1,1,'approved',1,'2020-09-12 19:45:42','176.55.151.63',1,'2020-09-12 20:03:42','2020-09-12 19:36:00','2020-09-25 15:08:00'),
	(103,'Can','Aryay','$2y$12$k5Wjos.BXprpJno4oCEz9O1bgPNZ8cN5NjPJ81h6nMjdk3Gwp7IDm','canaryay@hotmail.com',0,NULL,NULL,NULL,1,'6eab590f75a4c048e9e92fa313a7e44a','2020-09-14 14:29:46','97b266bc8079e38e5f0ba8541ba3fd14',NULL,0,0,0,'pending',1,'2020-09-15 10:06:42','46.196.73.133',1,'0000-00-00 00:00:00','2020-09-14 14:29:01','2020-09-14 14:29:01'),
	(104,'Onur','YÜZAK','$2y$12$XK6sF2GyE3eACYtYtXrfBuxws0ndrDeUvbHptmNLzN5e/xKBPVLgC','onuryuzak2@gmail.com',0,NULL,NULL,NULL,1,'2efda4ea64d00c503140819ef07b9033','2020-09-14 20:59:09','8e826d850c8be42142411b891ded59c6',NULL,1,1,1,'approved',1,'2020-11-29 14:43:25','95.7.153.51',1,'2020-09-14 21:06:46','2020-09-14 20:58:25','2020-09-25 15:07:59'),
	(105,'Edip Enes','Çakır','$2y$12$wlVPKVO82JuMutgMwlQjOeyX4cepYwqaaB2/gAykxEfcDadAEDUgO','enes@uncosoft.com',0,NULL,NULL,NULL,1,'f7b5ab838bd8100ecc2afab2873ded64','2020-09-15 09:58:15','e6269a5afc3f3ed5295c1f5c2e631624',NULL,0,0,0,'pending',1,'2020-09-15 09:58:27','31.142.76.209',1,'0000-00-00 00:00:00','2020-09-15 09:57:51','2020-09-15 09:57:51'),
	(106,'Melih','Kara','$2y$12$vIP6EvgJ386EpmQnhYrbReSJ1btmVenDDmlJ5zuWDuHG0WxoqnpGS','dalej94288@mailetk.com',0,NULL,NULL,NULL,1,'cf8ba54f8d11f5e0191a19d43fb5020e','2020-09-16 00:14:35','469763da6c56923ed6af29cc2d1617d5',NULL,1,1,1,'approved',1,'2020-09-24 12:08:04','176.40.250.104',1,'2020-09-16 00:21:54','2020-09-16 00:14:16','2020-09-16 00:22:55'),
	(107,'Eren','Kılınçarslan','$2y$12$1dvE8R3.k0dEbCBw9VTmlOXUjVjLHTPc8Wl884Wp71iVJfFFUyWoK','Erenkilincarslan@gmail.com',0,NULL,NULL,NULL,1,'8c5224d7df2b9285811fa0b6b39c0d20','2020-09-16 10:31:53','f0d73e988725741ab69bf97db8a8f597',NULL,1,1,1,'approved',1,'2020-09-25 17:03:40','78.179.39.57',1,'2020-09-16 15:31:35','2020-09-16 10:31:32','2020-09-25 15:07:57'),
	(108,'Murat','Karacayir','$2y$12$JjAvbzEhZZM2Bd95EvDtbut/6Nsc.XL0AnS1Yjkkk1ayggeRqqTzO','mkaracayir@gmail.com',0,NULL,NULL,NULL,0,'85f8361f7ad95d586180bebdafc73e6c',NULL,'bf6d084f5e33b3bcd11c2163c8508a0a',NULL,0,0,0,'pending',1,NULL,NULL,1,'0000-00-00 00:00:00','2020-09-17 23:20:26','2020-09-17 23:20:26'),
	(109,'mental','upp','$2y$12$Qm3WUY7/NWLrDQRgY5D.x.U1X0q4TDw.n5voKD8AQMLEkauLjGThy','info@mentalup.net',0,NULL,NULL,NULL,1,'83da9253346e9685976a96d180f7d358','2020-09-18 13:16:03','3a7ddb711834a69a4d624a2c114bb0f1',NULL,0,0,0,'pending',1,'2020-09-18 12:47:39','159.146.49.209',1,'0000-00-00 00:00:00','2020-09-18 12:47:11','2020-09-18 12:47:11'),
	(110,'Caner','Çalışkanol','$2y$12$e.P3b4zr4eucVRRW0CGGX.APUDrnWZCN58Fq4ucuRkPnJ1P825FzW','canercaliskanol@gmail.com',0,NULL,NULL,NULL,1,'df90d9face7e1bfad87614f662bcf908','2020-09-19 19:18:34','2e70dc67612dbc45be5e5793945a6f49',NULL,0,0,0,'pending',1,'2020-09-19 19:18:52','212.154.57.50',1,'0000-00-00 00:00:00','2020-09-19 19:17:48','2020-09-19 19:17:48'),
	(111,'Brodeus','Bilisim','$2y$12$oh2DyyqzJfxEcfA2RVp5ROQH/muNvzQWWzDHCggceK09dG/rsHMxC','zeyd@brodeus.com',0,NULL,NULL,NULL,0,'57af9b0c484c99a9aa24998d6c79e496',NULL,'cd2536c8ba18e608839a0987b0b181df',NULL,0,0,0,'pending',1,NULL,NULL,1,'0000-00-00 00:00:00','2020-09-20 12:24:55','2020-09-20 12:24:55'),
	(112,'Hasan','TANER','$2y$12$SdxEExjMMWa0/0IH.arzmutbFHxblf/SGJJuAjqV4crGBdznzjLO2','h.tnr20@gmail.com',0,NULL,NULL,NULL,1,'0706c6d124dbc30e4a77b712ee0668d7','2020-09-20 16:00:03','b458ba3b3f39b9e8d84208487b4e2b0d',NULL,0,0,0,'pending',1,'2020-09-20 16:00:17','178.233.40.108',1,'0000-00-00 00:00:00','2020-09-20 15:59:49','2020-09-20 15:59:49'),
	(113,'Ali','Çetin','$2y$12$2WSZ3fxC9nSes4ZDi.jbFuZXEQvK/p36MSLfFLYmWZcY0oh8w534u','Aly.cet06@gmail.com',0,NULL,NULL,NULL,1,'a557fa9600b3fccb87670a49f2ad42ab','2020-09-22 13:41:11','91280bb24b255123c97c8e144b1275e7',NULL,1,1,1,'approved',1,'2020-09-24 16:03:19','24.133.64.193',1,'2020-09-22 13:57:22','2020-09-22 13:40:47','2020-09-25 15:07:57'),
	(114,'Emrah','Uluçay','$2y$12$qTf89bgYpVkqLzK3YutseOmwZqe2Nihl7JX43A70/dwdfQ4BOdZy6','ulucayemrah@gmail.com',1,'[\"6\"]',NULL,NULL,1,'aa2ca8f19e54ad118d34a61404a78378','2020-09-23 20:09:42','24f299d859b2c90fd6b8d337d5b90eac',NULL,1,1,1,'approved',1,'2020-11-29 18:53:23','46.106.41.197',1,'2020-09-23 20:50:16','2020-09-23 20:09:15','2020-09-25 15:07:55'),
	(115,'deneme','deneme','$2y$12$XQclMuDSwTT9aAL8DGfnuOV.JuXg28zJlzgjNdmRgs.O6gbiTZdlK','ozlehel@gmail.com',0,NULL,NULL,NULL,1,'0cc4922b2d6bf3e480acb44e02410f0d','2020-09-24 13:22:54','46f67cb24efde4455157ecd69db1bf20',NULL,0,0,0,'pending',1,'2020-09-24 13:23:12','176.88.143.86',1,'0000-00-00 00:00:00','2020-09-24 13:00:53','2020-09-24 13:00:53'),
	(116,'Asya','Er','$2y$12$9EnLoenYTeFKnC4PvLSU6uN3epK8HFv2VIn991HFLRASsukjvGTae','gonulasyaer@gmail.com',0,NULL,NULL,NULL,1,'4a11ad380a94418628132b748da8f92c','2020-09-24 13:31:40','61468207190b27f16108d9434f82155b',NULL,1,1,1,'approved',1,'2020-09-25 15:33:00','46.106.14.224',1,'2020-09-24 13:39:02','2020-09-24 13:30:55','2020-09-25 15:07:52'),
	(117,'Şevval','Sefertaş','$2y$12$Om0owtJw7No6.Gc5XoWVM..nzJUUbAjVOsjIZ5iebP7Aq6yQlmDxO','Elfsevo98@gmail.com',0,NULL,NULL,NULL,1,'f29b4db4b2993eebab5dedbf66f3491f','2020-09-27 01:16:25','02cb3a518264c3067dcf3e26f09d12ff',NULL,0,0,0,'pending',1,'2020-09-27 01:16:52','88.243.139.242',1,'0000-00-00 00:00:00','2020-09-27 01:10:32','2020-09-27 01:10:32'),
	(118,'Burak Can','Tavukcı','$2y$12$FGHSIktiRpwsrQGHTigNweQ8mICJxYX1lfcZlqDRVB6Ksvaw0AarS','brkcnt6@gmail.com',0,NULL,NULL,NULL,1,'724a382bb15a03924eb68bd17a9f29a0','2020-09-27 16:21:06','867dd95d8654684cfcc74ae3e7a3405d',NULL,1,1,1,'approved',1,'2020-11-17 11:14:49','5.47.87.198',1,'2020-09-27 16:30:48','2020-09-27 16:20:41','2020-09-28 06:26:32'),
	(119,'Yetkin','Yeşilşerit','$2y$12$GQ8PNk38EeXTcsjeVD3bZ.rDmaKau2O90xvK2AcOxHH//DiSjR/Ou','yetkinyesilserit@hotmail.com',0,NULL,NULL,NULL,1,'17680ced7fd820ef0d693054eb427da5','2020-09-28 05:02:22','1854917a3968108d0e39d9c4828650f1',NULL,0,0,0,'pending',1,'2020-09-28 05:02:25','176.40.248.230',1,'0000-00-00 00:00:00','2020-09-28 05:01:57','2020-09-28 05:01:57'),
	(120,'Alper','Akman','$2y$12$lxlL9QBki6i38bJrACUYX.nM4UbixdUhdMyFx7iBTsE2GyB.oEjNm','ealperakman@gmail.com',0,NULL,NULL,NULL,1,'37b393d7c6e18c0898d50d35c37e1678','2020-09-29 11:16:14','358868f8b637a5a95647cd1f2c466b41',NULL,1,1,1,'approved',1,'2020-09-30 15:43:29','88.243.82.66',1,'2020-09-29 13:05:15','2020-09-29 11:15:41','2020-09-30 11:15:08'),
	(121,'Umut','Isler','$2y$12$Z8YRTe2kTjcsyW6ZPMNwaOiumbYY.SnvTW3VSEoQhsjAuC5hduMny','umutbarisisler@gmail.com',0,NULL,NULL,NULL,1,'635fad2ddbd4fbb61858517ad1cb2a17','2020-09-30 16:54:43','c4c045b8c4616272ab7c2fbeaa335c8b',NULL,0,0,0,'pending',1,'2020-09-30 16:54:59','78.162.82.137',1,'0000-00-00 00:00:00','2020-09-30 16:54:25','2020-09-30 16:54:25'),
	(122,'Ali','Terli','$2y$12$6RscMopXGrNaq7Kd3t9GfOrS3BEA/aXHlzaoGCldOpdtFXg4V5Hsi','iskampus@gmail.com',0,NULL,NULL,NULL,1,'75d628ce9b2ed8f5a60ed9f3f68e7062','2020-09-30 21:45:15','59625723fd46f771a0977a8e3fa1488d',NULL,0,0,0,'pending',1,'2020-09-30 21:45:41','88.243.137.137',1,'0000-00-00 00:00:00','2020-09-30 21:43:39','2020-09-30 21:43:39'),
	(123,'Yunus','Ceyhan','$2y$12$DUSDppden5ZZezuGI/LJ9e0o7w/zR5XcIM7ks61QyOQrvkyoXQom.','ceyhanyunuss@gmail.com',0,NULL,NULL,NULL,1,'ae58ce8786cbb8424013cb7546496d78','2020-10-01 12:51:26','badb45a69f6b8fba04f5a7930b8a01da',NULL,1,1,1,'approved',1,'2020-10-16 16:01:30','31.223.48.169',1,'2020-10-01 13:02:10','2020-10-01 12:51:13','2020-10-01 13:20:26'),
	(124,'Ahmet Enes','Yurdakul','$2y$12$tgXYwrYKevrFX.Mc3c/UGO23iBZxQkoPkiAyc0ewdLXGYoqxSBRCa','e-yurdakul@hotmail.com.tr',0,NULL,NULL,NULL,1,'ca896aa3f48cfdf889daddcbfa5eca78','2020-10-01 20:25:41','d964f09b39036853cff8021ceb6fc5ba','2020-11-09 04:22:54',1,1,1,'approved',1,'2020-11-10 10:39:52','176.227.59.76',1,'2020-11-09 04:26:47','2020-10-01 20:25:14','2020-11-09 10:13:02'),
	(126,'Ömer','Akyüz','$2y$12$VW.N9EcZjSvWdiapTcym4eg8ilgOq37VyrWr1RZUxnVS6Ncfu6gC.','omer.akyuz@anygames.io',0,NULL,NULL,NULL,1,'3049d23aef7b9040ff792c11056f38ae','2020-10-02 16:19:58','ccbc4cbf058d76827e69acbe43048564',NULL,0,0,0,'pending',1,'2020-10-02 16:19:52','46.1.132.72',1,'0000-00-00 00:00:00','2020-10-02 16:19:35','2020-10-02 16:19:35'),
	(127,'Berke','Kadam','$2y$12$dbKBzVrs93BPWifz783xguzVDNr1zNR4rJVf8Ao7.xbcy2AsBgE/u','berke_kadam@outlook.com',0,NULL,NULL,NULL,1,'a7a3fdca0e849df74538680c2b89c0e0','2020-10-04 02:46:25','9a3b69de910145231fc6b384f7be0cee',NULL,0,0,0,'pending',1,'2020-10-04 02:47:38','62.244.219.201',1,'0000-00-00 00:00:00','2020-10-04 02:46:03','2020-10-04 02:46:03'),
	(128,'İlker','Ballikaya','$2y$12$x/RHiumiH6U.xpSXZQZwwOXeCTntfR1qSIKiNUisIcMgzCRsrfs56','ilkerballikaya@icloud.com',0,NULL,NULL,NULL,1,'c1f4e3492a7190452ebd72e2fccd6786','2020-10-05 01:46:32','851d9c777d2916fb75a82aa76928d19a',NULL,0,0,0,'pending',1,'2020-10-05 01:46:40','88.234.21.20',1,'0000-00-00 00:00:00','2020-10-05 01:46:09','2020-10-05 01:46:09'),
	(129,'Kürşad','ÇEVİK','$2y$12$shxgyiXummQyDNQ04ERvUOfbpadIezCnefuQj49UR1vFm/NJsZnAC','kursad.cevik@hotmail.com',0,NULL,NULL,NULL,1,'e5dc7146f9203298dd763c7edd7aa30b','2020-10-05 13:35:34','e2bc4fd6e42833ed6870bacc1a48bd58',NULL,0,0,0,'pending',1,'2020-10-05 13:35:36','82.222.43.37',1,'0000-00-00 00:00:00','2020-10-05 13:34:21','2020-10-05 13:34:21'),
	(130,'Yiğitcan','Öksüz','$2y$12$6ISzUdV.VhR3yuCUdA0fRevSRnvQCfUDZ6kuwnDc4j4pEfFLjWowu','yigitcanoksuz@gmail.com',0,NULL,NULL,NULL,1,'d65b4478fc3bd01360805da7002b4d0e','2020-10-05 16:03:00','18e3737df344ca12338322035aa23f47',NULL,0,0,0,'pending',1,'2020-10-05 16:03:05','176.88.78.2',1,'0000-00-00 00:00:00','2020-10-05 16:02:49','2020-10-05 16:02:49'),
	(131,'Bjk','Hnk','$2y$12$SO8fWZqT0ugtsebQq2nTNOXRkZ7PGEGmEVgiP3J0ynBzJvSpond2S','Ahaha@gmail.com',0,NULL,NULL,NULL,0,'1ad7fc7698f1a38de670ae516732fe5d',NULL,'bcb79eec3dc8d7d30cc7b82c8557ac24',NULL,0,0,0,'pending',1,NULL,NULL,1,'0000-00-00 00:00:00','2020-10-08 15:57:06','2020-10-08 15:57:06'),
	(132,'Bjk','Hnk','$2y$12$UxVGAZwregHKx4WQZQntKemtRPgv6HUA2rFjiXc/guFKUXSVy7Q/.','bbusrakilinc@gmail.com',0,NULL,NULL,NULL,1,'79bb2eb28407d15eb0a68eb13404e4a8','2020-10-08 15:57:54','c44b159729fdb9a5f3bbc4dc1e7d13bd','2020-10-08 16:14:07',0,0,0,'pending',1,'2020-10-08 16:14:52','176.217.159.7',1,'0000-00-00 00:00:00','2020-10-08 15:57:41','2020-10-08 15:57:41'),
	(133,'Arzygul ','Kaiypova ','$2y$12$WGxbWbqSkYUImu4ZRt2GVuYXT8BGCJxEfRUXJTbQg2jyB9phd397S','arzuceviz8@gmail.com ',0,NULL,NULL,NULL,1,'df77b5e5a31846289bb72c1ee5a984fa','2020-10-08 20:26:47','c5e9ca906b34ac2b9a53acf1ff50af40',NULL,0,0,0,'pending',1,'2020-10-08 20:27:08','78.175.231.221',1,'0000-00-00 00:00:00','2020-10-08 20:26:16','2020-10-08 20:26:16'),
	(134,'Ahmet','Mert','$2y$12$W2.LK3z56MUs5XdbKXMYWO14APvu7LkZCysnwKfjAbDsLubYe.0Cy','ahmetm74@hotmail.com',0,NULL,NULL,NULL,0,'41f41a3f0fabfb10d7e06421f093badf',NULL,'6cb7fdc1fcb7e5153d27556dd3bc12a0',NULL,0,0,0,'pending',1,NULL,NULL,1,'0000-00-00 00:00:00','2020-10-09 20:16:40','2020-10-09 20:16:40'),
	(135,'Ahmet','Mert','$2y$12$b1Az23UitSyJZPsITemRuuStNhRNSqgwHHrXFl.uBLh07o7GMD5Sa','forjustice29@hotmail.com',0,NULL,NULL,NULL,0,'fd10051ae181270b8c02cb7e2c63bda1',NULL,'3a22e47eae6834de91aacafccbc492fc',NULL,0,0,0,'pending',1,NULL,NULL,1,'0000-00-00 00:00:00','2020-10-09 20:16:41','2020-10-09 20:16:41'),
	(136,'Alp Berk','Alkan','$2y$12$JKMeazAqxC8RXqRS12BXIO1EioGil.WQSeIZRXjDaIdrK5rIFP/eW','berk.alkn@hotmail.com',0,NULL,NULL,NULL,1,'5b95e944ef313d11aad3e8d87c8d11bc','2020-10-10 00:05:49','840c2eddab09b01856060bfe055e2d06',NULL,1,1,1,'approved',1,'2020-10-13 14:09:50','46.196.196.84',1,'2020-10-10 00:12:41','2020-10-10 00:05:17','2020-10-12 15:22:45'),
	(137,'Muhammed','Türkmen','$2y$12$FzN4hdtWgwFVm7dJTGft..UW58Dre0rYVfS2M6IvfVdS1XBxQXRmy','turkmenmuhammed81@gmail.com',0,NULL,NULL,NULL,0,'779719752602812334f9f979a525878f',NULL,'ff333af00723845daf0ed0ff44d92545',NULL,0,0,0,'pending',1,NULL,NULL,1,'0000-00-00 00:00:00','2020-10-11 13:02:36','2020-10-11 13:02:36'),
	(138,'Ataberk','Oral','$2y$12$s3QDQFmc4CSe0Be163iz8uYiMD1vfpVqj3l7rjDnD9gFjFAlzxuKG','ataberkoral@hotmail.com',0,NULL,NULL,NULL,0,'1082764e35af0b28ab077194871cd2f3',NULL,'7eb3348968befbc3d021ffbc5f6f6c43',NULL,0,0,0,'pending',1,NULL,NULL,1,'0000-00-00 00:00:00','2020-10-11 13:29:05','2020-10-11 13:29:05'),
	(139,'Tamer','Dunser','$2y$12$PZskh6cWZJ.QAUU/3lIE5e0tNFXn55zJQnQZBzgTwSg0Oz3DawvZG','Musausta256@gmail.com',0,NULL,NULL,NULL,0,'3e219dc06c55ef1cc8068ffa51ca7c44',NULL,'9934b009795816d25daa239de0925047',NULL,0,0,0,'pending',1,NULL,NULL,1,'0000-00-00 00:00:00','2020-10-11 17:16:19','2020-10-11 17:16:19'),
	(140,'Nurşen','Bayrak','$2y$12$m0h/E4DTuLj93vEe/3WZ.Ou7pEgPB2rIaFrZr6Je2mN6DrynEoDFW','nursenbayrak@icloud.com',0,NULL,NULL,NULL,0,'56b1be488c74d179766484637ca66a0a',NULL,'b6a119296959bea4fea869d079914adb',NULL,0,0,0,'pending',1,NULL,NULL,1,'0000-00-00 00:00:00','2020-10-11 17:48:44','2020-10-11 17:48:44'),
	(141,'Mehdi ','Değer ','$2y$12$Z52ixPagXBWJMOzqrtKOb.ZE7R7EkaC/eqeIZVc6ywRjrsZt28u1y','Mehdideger5@gmail.com ',0,NULL,NULL,NULL,0,'193e51e7599894ca33a63e3836988989',NULL,'1897f447701bb316fb19fec921ed0e3f',NULL,0,0,0,'pending',1,NULL,NULL,1,'0000-00-00 00:00:00','2020-10-11 20:16:55','2020-10-11 20:16:55'),
	(142,'Ayşe','Yeman','$2y$12$HzkkbBiAdE1cgbITURvq4OQkqUlDZrZ21EE.c5bC4FQRKGCc/TXCK','ayse_yeman@hotmail.com',0,NULL,NULL,NULL,0,'f372422fde8624e0de30468283423659',NULL,'b44b59624f6b2adcc7b2d20c4e66a130',NULL,0,0,0,'pending',1,NULL,NULL,1,'0000-00-00 00:00:00','2020-10-11 21:13:59','2020-10-11 21:13:59'),
	(143,'Bayram','Narin','$2y$12$gHp86M3Zh36Kp0g8R3JSz.8tCFMFp2LgDgsSNYW7r2zyarrxSHpIq','bayramnarinn@outlook.com',0,NULL,NULL,NULL,1,'66b68cc584f892364da8587c6b00dbc3','2020-10-11 21:23:02','784b73d1ab0019160d0c6844d095f1f2',NULL,0,0,0,'pending',1,'2020-10-11 21:22:52','88.230.175.215',1,'0000-00-00 00:00:00','2020-10-11 21:20:22','2020-10-11 21:20:22'),
	(144,'Bayram','Narin','$2y$12$jQOAofUkIpYJrvaJrz7iEOZAHrahBypTn320fF47teHT8eMN/THGO','bayramnarin1928@hotmail.com',0,NULL,NULL,NULL,0,'932c9747a407f38dd9e54b8ea9d71107',NULL,'15245b484c3998d37d839a8360a0fc4b',NULL,0,0,0,'pending',1,NULL,NULL,1,'0000-00-00 00:00:00','2020-10-11 21:21:36','2020-10-11 21:21:36'),
	(145,'cem','yüksel','$2y$12$sMHqKITNsahf5RWg289EjeOkyNZ7ZfVgVOoc3C1R3.kcdrsktKD9u','kkaarraacceemm@gmail.com',0,NULL,NULL,NULL,0,'2823390a03b122209c126c30a8eeda02',NULL,'4e48692052a9a12a406e89cbc6379cd5',NULL,0,0,0,'pending',1,NULL,NULL,1,'0000-00-00 00:00:00','2020-10-12 12:01:13','2020-10-12 12:01:13'),
	(146,'Cem','Yüksel','$2y$12$/XMXdbXaX9b9EdiKg1tBZeX9w7J3hLKsJYHGB6MUgqi77xZKwtZD6','Miracy179@gmail.com',0,NULL,NULL,NULL,0,'24778165b8a7cd687e501c8c68def292',NULL,'ad6bd19c0d68ff914557c443da64bed3',NULL,0,0,0,'pending',1,NULL,NULL,1,'0000-00-00 00:00:00','2020-10-12 12:13:12','2020-10-12 12:13:12'),
	(147,'İzzet Berkay','Karamanderesi','$2y$12$RGUL6MAcCiMbqPOirTrZi.2pWZ6Xm9.HKhkp3yWAzeBCv7zAhY01i','garyosavan@hotmail.com',0,NULL,NULL,'baya iyi adam. işe alım için girmiş girmek için değil\n',1,'66fba9fc62e0e07ca125ccfecc54ef4c','2020-10-12 14:18:29','71105f5221abff6eadb5f24502a429af',NULL,1,1,1,'approved',1,'2020-10-12 15:31:22','176.43.214.105',1,'2020-10-12 14:33:38','2020-10-12 14:18:21','2020-10-16 12:16:26'),
	(148,'Özlem','Güven','$2y$12$8a/Qy.Zfvyz0cyykMQf0/eqrp9YS1FDGPyRoUWp3rjT1zlbz7wtoG','ozlemkoroglu05@gmail.com',0,NULL,NULL,NULL,1,'2f280b49c7dd47b2c6037a2bdbf43b69','2020-10-13 00:56:01','a889f37211b07d967df041e5c7551028',NULL,0,0,0,'pending',1,NULL,NULL,1,'0000-00-00 00:00:00','2020-10-12 14:26:39','2020-10-12 14:26:39'),
	(149,'Hasan','Kavak','$2y$12$TR92Cx25v0BcETFN3WhY6OIjNBGENtIhuNJqdnXRi2WqlzopBoRDC','kavakh1@gmail.com',0,NULL,NULL,NULL,1,'d014298f7c81acd7d510dd536d2a9fca','2020-10-12 14:53:11','1f4f4aeb47dbbd680bff192e1072e325',NULL,0,0,0,'pending',1,'2020-10-12 14:53:05','95.70.129.90',1,'0000-00-00 00:00:00','2020-10-12 14:52:45','2020-10-12 14:52:45'),
	(150,'Eser','Dural','$2y$12$rguB.I8hJf2R8d8sRj8MyuyUOd01/vbNrJ3NDm3ZsHUu8P2j5oyvO','eserdural@gmail.com',0,NULL,NULL,NULL,1,'e24ad0b0edb39a482aef021e24370677','2020-10-12 14:59:01','b623142f404fc9dc327c0aa1bc6dd4cc',NULL,0,0,0,'pending',1,'2020-10-12 14:59:20','46.2.6.108',1,'0000-00-00 00:00:00','2020-10-12 14:58:45','2020-10-12 14:58:45'),
	(151,'Barış ','Soylu','$2y$12$8tGnx9WX4TLLWfLXQJKdUuFiBZ2bWbFpun/f0SR3b3LN3GZseGEqm','barissoylu22@gmail.com',0,NULL,NULL,NULL,1,'cd69732e91a2270075ad608ff6d37fdb','2020-10-12 15:13:23','acb8577db4ab632940ddaca9193a078a',NULL,1,1,1,'approved',1,'2020-11-29 16:34:37','176.88.69.108',1,'2020-10-12 15:43:24','2020-10-12 15:13:10','2020-10-13 14:36:59'),
	(152,'Çağdaş','İnci','$2y$12$xUhVUVHLdYFHTPtWKyP0d.nAv2qDO.H7fSxk8NacV7OTcY0PgPU.y','cagdasinci91@gmail.com',0,NULL,NULL,NULL,1,'6cf32cccf7497d7c1cf2c73fa9e89dff','2020-10-12 15:18:23','527cb567f6678cb15db5c1a3694f86d0',NULL,0,0,0,'pending',1,'2020-10-12 15:19:05','149.140.0.93',1,'0000-00-00 00:00:00','2020-10-12 15:18:08','2020-10-12 15:18:08'),
	(153,'Meryem','Tavşan','$2y$12$8/ukCjVb.8GkGLCGBMzPd.lB/LVEbDwynvJTOPwEE09CCh7Iy5oiK','meryemm.tavsan@gmail.com',0,NULL,NULL,NULL,1,'f258c2f54373e289ad89d8e50b421953','2020-10-13 12:09:01','b959cfd0f8322b3fd5ccdc088b5dd730',NULL,0,0,0,'pending',1,'2020-10-13 12:09:22','176.88.21.231',1,'0000-00-00 00:00:00','2020-10-12 16:46:27','2020-10-12 16:46:27'),
	(154,'Bartu','Erdemir','$2y$12$c3c4DjefbfpdQIpj6aEIYeazG/QniTd5dwipxNb8JjXK9jUf3GpLS','bartuerdemir@gmail.com',0,NULL,NULL,NULL,1,'5432b2666b2ae53e1632ad7e6b27e0fd','2020-10-12 22:11:25','3a011ef5c861a08ea879ed1c741baebb',NULL,0,0,0,'pending',1,'2020-10-12 22:11:48','176.232.107.24',1,'0000-00-00 00:00:00','2020-10-12 22:11:14','2020-10-12 22:11:14'),
	(155,'Betül','Görünmez','$2y$12$sPzkn.kJeSPYje11aMwjN.oOvZEjOWj/S/ct32g.JdEAjXvw6Supu','betul.gorunmez@hotmail.com',0,NULL,NULL,NULL,1,'df6a4d6ca39787516bd6f3695b3ac266','2020-10-13 08:04:37','5048dea3342af5d302e8bbed895e1f0f',NULL,0,0,0,'pending',1,'2020-10-13 08:05:22','176.54.124.27',1,'0000-00-00 00:00:00','2020-10-13 07:41:07','2020-10-13 07:41:07'),
	(156,'Müge','Akaydın','$2y$12$GDQNgNp/tdFeDIcSHzVaa.w9vraDo6P4KAHBd2R5Dz13BJT3si.hy','mugeunlu@gmail.com',0,NULL,NULL,NULL,1,'1a393ea9edfae6bd1179865b9f42a5c3','2020-10-13 08:43:16','dc9de319702f57451b1f5bbf9168cdef',NULL,0,0,0,'pending',1,'2020-11-02 15:47:56','85.153.233.161',1,'0000-00-00 00:00:00','2020-10-13 08:42:33','2020-10-13 08:42:33'),
	(157,'Feyza','Birlik','$2y$12$oy7RMuAZukWvMZH3DR2QuOp6KmW.ZG67SE6GBESSHQDC3.6rKena2','birlik.feyzab@gmail.com',0,NULL,NULL,NULL,1,'7d9b82660b4cb382beab7b9d80dddf61','2020-10-13 10:16:30','6445cc5474242084d7a1f6680070158b',NULL,0,0,0,'pending',1,'2020-10-13 10:16:34','176.40.245.74',1,'0000-00-00 00:00:00','2020-10-13 10:15:54','2020-10-13 10:15:54'),
	(158,'Adem','Demir','$2y$12$9iT8KAuOSFrrHdEQdE9tmeWzCaMsZmWJsSBixJIkOOXCf9MF7tT1.','ddemir.adem@gmail.com',0,NULL,NULL,'16.10.2020 senior sayılmayabilir. mid level eklemek istemiş olmadıgı için sn yazmış. Portfolyo eklicek önümüzdeki hafta. 1 hafta afk\n',1,'cd0c587cb39cfe6473da83fd6d7f841d','2020-10-13 10:52:23','c9b9c494ee2f88bcc6bf0d00cfc9cf24',NULL,1,1,1,'approved',1,'2020-11-20 17:02:57','46.221.168.177',1,'2020-10-13 11:04:30','2020-10-13 10:52:08','2020-10-16 11:36:10'),
	(159,'Emirhan','Şenkal','$2y$12$wq1Qp/diGqxszjAQIcYDA.CFlqngcH0QXifKE3umH6VFtJ7TtNIHy','emirhansenkal1@gmail.com',0,NULL,NULL,NULL,1,'7a83e76b27927370890f0383f2084688','2020-10-13 18:12:52','621612796e1fa47b9688acd80082eec2',NULL,0,0,0,'pending',1,'2020-10-13 18:12:55','88.240.248.181',1,'0000-00-00 00:00:00','2020-10-13 18:12:48','2020-10-13 18:12:48'),
	(160,'dogan','gunes','$2y$12$1MSce1pDkbrjOmXDr9ADsOBg3.etGvsdMxkJUdKg/5YK.jfAOvRu.','emirdgunes@gmail.com',0,NULL,NULL,NULL,1,'6a606ff7e7d4d4ddec42078ad9fb3e02','2020-10-13 22:11:32','05fd904de34abb9426d976ad54285eee',NULL,0,0,0,'pending',1,'2020-10-13 22:11:38','149.0.55.223',1,'0000-00-00 00:00:00','2020-10-13 22:11:07','2020-10-13 22:11:07'),
	(161,'Timuçin Emre','Şen','$2y$12$F9YffVFMpKuuG6cykgeJ0OaKspK0TPFhlH3Vxc.owHwprKT14tjHW','timucinemresen2@gmail.com',0,NULL,NULL,NULL,0,'990de6341323fb9c925415c8070c6103',NULL,'08fd935e50b649f3b8a01fde15af3c6f',NULL,0,0,0,'pending',1,NULL,NULL,1,'0000-00-00 00:00:00','2020-10-14 17:44:19','2020-10-14 17:44:19'),
	(162,'Mehmet','Saygin','$2y$12$cJbBacjIjFtyVt5BZ3NqZeNIClyw.NBwcFoQIfeYu/80.DOtWs5nq','mehmet@upperpik.com',0,NULL,NULL,NULL,1,'49d55ce16b60e0ac1a1ea80c31f5c2ad','2020-10-16 10:34:05','d9e81fca27c7e252d1eff7cab3805960',NULL,0,0,0,'pending',1,'2020-10-16 10:33:53','78.165.20.57',1,'0000-00-00 00:00:00','2020-10-16 10:32:55','2020-10-16 10:32:55'),
	(163,'Furkan','Edikli','$2y$12$hSHPK9.OY3CjrbqgRM0gfODcvCouwJsbrmCeuim34aYKr.Ao1hINK','furkancelaledikli@gmail.com',0,NULL,NULL,NULL,1,'e8d0a367fdfb68f87c637d03e21553af','2020-10-20 19:41:24','4bad32cea59ed5fb2b910f8289c4a903',NULL,1,1,1,'approved',1,'2020-10-21 11:20:28','95.70.245.112',1,'2020-10-21 11:30:33','2020-10-18 11:18:59','2020-10-21 14:20:39'),
	(164,'Armağan ','Canbaz','$2y$12$I/Hao7tB7nEfHil5lxm53eVk8N.bT616Ys.GntyBeUhsICR6nhnc.','arman.cnbz@gmail.com',0,NULL,NULL,NULL,0,'5b0f93c2820cf4c7daebce698dfaaca3',NULL,'d16e85050aac9675917d90d017d9840f',NULL,0,0,0,'pending',1,NULL,NULL,1,'0000-00-00 00:00:00','2020-10-20 19:15:53','2020-10-20 19:15:53'),
	(165,'Bahadır',' Üçyıldız','$2y$12$m9PNhMzb.u/Py.Kjun2lEO9I7Wx0IzjInxpz58LwQCPI/Q7Lfq4Le','bahadir.ucyildiz@yandex.com',0,NULL,NULL,NULL,1,'c63ded7d9afdacaaa35663dc6d17a893','2020-10-20 20:24:54','9bdb17dfc7f5f0cd728eb087c0d93739',NULL,1,1,1,'approved',1,'2020-11-20 16:56:01','85.98.107.208',1,'2020-10-20 20:29:56','2020-10-20 20:24:23','2020-10-21 16:57:33'),
	(166,'Hakan','Akın','$2y$12$bu5aMahhpu1lWpx5vftnD.Q9mCPtovH7H8bjKFhN7R9aNNicV/Ffq','cehakanakin@gmail.com',0,NULL,NULL,NULL,1,'451d74bb9e355388d747d1ed16b75ef9','2020-10-21 17:37:16','3892ba4ef9e9aded607c2a48a5dfeb0e',NULL,0,0,0,'pending',1,'2020-10-21 17:37:18','213.194.71.54',1,'0000-00-00 00:00:00','2020-10-21 17:36:01','2020-10-21 17:36:01'),
	(167,'Muharrem','Karatas','$2y$12$nLrX5nZ/9QqKh8Xe20FAx..XkIta5qUotnTpl6vshDJWg6B6ckIb.','muharremkaratas@yopmail.com',0,NULL,NULL,NULL,1,'246545f6703d76a1be46924c4253c7f7','2020-10-21 22:04:20','7059f47d1afaf49eb0fc3852eadccdf4',NULL,1,1,1,'approved',1,'2020-10-21 22:04:23','176.88.135.229',1,'2020-10-21 22:07:17','2020-10-21 22:04:13','2020-10-22 12:49:12'),
	(168,'Ufuk','Duygu','$2y$12$K3r2k1M98RR0M.FEkeS3muB0tXL4zo/3X8gLQLcvjmm6b1OQhQff2','ufukdy@gmail.com',0,NULL,NULL,NULL,0,'56211f8468a5f0f02dace2f69ebc89dc',NULL,'2e0f6867e71fed95c50420fff15e59a4',NULL,0,0,0,'pending',1,NULL,NULL,1,'0000-00-00 00:00:00','2020-10-22 15:10:05','2020-10-22 15:10:05'),
	(169,'ugur','polat','$2y$12$VLqieIUDvuO9/5tYImIileTMioMmFkTiiehdRvggo2cA1kWFw.N5i','ugurpolat113@gmail.com',0,NULL,NULL,NULL,1,'80913bc234e47b1f3131f0cc3749a0d7','2020-10-22 16:05:38','014e6ceb7a228f90e0bc0df15aaf5d8b',NULL,0,0,0,'pending',1,'2020-10-22 16:05:43','176.88.69.81',1,'0000-00-00 00:00:00','2020-10-22 16:05:14','2020-10-22 16:05:14'),
	(170,'Burak','Ekmen','$2y$12$R14/Ng1vMRk/694Nw2jQWuZbGYx5u11b4P8403czOBVFJSYPaYNaG','ekmen.burak@hotmail.com',0,NULL,NULL,NULL,1,'6ba93b2ed38a7adc2c753a4080149de9','2020-10-22 17:27:42','b3dac4caeb3e24efa84057109f8f6908',NULL,0,0,0,'pending',1,'2020-10-22 17:28:03','159.146.49.40',1,'0000-00-00 00:00:00','2020-10-22 17:27:00','2020-10-22 17:27:00'),
	(171,'Salih Özgür','Atik','$2y$12$7BYooDEG8P.A8m400kluQOJE4a1IRHTlviJbzQ/hN6UYz6UUIK/l2','ozgursalihatik@gmail.com',0,NULL,NULL,NULL,1,'1b80c64aa575320c56672775d53ec259','2020-10-22 21:10:10','4ff64df568aa0731b3d1379a4ddda302',NULL,1,1,1,'approved',1,'2020-10-23 15:13:46','31.206.8.204',1,'2020-10-22 21:16:51','2020-10-22 21:09:39','2020-10-23 12:56:51'),
	(172,'Aytunc','Uysal','$2y$12$4.Jxi1IhYvWy3pnSXxayZeWTxTaffvfB4cwD8n14PqJUWjyd5qIeO','mraytuncuysal@gmail.com',0,NULL,NULL,NULL,0,'85a462b66856724de7606c7d5e4f45f0',NULL,'1a1f7355b71231567e87ec7ad8eec4d7',NULL,0,0,0,'pending',1,NULL,NULL,1,'0000-00-00 00:00:00','2020-10-23 10:26:29','2020-10-23 10:26:29'),
	(173,'Mert','Aksu','$2y$12$qMAI9uRAXE749m1q5k4X.u76JuFzdOSU9YbU84H84K4kHSYyoH0mi','mertaksu1653@gmail.com',0,NULL,NULL,NULL,0,'627d34e7808968b109d50e1fcac1f674',NULL,'28aacd197990873f5773e79dca1dd59d',NULL,0,0,0,'pending',1,NULL,NULL,1,'0000-00-00 00:00:00','2020-10-24 18:20:17','2020-10-24 18:20:17'),
	(174,'Kenan Fuat','Türetken','$2y$12$FoJC4SwVbjaX8YGjQuDGWuEjhVsAHabg4GOAn4/nPMrpdwsmRGPwS','turetkenfuat@gmail.com',0,NULL,NULL,NULL,0,'5a8e3047e16e3676c773a05055d3fc78',NULL,'9a151e23bc5e4ed78f1a92dc0e998af1',NULL,0,0,0,'pending',1,NULL,NULL,1,'0000-00-00 00:00:00','2020-10-25 11:24:39','2020-10-25 11:24:39'),
	(175,'İbrahim Furkan','KODAK','$2y$12$HrhQUtVXeMBi9lTmvn2CxO1QKgBRDG8X2JIQecYJxMvJ2eBRy7gga','furkankodak40@gmail.com',0,NULL,NULL,NULL,1,'314b26bb5dce9094464ec37e678ca365','2020-10-25 15:07:19','14e409660801b1459490d63710b9f57e',NULL,1,1,1,'approved',1,'2020-10-25 15:07:25','31.206.0.235',1,'2020-10-25 15:17:39','2020-10-25 15:07:04','2020-11-05 13:21:58'),
	(176,'Harun','Okumuş','$2y$12$t7m19Qq2Qq47IdNBPUFuDO45kKg4z.9EHG8W0Kx.jUp/p7208mjC6','harunookumus@gmail.com',0,NULL,NULL,NULL,0,'57e54bf7ac9dcef7ace526894d8eea49',NULL,'9ae28ba6316e62272fb0f22be600fb79',NULL,0,0,0,'pending',1,NULL,NULL,1,'0000-00-00 00:00:00','2020-10-29 11:07:13','2020-10-29 11:07:13'),
	(177,'Tarık','Bir','$2y$12$xc1z5gdieysEtoXprndzOe1qyylC2Hilxv.TESgvjkQNmlUlSfUku','tariktheone@hotmail.com',0,NULL,NULL,NULL,1,'e2098239002cbe9e30cb2dc9cf135022','2020-11-01 17:02:03','8e5f66fbbcb59382be20fb114bce06a0',NULL,1,1,1,'approved',1,'2020-11-01 17:02:05','78.190.142.147',1,'2020-11-01 17:11:09','2020-11-01 17:01:45','2020-11-05 13:21:56'),
	(178,'Sercan','MUHLACI','$2y$12$kXKilaHg4bBa/xvCzQTaIezEiMAfo5PI2KUlqya2IfH4v54wJRx.u','sercan.620@gmail.com',0,NULL,NULL,NULL,1,'b3084e06a933a5eb603149bc160e59bd','2020-11-02 19:29:52','58970dfe0d95de4e30155bcc7dd6e840',NULL,1,1,1,'approved',1,'2020-11-03 09:49:20','46.196.69.227',1,'2020-11-02 19:34:30','2020-11-02 19:29:13','2020-11-02 20:36:25'),
	(179,'Kemal','Erdem','$2y$12$RVsjAJgnWZFcNIVMzj2dc.r1xhccJyWYGRI44GeWbhS3WzRXkiRvi','kferdem@hotmail.com',0,NULL,NULL,NULL,1,'7e9f13338d5f7833ebebf94937e9cd13','2020-11-02 21:09:01','7dc57ca11ccf80f9d017655e5049cad3',NULL,0,0,0,'pending',1,'2020-11-02 21:09:42','174.114.142.29',1,'0000-00-00 00:00:00','2020-11-02 21:08:34','2020-11-02 21:08:34'),
	(180,'Feridun','Engin','$2y$12$wXZAw2FeT3H6w8hkZshPe.BQbOQIfb2HzrPr/7x6uFsR1Dj/UR3Aa','feridun_engin@outlook.com',0,NULL,NULL,NULL,1,'0132fe6c8ef51b32a5aa8d2152d3a7fb','2020-11-03 17:11:35','746c5b5f085b8e66304bc4a31a533514',NULL,0,0,0,'pending',1,'2020-11-03 17:11:41','91.93.39.109',1,'0000-00-00 00:00:00','2020-11-03 17:11:00','2020-11-03 17:11:00'),
	(181,'Baturhan','Akbulut','$2y$12$8/hW/17kq/bJ7OUtSYjh.eUKL9LnF6xi7EOV0AFtxmtfcsVES/JkG','baturhan20011@gmail.com',0,NULL,NULL,NULL,1,'57a3a2e8f4cce30d90c5fe8b3820c471','2020-11-04 18:17:28','0a69e0d6d37eba11612189bfc371f348',NULL,0,0,0,'pending',1,'2020-11-04 18:17:36','85.96.219.246',1,'0000-00-00 00:00:00','2020-11-04 18:14:05','2020-11-04 18:14:05'),
	(182,'Nazli','Yoney','$2y$12$lMhnJ2.vI0sa7TXBKjrxaeZn5AC4YExHghZFKN1b1Ay.DKu9gmSB2','nazlican@google.com',0,NULL,NULL,NULL,1,'6cde3be78469d5c1cf52922d16fcaa4b','2020-11-05 12:33:09','dbca929ba0d2855923cfdc3cf966d05e',NULL,0,0,0,'pending',1,'2020-11-05 12:33:11','212.252.119.144',1,'0000-00-00 00:00:00','2020-11-05 12:32:57','2020-11-05 12:32:57'),
	(183,'Ali','Anılır','$2y$12$CJV1E/tJKvfGF3ixZxl5muErmbb1tZkgSXqTNHqa7k9zMwg/meSHm','aaanilir@gmail.com',0,NULL,NULL,NULL,1,'2bcde10a87d91c545e343a29a61cbbdc','2020-11-06 13:39:30','91e0725ee0b3effd5cc80a9f678451e8',NULL,0,0,0,'pending',1,'2020-11-08 15:45:22','46.155.81.78',1,'0000-00-00 00:00:00','2020-11-06 13:39:02','2020-11-06 13:39:02'),
	(184,'Özge Sena','Deveci','$2y$12$SRvFr8nV2S425b00d1gFA.xR.zAvrEsZp5eBKNfir3cFhGOwkM4wu','ozgesdvc@hotmail.com',0,NULL,NULL,NULL,1,'3a9b33c9819265f9b26e20ac39d689a4','2020-11-06 13:54:47','6bb81acfff99411a2bafdf5bceac5041',NULL,1,1,1,'approved',1,'2020-11-17 11:26:21','78.162.151.212',1,'2020-11-06 14:07:10','2020-11-06 13:50:27','2020-11-16 15:53:54'),
	(185,'Emre','Ayaz','$2y$12$EzeWNf.9PmWF9U6oLuU0PuejokYng0th1E.ivoWETqTPP.s.6sqg.','emre.ay.az@hotmail.com',0,NULL,NULL,NULL,0,'cc91bb668146f51d83b0ada9de58719c',NULL,'6582f64cb9bd1532e96c1c1f643dd939',NULL,0,0,0,'pending',1,NULL,NULL,1,'0000-00-00 00:00:00','2020-11-06 14:05:38','2020-11-06 14:05:38'),
	(186,'Hakan','Özer','$2y$12$NIpPWq6l2iG6SOiUTIBNQ.J3hTP8EZQqtutQioHi4bAwDq0cBp68S','hakan@reboot.ist',0,NULL,NULL,NULL,1,'25fa500982eb7e3090dc17a45833e125','2020-11-06 14:30:13','2b5ef8c5caa08a9d679c2329ddd60884',NULL,0,0,0,'pending',1,'2020-11-06 14:30:21','46.2.58.185',1,'0000-00-00 00:00:00','2020-11-06 14:29:59','2020-11-06 14:29:59'),
	(187,'Harun','Bahtiyar','$2y$12$l5sveLnUOdv1AXXO5/slwOx9E6AgEoE71X6t7M0uMsi4EZWqHFkGK','Harunbahtiyar14@gmail.com',0,NULL,NULL,NULL,1,'c723b1301dc1ab05df451f1447892cfd','2020-11-07 09:34:19','81cbde6f74881fbaa92cd9b17245a422',NULL,0,0,0,'pending',1,'2020-11-07 09:34:38','178.247.6.136',1,'0000-00-00 00:00:00','2020-11-06 21:44:34','2020-11-06 21:44:34'),
	(188,'Mehmet Sinan ','Ağaoğlu','$2y$12$Az2pCJzJWMb4nVkjTC28uemk8RKt8vn.QmJ8ObSpXrcKLTCI81Xuq','sinan.agaoglu@outlook.com.tr',0,NULL,NULL,NULL,1,'ef60598fbe0be2d893a39fcc3f5821c2','2020-11-07 09:55:09','a1afec1cdb013ba2580fd6d9f6499c92',NULL,1,1,1,'approved',1,'2020-11-21 07:58:42','78.190.196.194',1,'2020-11-07 10:02:48','2020-11-07 09:54:53','2020-11-16 15:53:56'),
	(189,'Işıl','Utku ','$2y$12$DCI3eQmb794imzj0EK1iNOeEDrJHGHOb02q9D5vjjwQriCp0eOl0G','nisilutku@gmail.com ',0,NULL,NULL,NULL,1,'534fbd62b880778fae5d440015db4218','2020-11-09 23:56:10','d09bd6d024b3a46e2317d61480420c7c','2020-11-10 00:03:45',1,1,1,'approved',1,'2020-11-16 23:28:35','46.154.230.127',1,'2020-11-10 00:20:32','2020-11-09 23:49:02','2020-11-16 15:53:51'),
	(190,'semih','erolmez','$2y$12$2eaxWvXZsTAFQLYs1Zf8JeikbkTJvIemoadPwkN.RHci8KEmzez2.','semiherolmez@gmail.com',0,NULL,NULL,NULL,1,'819f21f9170de6fd640ded96125310b5','2020-11-14 14:51:34','f86a68291ef03b7a77787eba25f74bb3',NULL,0,0,0,'pending',1,'2020-11-14 14:51:44','46.196.72.41',1,'0000-00-00 00:00:00','2020-11-14 14:50:51','2020-11-14 14:50:51'),
	(191,'Hakan','Türktasar','$2y$12$/ohDyni9/FW0EElEJY/J.eVxpnVVVlUbz3uSmyIiIPjUasxxK.2J.','hakantuerktasar@gmail.com',0,NULL,NULL,NULL,0,'bb28053c4314613b824df1ea71150534',NULL,'d00a37fd1f68188c49738e9a4e4ce822',NULL,0,0,0,'pending',1,NULL,NULL,1,'0000-00-00 00:00:00','2020-11-15 02:11:55','2020-11-15 02:11:55'),
	(192,'hakan','tuerktasar','$2y$12$FvQJwqbMi.Wnt3KEmLAW7Os3OXW00XJBoT7fgPxnLqy3M435o.DGS','hakanturktasar@gmail.com',0,NULL,NULL,NULL,1,'907fefcc30de9c8e20e9d111dbaa6f92','2020-11-15 02:13:45','4ffb494e4ba445e457bc31e7c850d4cd',NULL,0,0,0,'pending',1,'2020-11-15 02:13:49','95.223.75.254',1,'0000-00-00 00:00:00','2020-11-15 02:13:29','2020-11-15 02:13:29'),
	(193,'ayçe','oray','$2y$12$OXT8DSBH7GQj0xITUI8Eeu5Av61McjUm0cuSqsamJQa4K8fTBiBrC','ayceoray@gmail.com',0,NULL,NULL,NULL,1,'5f7b41804fb57b68dad23af481dee4ab','2020-11-17 14:38:13','69343d8db7452f18e216ffe04f95ade6',NULL,0,0,0,'pending',1,'2020-11-17 14:38:27','78.183.111.64',1,'0000-00-00 00:00:00','2020-11-17 14:36:43','2020-11-17 14:36:43'),
	(194,'Özcan','Çelik','$2y$12$ANWjTILvslaY014is1lW1O8WHcTRy/PRQiRGe83X8EGZ03e73ekb.','emreeeaykutt@gmail.com',0,NULL,NULL,NULL,1,'807b35ab544cb63a845f3707bb047f2a','2020-11-18 17:23:20','5260d21f8059b0500c4ecceabe4e2127',NULL,0,0,0,'pending',1,NULL,NULL,1,'0000-00-00 00:00:00','2020-11-18 17:17:48','2020-11-18 17:17:48'),
	(195,'Özcan','Çelik','$2y$12$6W14Z1LjM2qzwGulPK059OlhEXURgl5wnulMjEh/19RwuD8AsCh36','goreality@gmail.com',0,NULL,NULL,NULL,1,'bb7fed8d99694d550f0ce4b3fa533a45','2020-11-18 23:46:03','7c21a1517988d1be26c850b1672eb57a','2020-11-18 17:22:44',1,1,1,'rejected',1,'2020-11-18 17:23:02','46.196.205.27',1,'2020-11-18 17:30:02','2020-11-18 17:20:22','2020-11-21 18:23:59'),
	(196,'Kıvanç','Pamukçu','$2y$12$CzvxMWujKuQUTFN1cvgcfe1TIZ/Grqqe6EnFBnbCCqc2oAzTd9Klq','kivancpamukcu@gmail.com',0,NULL,NULL,NULL,1,'a5023048f77efc2beb24e1d616c98f1d','2020-11-18 17:29:40','c1680570553f6a0b292aade3c731e41f',NULL,1,1,1,'rejected',1,'2020-12-01 16:52:09','178.243.55.4',1,'2020-11-18 17:41:15','2020-11-18 17:29:19','2020-11-21 18:23:57'),
	(198,'Kerem','Özer','$2y$12$16PdHwLgb0LlfOo/hMY4QOUMAJnButhGa04i09a.8bBDhd1stAoc.','kozer@pdinos.com',0,NULL,NULL,NULL,1,'06b367a27aa253824bcec4ba4cfbf660','2020-11-19 09:24:30','38e0837987821a217d32cf817b633b59',NULL,0,0,0,'pending',1,'2020-11-19 09:24:48','176.234.230.0',1,'0000-00-00 00:00:00','2020-11-19 09:23:43','2020-11-19 09:23:43'),
	(199,'Arda','Zeytin','$2y$12$Sv4SVOoD5a8D716rg1tdg.soBSiVwaWwW1N5oehZkiWAecfKGX6XG','ardazeytin@outlook.com',1,'[\"9\"]',NULL,NULL,1,'c57c99ab064ed31f5b0dc0dc9da6ea2c','2020-11-19 18:48:41','c787db2700737862d64e761027affe2a',NULL,1,1,1,'approved',1,'2020-11-21 10:22:17','185.19.155.191',1,'2020-11-19 19:10:51','2020-11-19 18:47:46','2020-11-19 19:14:30'),
	(200,'Mehmet Can','Çiçek','$2y$12$48/7ZMDu.mjZJPedBW6pMumnGr7GWw73xtU7neVeBVS38l.PHlY1K','m.c.cicek@hotmail.com',1,'[\"9\"]',NULL,NULL,1,'1ec793ca1ca60cc2a6ecc29ee15038b2','2020-11-19 18:50:44','f6b6d09e56b292c8136024d029b473e0',NULL,1,1,1,'approved',1,'2020-11-19 18:50:58','46.1.119.182',1,'2020-11-19 18:54:51','2020-11-19 18:48:12','2020-11-19 19:14:24'),
	(201,'Sercan ','Alkın','$2y$12$8Fbpl9fc66yDZTj4S8gmPe.mEgAUQ/Dqi1tat.38pkJpWKqmhXVE6','sercan.alkin@hotmail.com',0,NULL,NULL,NULL,1,'19390a158695365d9ff336689a040d49','2020-11-23 10:11:04','c45509e35c035cce370c370c69cd5311',NULL,1,1,1,'approved',1,'2020-11-23 16:39:02','88.245.39.231',1,'2020-11-23 10:15:25','2020-11-23 10:10:46','2020-11-23 15:08:00'),
	(203,'Batuhan','Atamal','$2y$12$RISfuPB2m6S1C1rx.x9ZNegIspWRy7al23J.Cr.OgGdZjG9Q4a0me','batuhanatamal@hotmail.com',0,NULL,NULL,NULL,1,'5b26e62085a52b401ff224cd18998b2a','2020-11-23 19:48:16','8532fd6e185699e069b1b2acc7d20b4a',NULL,1,1,1,'approved',1,'2020-11-27 06:24:52','176.88.46.220',1,'2020-11-23 19:57:45','2020-11-23 19:46:50','2020-11-23 20:01:42'),
	(204,'Samet','BULDUK','$2y$12$HPgWwbrXrm/iLJaQJcGqCOc5a2AIH7.Eg7e9vk7ROSLoIm1VWHHFW','bulduksmt@gmail.com',0,NULL,NULL,NULL,1,'4bd45dc124e05a1372f86eadededdc89','2020-11-23 20:36:41','e020dd2506e9945c8c8c237109271c0a',NULL,1,1,1,'approved',1,'2020-11-26 15:53:29','159.146.45.51',0,'2020-11-23 20:42:49','2020-11-23 20:35:53','2020-11-26 15:46:26'),
	(205,'Mustafa Kemal','YILDIRAN','$2y$12$SWG5tQ/oN1fbHnhsb17Sp.XY1Xpcqa1WoSVZALzbNWkwzmE7vXMrK','yildirankemal1337@gmail.com',0,NULL,NULL,NULL,1,'c0f8c7a9efe5446411ce8fc24ed66857','2020-11-23 22:48:35','a6566361d29a2b8fda102759d4c93f68',NULL,0,0,0,'pending',1,'2020-11-23 22:48:42','193.106.63.83',1,'0000-00-00 00:00:00','2020-11-23 22:48:27','2020-11-23 22:48:27'),
	(206,'Berke','Kiran','$2y$12$jrh1KXRlzG8DGboMVQLHmucvNTYtpsHTHHg0qfZLaP2cJ.MhjL97C','berkekiranofficial@hotmail.com',0,NULL,NULL,NULL,1,'becb2c2f630238214a1b04264e2de8be','2020-11-23 23:07:09','b5e4d4b6be2133139fd38bc72ac21d72',NULL,1,1,1,'approved',1,'2020-11-26 19:16:37','195.142.71.187',1,'2020-11-23 23:30:58','2020-11-23 23:06:53','2020-11-26 15:46:31'),
	(207,'Ahmet','Özsarı','$2y$12$oCXL05DYI/akc9NxL3nUne5B0fbOd/4pDisO8y0WWWCmbEe9uiNqC','ahmetozsarieng@gmail.com',0,NULL,NULL,NULL,1,'7415e52c7a66a215549dad1be8aa1f9b','2020-11-23 23:16:27','90b9c846540ef6cb55961bf19859a4fc',NULL,1,1,1,'approved',1,'2020-11-30 01:22:16','78.190.69.105',1,'2020-11-23 23:23:20','2020-11-23 23:15:33','2020-11-26 15:46:33'),
	(208,'Uğur','Atmaca','$2y$12$rvmRgbNJR.IB.WhHomMyKe7AKsYftuUOyFhpt5OAQZburmsdwy94.','uguratmaca87@hotmail.com',1,NULL,'Medisouth',NULL,1,'4416bb8ac6c48b03604af01112a9bd52','2020-11-24 00:08:34','fddd6fbd50d9b5d86cebe193a371f8cd',NULL,1,1,1,'approved',1,'2020-11-24 00:08:37','95.70.147.101',1,'2020-11-24 00:13:49','2020-11-24 00:08:15','2020-11-26 15:46:17'),
	(209,'İbrahim','Gök','$2y$12$dnatLBD0S1nZzutiLtHYIuYggJN7VSdGjPSZHLLegQHoVdjsr7Cm6','rahimgok41@gmail.com',0,NULL,NULL,NULL,1,'846eef4278ff10fde8aafcdadedb63f1','2020-11-24 00:27:41','6892d9ca557cb14fb17156a3a2b1b9b1',NULL,1,1,1,'approved',1,'2020-11-29 02:37:32','78.171.77.65',1,'2020-11-24 00:34:14','2020-11-24 00:27:22','2020-11-26 15:45:57'),
	(210,'Yalçın','Kirik','$2y$12$tsh1LN7S.sf7wVjX87w9kuCY2IxIBNiKVY.6HvkMRIAJ1sAgRfZT2','yalcinkaptan38@gmail.com',0,NULL,NULL,NULL,1,'0c3aa04c77466525b254bab726341ad6','2020-11-24 01:47:27','501f41e042a469de3cf6bc4e559638c4',NULL,0,0,0,'pending',1,'2020-11-24 01:47:43','176.43.209.2',1,'0000-00-00 00:00:00','2020-11-24 01:46:59','2020-11-24 01:46:59'),
	(211,'Burak','YILDIZ','$2y$12$AzsHTYiRk.kGmz0npd.vL.isT5Hrxv11Z4ii4iJrvqjc6nacRWt8.','iletisim.burakyildiz@yandex.com',0,NULL,NULL,NULL,1,'afa7b63985d99ea09d38c0c739c77fcd','2020-11-24 02:04:05','8150cd15c5653ac7c65bc57dfec4a21d',NULL,0,0,0,'pending',1,'2020-11-24 02:04:16','78.189.155.64',1,'0000-00-00 00:00:00','2020-11-24 02:03:38','2020-11-24 02:03:38'),
	(212,'Emin Emre','Kayış','$2y$12$zmBl08W/bhON.at2U3NPpuEePIw7KD/ikNgTY/3DsoFmVWrn4ZsL.','by.lithill@gmail.com',0,NULL,NULL,NULL,1,'381a79125414b3e316f9125dee154b80','2020-11-24 11:47:04','f7a9b56e24c5a76dbba66035f8e14a10',NULL,1,1,1,'approved',1,'2020-11-27 02:54:53','95.12.114.190',1,'2020-11-24 03:57:11','2020-11-24 03:32:07','2020-11-26 15:46:36'),
	(213,'Batuhan','Canatar','$2y$12$O2OvpuWEr5T3TQNvxkNpBucYnn8NKFoQ0CYI90nyGLDLMOQqIZqz2','batuhancanatar@gmail.com',0,NULL,NULL,NULL,1,'6a516a71038dc3dc27aa24af5475dea8','2020-11-24 09:23:23','c5821c5db698087dc84a232278fdb2a2',NULL,1,1,1,'approved',1,'2020-11-30 11:16:39','176.234.9.116',1,'2020-11-24 09:30:32','2020-11-24 09:23:10','2020-11-26 15:45:54'),
	(214,'Ali Emre','Yılmaz','$2y$12$aluPG/n/3FU6twWGb9ikted27volIwjoJ58S7tb3mz0b1E.iDwH8K','aliemre11s@hotmail.com',0,NULL,NULL,NULL,0,'1a711e9c3fcb276b1a61c432eb4e609a',NULL,'6e6e8564ed26f9953f907187c2308eb9',NULL,0,0,0,'pending',1,NULL,NULL,1,'0000-00-00 00:00:00','2020-11-24 10:53:03','2020-11-24 10:53:03'),
	(215,'Deniz','Şimşirler ','$2y$12$Z7qmyi93tDBQRpsw79A7peZvtNAMj9Ez3RCE9hpdyfapc3rT.ED0y','Denizsimis@gmail.com ',0,NULL,NULL,NULL,1,'9efc1cd934728edf60ce2f3057da97c7','2020-11-24 13:43:10','8982f6f4cb808b7d9e271063a4804ec4',NULL,0,0,0,'pending',1,'2020-11-24 13:19:49','5.24.98.200',1,'0000-00-00 00:00:00','2020-11-24 13:18:04','2020-11-24 13:18:04'),
	(216,'Burcu','aslan','$2y$12$EeOnIKJnoVKuX2SHDPnKFehETMrE45z3/DPdSN8/3/k3zKu5kgJnO','imran.bilgili.2008@hotmail.com ',0,NULL,NULL,NULL,0,'e7328cc534228ff7a168b16552e70589',NULL,'c3f924cb204183794b543b5cc334151f',NULL,0,0,0,'pending',1,NULL,NULL,1,'0000-00-00 00:00:00','2020-11-24 13:29:52','2020-11-24 13:29:52'),
	(217,'Elif','Kaya','$2y$12$K00K7E7yrsOPczztcQFMju1N.SVsFI6tYhhXJYHKFiRgep.EWaKuO','elifkaya4106@gmail.com',0,NULL,NULL,NULL,0,'8c998af0249510fee24460f7266829e9',NULL,'4b5558f9d6cf123618220cc2a5dd7cb4',NULL,0,0,0,'pending',1,NULL,NULL,1,'0000-00-00 00:00:00','2020-11-24 14:52:18','2020-11-24 14:52:18'),
	(218,'Uğur','Güneysu','$2y$12$lMZ2OqXIoir2O0JiZx5fiuri6QGEaLkUFoFq/W3XO4Fv4bdwRJovS','gnysugur@gmail.com',0,NULL,NULL,NULL,1,'dd88163105b6923d447f588f1d4de577','2020-11-24 15:46:37','17a2a9381605b1406ce414662109fbf9',NULL,1,1,1,'approved',1,'2020-11-24 15:46:40','88.241.24.224',1,'2020-11-24 16:01:39','2020-11-24 15:46:24','2020-11-26 15:45:52'),
	(219,'GÖKMEN','bahçesular','$2y$12$zqIhd8CMCIuHxvo/xP/KFOujZuG2TPtZFabWfSKwF9qlEmQy.WQ/m','gbahcesular@gmail.com',0,NULL,NULL,NULL,1,'676746f00ba4c824bc7d6c2355a9946f','2020-11-24 18:09:49','21fc732545b4a8bb4f980f4ea79d3c14',NULL,0,0,0,'pending',1,'2020-11-24 18:09:58','78.169.88.61',1,'0000-00-00 00:00:00','2020-11-24 18:09:20','2020-11-24 18:09:20'),
	(220,'emrullah','demirci','$2y$12$AEnreAdBCseT7eXNeb4kGOXYUjDtm4Hez6hCTWNVseGX2EJtcMiAe','emrullahd8d@gmail.com',0,NULL,NULL,NULL,1,'fbd1507fbcf4099fea3740409eeecd25','2020-11-24 19:22:11','cc84fcb3af755f5525417f6d9bec9e42',NULL,0,0,0,'pending',1,'2020-11-24 19:06:29','213.74.84.142',1,'0000-00-00 00:00:00','2020-11-24 19:05:25','2020-11-24 19:05:25'),
	(221,'Serkan','Duran','$2y$12$a4aNFUWKkbpgevijIiSt5.4Q./4D8bQv5baSSz4.dPpuXcyPqUc5C','serkvulpx@gmail.com',0,NULL,NULL,NULL,0,'d290b87e5157533ebcaaf2a6e2a63939',NULL,'8b22e0c91d4dc8342df789af6bdb7caf',NULL,0,0,0,'pending',1,NULL,NULL,1,'0000-00-00 00:00:00','2020-11-24 20:38:38','2020-11-24 20:38:38'),
	(222,'Nasrullah','Keskin','$2y$12$GKPJquyh23UZhEVTz.3Rtu6Mt2Naz0Hkf1VsXZFW.qz0BYGzamYGm','whodoomx@gmail.com ',0,NULL,NULL,NULL,0,'d92c190354e06bc31c4582eb77c5eb37',NULL,'47bac1b79b067b00bf427eda2e5b0559',NULL,0,0,0,'pending',1,NULL,NULL,1,'0000-00-00 00:00:00','2020-11-24 22:28:41','2020-11-24 22:28:41'),
	(223,'Koray','Ayvaz','$2y$12$/Mpi39RFm2jZtPpvf6fBcOQLGLT95kd.naZGWHXrKLazrIbvGKoi2','korayayvaz.18@gmail.com',1,NULL,'Binbir games ',NULL,1,'3fca33a8536e679010d865c8822dd490','2020-11-25 00:42:46','6989dfff2e71fe52f759d8f29ef342b1',NULL,1,1,1,'approved',1,'2020-11-26 17:11:59','88.231.56.8',1,'2020-11-25 00:50:15','2020-11-25 00:42:15','2020-11-26 15:45:48'),
	(224,'Batuhan ','Aydın','$2y$12$OLT2Xt1m6iL.IeeYAJwUxeA2SNQoGmbnVNlYHCiom8AGKO2oMcScC','bbatuhanaydin@gmail.com',0,NULL,NULL,NULL,1,'c8028ec725d3690ad3aa4883bf3a3cfb','2020-11-25 11:23:16','c2cad578831e5880a68288ed9681550a',NULL,1,1,1,'approved',1,'2020-11-26 18:23:00','176.233.70.57',1,'2020-11-25 11:28:50','2020-11-25 11:22:53','2020-11-26 15:46:43'),
	(225,'Ozan','Öztaş','$2y$12$wedfg3pyjB7xJEaLKXmwVeu3RtFOGpuNSg.F3vwbTZUhO6HEv1PGW','ozan.oztas@hotmail.com',0,NULL,NULL,NULL,1,'159209162efdd7eb1887e2eed78ce392','2020-11-25 14:36:07','ca5a16d23ecefed4e9fd78872440c981',NULL,0,0,0,'pending',0,'2020-11-25 14:36:16','5.24.108.145',1,'0000-00-00 00:00:00','2020-11-25 14:35:17','2020-11-25 14:35:17'),
	(226,'MUTLU BARIS','KIZILKUS','$2y$12$1Dg/QPxsM7h5P9Ub2X2N6uGwujLjb6hauEdDMORWWc0kAMaYRR10m','mbkizilkus@gmail.com',0,NULL,NULL,NULL,1,'6cabcef96e11cbffb715a692540c3708','2020-11-25 14:40:23','06504ea2db2a3406313998a20896e45d',NULL,0,0,0,'pending',0,'2020-11-25 14:40:31','24.133.98.209',1,'0000-00-00 00:00:00','2020-11-25 14:39:49','2020-11-25 14:39:49'),
	(227,'kaan ','kisakurek','$2y$12$08PhAM4mK/AiOnSnFVeOQ.0AxtB2dLDlmONL2Uz0soqpyO.fIf0wK','kaankisakurek@hotmail.com',1,NULL,'Lion Studios',NULL,1,'4460818981fecfaadfea7139d9002980','2020-11-25 17:53:59','0b910a8276ff5f89a9e74f564e467e08',NULL,1,1,1,'pending',0,'2020-12-03 09:44:06','46.1.122.153',1,'2020-11-25 18:01:08','2020-11-25 17:53:36','2020-11-25 17:53:36'),
	(228,'Erce','TEZÇİ','$2y$12$mGHbP/jzsGh5C00gwcXPh.WJgW5ENWhCs6CGfHC.fgoxplHtOh2l2','ercetezci@gmail.com',0,NULL,NULL,NULL,1,'014595e363e14f45382fb56cd532ce7c','2020-11-25 18:47:02','a9f12dd6edd13de8950b6432f84222d2',NULL,1,1,1,'approved',1,'2020-11-26 16:39:16','82.222.134.56',1,'2020-11-25 18:55:26','2020-11-25 18:46:36','2020-11-26 15:45:21'),
	(229,'uluc test','test','$2y$12$HROgiulXnFE94L/6qAsIde9fvhCOSdBL168GCaQSX4/g3vKYqfyA6','ulucyuca@gmail.com',0,NULL,NULL,NULL,1,'e77bb623abf045006bd559c0257db1f7','2020-11-25 20:03:41','c3e65f8aea2e3fa52fca06522de62eb8',NULL,0,0,0,'pending',0,'2020-11-25 20:03:47','24.133.36.6',1,'0000-00-00 00:00:00','2020-11-25 20:03:10','2020-11-25 20:03:10'),
	(230,'Çağatay','Cörüt','$2y$12$tiIlvTimxI9opIS3Uq6IOew/l4r0PJpRBR9/M6zOuJfQqjMYKsx6O','Cagataycorut@gmail.com',0,NULL,NULL,NULL,0,'b72e3dfa1ecb10a9639eedf7899a1842',NULL,'790e8a23bed1c048572a6d19367d801a',NULL,0,0,0,'pending',0,NULL,NULL,1,'0000-00-00 00:00:00','2020-11-25 20:38:41','2020-11-25 20:38:41'),
	(231,'Muhammet','GÜNİNDİ','$2y$12$jpWZ5.UmiMh8flNW3eNU/ut06Sep9D2OHA8gOThPBwjikNr1LPk9i','ali55798@gmail.com',0,NULL,NULL,NULL,1,'1f9e45ba6fa2859de426e29aa2dd402a','2020-11-25 22:15:31','a7be4dd3bb491520ad73c68fa8f77f8a',NULL,1,1,1,'approved',0,'2020-11-25 22:15:44','31.155.66.149',1,'2020-11-25 22:18:39','2020-11-25 22:14:55','2020-11-26 15:45:27'),
	(232,'Ömer Faruk','Günalan','$2y$12$tt625nUIRQJbd2EVOXWw5eK4jO7F53YTwcAY7E6oh95Va6T.4HJqW','gunalanomerfaruk@gmail.com',0,NULL,NULL,NULL,1,'dc295310a77d51855395736db32f599c','2020-11-26 00:46:58','bff84788695afe4df6998376503f39cd',NULL,1,1,1,'approved',1,'2020-12-02 19:55:15','82.222.134.121',1,'2020-11-26 00:50:27','2020-11-26 00:46:37','2020-11-26 15:45:25'),
	(233,'burak','pınarbaşı','$2y$12$1bA6W92nrUWdw7YiObzWX.g35cEDx41hNViRzGe9ZEadT0kEm6Jgu','burak_q7_07@hotmail.com',0,NULL,NULL,NULL,0,'e15f1c6baa4f797c3de22827dd56eddd',NULL,'3c4367be963b61d1cc94ffeea7900a22',NULL,0,0,0,'pending',0,NULL,NULL,1,'0000-00-00 00:00:00','2020-11-26 00:52:23','2020-11-26 00:52:23'),
	(234,'Neslihan','Çetinkaya','$2y$12$PE5b9vGiZI3nYlHFiPTLs.192QPr5IsAG.CiB6uv.nFAeTvEiZig2','bjkneslihan@hotmail.com',0,NULL,NULL,NULL,1,'e81bd6448605ab0fd598f7eed2974de0','2020-11-26 02:35:18','d149aa6c6d153338ddeb8a9393fb2267',NULL,0,0,0,'pending',0,'2020-11-26 02:35:36','188.3.197.211',1,'0000-00-00 00:00:00','2020-11-26 02:25:23','2020-11-26 02:25:23'),
	(235,'Faris Buğra','Karslı','$2y$12$Awwe/NHNjIWOq8prT0ght.WYzhyF4OHCwR2ApO92eItTX3v6ayKP.','Farisbugrak@gmail.com',0,NULL,NULL,NULL,1,'78a2106d73e609f469c0230c97b29728','2020-11-26 02:55:41','db59f556a894fe76ef0fe3671b3561a5',NULL,0,0,0,'pending',0,'2020-11-26 02:56:01','31.142.46.26',1,'0000-00-00 00:00:00','2020-11-26 02:55:19','2020-11-26 02:55:19'),
	(236,'samed','bekmez ','$2y$12$Yz/JbyQ7dKkFGDwB7.bMLO6kZwoFnFoaE63nIzpCBHv8KW5dIfRXC','hbekmez81@gmail.com ',0,NULL,NULL,NULL,0,'c80781e08bfa59a76681c5bfd9d134ac',NULL,'30b8270ce9d03572f31e69944c0592d2',NULL,0,0,0,'pending',0,NULL,NULL,1,'0000-00-00 00:00:00','2020-11-26 11:26:11','2020-11-26 11:26:11'),
	(237,'Berat','Ölekli ','$2y$12$85JQT2tV/m.GYZo.FNe0w.edpgHY0Ar82fFvhhSj2IwzS68ibArlm','beratolekli99@gmail.com',1,NULL,'FDNsoft',NULL,1,'63724ea95ce434c6a6dc9e3fad9eb065','2020-11-26 12:39:06','842abced8c2b821ced60478d34fa54ab',NULL,1,1,1,'approved',1,'2020-12-01 16:00:09','85.110.105.154',1,'2020-11-27 13:44:24','2020-11-26 12:37:50','2020-11-27 14:45:35'),
	(238,'Mustafa','Gürler','$2y$12$pfCpdneJ8a44z.LmcDZFSOef/boZah5Zj/0W.ciqGMgEAm8p0pZ6q','swer9991@gmail.com',0,NULL,NULL,NULL,1,'638112d5bd3709e33a5351f6bdac0d73','2020-11-26 13:04:31','0aca0a38d8043e3ca223f14e9c4ad991',NULL,0,0,0,'pending',0,'2020-11-26 13:04:46','78.184.147.21',1,'0000-00-00 00:00:00','2020-11-26 13:02:37','2020-11-26 13:02:37'),
	(239,'Harun','Çakmak','$2y$12$p5xIbYsKTWPX/GcB2ibC9OEv1avg70pe534.d2uNEml4rb60nIGam','Dahaka@windowslive.com',0,NULL,NULL,NULL,1,'ffb662ea60b32bea943a1efa95996c74','2020-11-26 13:49:09','33a4015ce0ab9ad257d6372279c2480d',NULL,1,1,1,'approved',0,'2020-11-26 13:49:23','176.88.121.132',1,'2020-11-26 14:00:06','2020-11-26 13:48:09','2020-11-26 15:45:06'),
	(240,'Samet','Aydın','$2y$12$eY2pUgOakLwqkX1f..WsgeSG5hAXRWuo0Odzrt0aJq8wMOhatiD0.','yasyirmibir@gmail.com',0,NULL,NULL,NULL,0,'e3ab7eaf537d7f38eb377bb9c3051480',NULL,'5ee08af3342d327a5270d60cbf0b14f3',NULL,0,0,0,'pending',0,NULL,NULL,1,'0000-00-00 00:00:00','2020-11-26 16:34:40','2020-11-26 16:34:40'),
	(241,'Osman','Yıldırım','$2y$12$3XWuSp3Gsf7lz6MbzEmEGOAL.KDjolF2h4ThcuvwlVU5n4j7Slff2','osmnyldrm440@gmail.com',0,NULL,NULL,NULL,1,'2df362d1daa59e4aeb5c81b2ddea4a64','2020-11-26 17:56:18','80c6bfe7512cc315a4b3c696dd32cf7e',NULL,0,0,0,'pending',0,'2020-11-26 17:56:32','213.153.252.145',1,'0000-00-00 00:00:00','2020-11-26 17:54:18','2020-11-26 17:54:18'),
	(242,'Berke','Atalay','$2y$12$SpbDmJTVab43445Ev7acRuMAbKYtj7nDZ0dmmjrgzpDMwnZjoDZx2','berkeatalay@outlook.com.tr',0,NULL,NULL,NULL,1,'3356f2b62ed0efb72d4df2baaa6a14ca','2020-11-26 22:12:19','84d5b01fcccaee1436db26d9b3f78e17',NULL,1,1,1,'approved',1,'2020-11-27 15:24:01','139.179.212.203',1,'2020-11-26 22:15:05','2020-11-26 22:12:02','2020-11-27 12:13:26'),
	(243,'Serhat','Şenli','$2y$12$fn1ON.2iHuKeaLfNPyLxe.HyGsI7JkIYVsquiyLFEMgw8ka3OUTBy','serhatsenli35@gmail.com',0,NULL,NULL,NULL,0,'7672f00ab57cd259db78bf98e5ced919',NULL,'52b10a709b94933ca5da4a920b76fe1d',NULL,0,0,0,'pending',0,NULL,NULL,1,'0000-00-00 00:00:00','2020-11-26 23:57:48','2020-11-26 23:57:48'),
	(244,'Deniz','Şeker','$2y$12$6ZJ4pwlEb//sVjhQOsoRnO7b.9jZ5irXUhMyGwaSyGQCM91uTGeIG','dseker910@gmail.com',0,NULL,NULL,NULL,1,'33394ddf3231c64d4549aacd16e8af6a','2020-11-27 01:44:48','0daf02190270f34e9c5ce16787b4805e',NULL,0,0,0,'pending',0,'2020-11-27 01:45:05','178.233.20.150',1,'0000-00-00 00:00:00','2020-11-27 01:41:45','2020-11-27 01:41:45'),
	(245,'Halil','Orhan','$2y$12$kUJzTN/mpxDx1cK0RZwRY.kaVuTI6QfF7KfFzQwT3HAUQ5JZD943u','Halilorhan010@gmail.com',0,NULL,NULL,NULL,1,'895fc5813e2e7b7d822181fea9c8e33f','2020-11-27 12:48:23','315e2c9e40cee1d9834f5e511b58bf6b',NULL,1,1,1,'approved',0,'2020-11-27 13:03:43','24.133.141.78',1,'2020-11-27 13:09:11','2020-11-27 12:47:11','2020-11-27 14:45:47'),
	(246,'Zeynep','Aygin','$2y$12$5GqYZj.3f.x8AXFGwk/0AeloFlEvVi5FwvT7Fcn89GGuiSA/WNoI2','zeynepaygin@gmail.com',0,NULL,NULL,NULL,1,'c01fcaa67811922eddeb17bc82220829','2020-11-27 14:04:46','4acbcc05812213ab1b753f7ba0e4c331',NULL,0,0,0,'pending',0,'2020-11-27 14:05:03','176.88.45.208',1,'0000-00-00 00:00:00','2020-11-27 14:04:07','2020-11-27 14:04:07'),
	(247,'Oğuz','Çelik','$2y$12$HtlR.zRYL0llZstoNwiBR.orEwbnSZv4jJrxcTyjtCri.2OU6aEUu','oguzcelik89@gmail.com',0,NULL,NULL,NULL,1,'73602571cbde6e29a8c5ecfe9ef4bcac','2020-11-27 14:41:17','4138a4a55564fcd65f5adee81f41dd0f',NULL,0,0,0,'pending',0,'2020-11-27 14:41:20','78.188.188.50',1,'0000-00-00 00:00:00','2020-11-27 14:40:58','2020-11-27 14:40:58'),
	(248,'Hüseyin','Topaç','$2y$12$sAS2u3JQjipfgtkSJKMyHuALPBYp2jAD3SkmE5ENN27PguxMOhcXS','huseyintopac5@gmail.com',0,NULL,NULL,NULL,0,'836af817d054f6c2e67a50820de477d2',NULL,'76d53d5211193533667082bfd3041789',NULL,0,0,0,'pending',0,NULL,NULL,1,'0000-00-00 00:00:00','2020-11-27 15:02:33','2020-11-27 15:02:33'),
	(249,'Mehmet Berk','TEKBAŞ','$2y$12$Oknev3E5hhsxc8gKTwbzU.ukLI7I8YbKFu7vMhy4mHVrwM0mC.TM.','mmt14mmt@gmail.com',0,NULL,NULL,NULL,1,'a6a0807aa43f0d130841c78ae4b76009','2020-11-27 17:53:00','91f7cd7211c257a325ff3d3b798b97bc',NULL,0,0,0,'pending',0,'2020-11-27 17:53:50','94.54.20.40',1,'0000-00-00 00:00:00','2020-11-27 17:52:30','2020-11-27 17:52:30'),
	(250,'Sabahattin','Özsümer','$2y$12$par5Nk7xUr9EBXN.HpIg7urvMQcy2MsNGqXar/J/zSAMdmxjgqVEa','sabahattinozsumer@gmail.com',0,NULL,NULL,NULL,1,'e0b28659db84991d62849e15f4d2a63a','2020-12-01 16:12:59','7f25ecf472d93eac72bd4b1092ba8aec',NULL,0,0,0,'pending',0,'2020-11-27 17:54:54','88.254.3.90',1,'0000-00-00 00:00:00','2020-11-27 17:53:24','2020-11-27 17:53:24'),
	(251,'barış','tonbul','$2y$12$0lDIzwbRHPpYQzYYuf2qx.ZAdqX/sbDM8qEZtQ8j5BhUKw01mt3x.','bariston@hotmail.com',0,NULL,NULL,NULL,0,'5d559716e7dde70a9ec27f7c7a619947',NULL,'c814733c111a4713e6b6c75855b62944',NULL,0,0,0,'pending',0,NULL,NULL,1,'0000-00-00 00:00:00','2020-11-27 18:16:42','2020-11-27 18:16:42'),
	(252,'Kudret Ekin','Erdal','$2y$12$X2qNvt7AsfQ1OzSglpwvr.KmlaKuoYi8nnpGiJffndii02dK7IhPW','k.ekinerdal@gmail.com',1,NULL,'Sinirli Adamlar',NULL,1,'0a09b2cd882a0e400079cd2828fc889c','2020-11-27 18:19:29','186034ae3d4769110edd6cbb226ed96f',NULL,1,1,1,'pending',0,'2020-11-27 18:19:35','212.252.119.221',1,'2020-11-27 18:34:18','2020-11-27 18:19:14','2020-11-27 18:19:14'),
	(253,'Batuhan Ozan','Kaplan','$2y$12$s50rQaRHWeVQ8GDXF85aP.c6b6AqKM4KbYNbHFlgcJl44YUyXvzfm','batuhanozankaplan@yandex.com',0,NULL,NULL,NULL,1,'99d6274d2a71524a00b8acd088a5451c','2020-11-28 01:20:01','18379891b20d887a35e59c3bd4086e55','2020-11-30 10:14:24',1,1,1,'pending',0,'2020-11-30 17:33:39','46.196.89.12',1,'2020-11-27 21:50:19','2020-11-27 21:18:46','2020-11-27 21:18:46'),
	(254,'Umut','Gürdal','$2y$12$MPYTomsHbTjey.JWNjS0GOYW.AkGh3V4E52vhCNBAWIaTBhm9caAm','umutgurdal16@gmail.com',0,NULL,NULL,NULL,1,'60be266ccc4998793077191c602e62f3','2020-11-27 21:25:36','054062b87affc2c72c27f300bbd34730',NULL,1,1,1,'approved',0,'2020-11-27 21:25:44','94.54.225.198',1,'2020-11-27 21:30:20','2020-11-27 21:25:07','2020-11-30 10:59:23'),
	(255,'Jamshid','Abdukarimov','$2y$12$XaYYobrSN4O3TgmA6sgtEecRyK6Pww37LS3VQQrsanXpCQ0HHusJe','hushdilcss@gmail.com',0,NULL,NULL,NULL,1,'a2b96db91c1da6bbe92d2619fe7761e3','2020-11-27 21:48:08','2ba846913fe5f4928299c11f96210994',NULL,0,0,0,'pending',0,'2020-11-27 21:48:10','94.123.216.181',1,'0000-00-00 00:00:00','2020-11-27 21:47:47','2020-11-27 21:47:47'),
	(256,'Lütfü','Yıldız','$2y$12$EV42kVeGOLoApUZ3a884zOfxirFqRZurf8TGvE4p1TzbGP/EA5oUC','worldnice1907@gmail.com',0,NULL,NULL,NULL,1,'81ed539f30fe07fb43c53889971ed848','2020-11-29 16:33:07','24bff24b9a02b5fa8afc9b59c8387a3c',NULL,1,1,1,'approved',1,'2020-11-30 12:19:04','5.24.97.149',1,'2020-11-27 22:39:10','2020-11-27 22:33:23','2020-11-30 10:58:34'),
	(257,'Ali Cemre','Aras','$2y$12$kyQGVD5mtEY5/WNssK9eUOt1vWAKJG7s/SbwVTmsaf74o4pb9Lx2e','ali.cemre.aras@gmail.com',0,NULL,NULL,NULL,1,'b496d7feace8876a390c40cfecb408a5','2020-11-29 22:01:20','7dc9599e5bb2a6c77c5f699db838f193',NULL,1,1,1,'approved',1,'2020-12-03 05:15:23','31.223.2.124',1,'2020-11-28 00:39:29','2020-11-28 00:32:41','2020-11-30 10:58:09'),
	(258,'Muhammed Enes','İŞCAN','$2y$12$hs9QsmFw97ic9jGPrOl8DOSa8AaczaHs2QgQZzz4Jo9Lx4S6E4c9m','muhammed.17.154@gmail.com',0,NULL,NULL,NULL,1,'a6a5110016b2cfd6453c9334908f1442','2020-11-28 02:50:30','4d35d220bc7b0f557d595d9a533e58e7',NULL,1,1,1,'approved',1,'2020-11-30 12:21:24','78.190.236.158',1,'2020-11-28 00:48:21','2020-11-28 00:37:10','2020-11-30 10:58:01'),
	(259,'Ertuğrul','Eroğlu','$2y$12$XUmoP1BGui0qjanJHoiJueq8m8eSGI3i1gYYhtFeP9l6m5sasYwYK','Ertugruleroglu59@gmail.com',0,NULL,NULL,NULL,1,'c9af1264476ae2ab531f2b2fc376d796','2020-11-28 02:36:00','8017f1c4795d7cc3dd93b2f731e9ad99',NULL,1,1,1,'approved',0,'2020-11-28 02:36:20','176.227.88.4',1,'2020-11-28 02:38:50','2020-11-28 02:35:08','2020-11-30 10:55:00'),
	(260,'Ferhat Orhun ','UYAR ','$2y$12$my9yldaI0n01jAIy6frE/OYW5ym1q4lcArL2tKOXOxK8gM7OFDTEa','ferhat_orhun_uyar@hotmail.com ',0,NULL,NULL,NULL,0,'4421266aa9d545b5b3557392860a3dd1',NULL,'b65de5833c0e7b97266c25104118afca',NULL,0,0,0,'pending',0,NULL,NULL,1,'0000-00-00 00:00:00','2020-11-28 02:38:33','2020-11-28 02:38:33'),
	(261,'Berkay','Buran','$2y$12$SZ7yDJ3cY6j97K6vYcjR/uQshobU0xRfzg11sq.E8LuX8qjKgCCk6','nefdulin77@gmail.com',0,NULL,NULL,NULL,1,'07e98cfb024f8e6213a9b3a2e049effe','2020-11-28 03:08:48','7229ea34f6322aa3106b8c63621f104e',NULL,0,0,0,'pending',0,'2020-11-28 03:08:59','85.153.228.201',1,'0000-00-00 00:00:00','2020-11-28 03:08:24','2020-11-28 03:08:24'),
	(262,'Yağmur','Yüksel','$2y$12$ymjf1EZnU7eXP0.KxMee/eSc3NJb73wxG6aCXUzm9KePvNAO91ZTu','yyuksel94@hotmail.com',0,NULL,NULL,NULL,0,'75ec34ca5a9286b5b36f0e55ccaabc79',NULL,'02fa03ff673b22b6fdd7e77ce9e160c4',NULL,0,0,0,'pending',0,NULL,NULL,1,'0000-00-00 00:00:00','2020-11-28 06:22:51','2020-11-28 06:22:51'),
	(263,'Enes','Kocaman','$2y$12$9c2oulH9vWKh4JF5y9KrPeJu/6mN3cFzHSq9dcm2dkXsKJ5I4Q0bi','eneskocaman3467@gmail.com',0,NULL,NULL,NULL,0,'97eee46ca43e53ccf5232c03c23bb256',NULL,'0ddf741661043e6dafa4eff028a9d139',NULL,0,0,0,'pending',0,NULL,NULL,1,'0000-00-00 00:00:00','2020-11-28 09:36:52','2020-11-28 09:36:52'),
	(264,'Oğuzhan','Başer','$2y$12$OO6HrLa/rjcWVoLbxLDk9uJKc9U57iWgNADM0tcuIgxi5aWU4vVmC','baseryazilim.destek@gmail.com',0,NULL,NULL,NULL,1,'be0f4e2b2599ed337357d5cc2b14341f','2020-11-28 10:41:39','68cebc9b368f8e82e36cff28533a423e',NULL,0,0,0,'pending',0,'2020-11-28 10:41:44','95.12.117.37',1,'0000-00-00 00:00:00','2020-11-28 10:41:09','2020-11-28 10:41:09'),
	(265,'Çınar','Çelik','$2y$12$qAc0/EIDLCNc2tUtyYRv5uyQV2hl.tbBZoMRp4deNsW1JEAUN91rS','cinarcelik96@gmail.com',0,NULL,NULL,NULL,1,'5247fa9a149b0689aabc9d640428310a','2020-11-28 11:09:36','c677b00bd546a071d2dd800893d41894',NULL,0,0,0,'pending',0,'2020-11-28 11:09:39','78.175.231.175',1,'0000-00-00 00:00:00','2020-11-28 11:06:27','2020-11-28 11:06:27'),
	(266,'Batuhan ','İncedal','$2y$12$EicDoeiOyiXOgUaFuVz4.ebGgMDmNgH5x8Pv7odT1XiLzdMuPlWGO','batu_incedal_01@hotmail.com',0,NULL,NULL,NULL,0,'90845e78267a13f6237ef153ba63ea09',NULL,'b291853d2be0b91f4ba8c00bea1905a0',NULL,0,0,0,'pending',0,NULL,NULL,1,'0000-00-00 00:00:00','2020-11-28 14:01:39','2020-11-28 14:01:39'),
	(267,'Kadir','Kaptan','$2y$12$YSSlPp9iRkZzPMORJdxXg.MAkD4ib75tqpC/sk2YflOwfYIXQo16i','kaptanshopping@gmail.com ',0,NULL,NULL,NULL,1,'87a9f7dbf8203507f1d8045a767373b9','2020-11-28 14:29:11','ec3f193347e67003eaa1bb9b3988c518',NULL,0,0,0,'pending',0,'2020-11-28 14:29:37','176.54.73.191',1,'0000-00-00 00:00:00','2020-11-28 14:28:19','2020-11-28 14:28:19'),
	(268,'İdris','Dindar','$2y$12$N8jwPw4ap1XmOOtrx1K0AercEFklQgIH9NQ3rLN4fvr00xKjP8AwS','idrisdindar@outlook.com',0,NULL,'',NULL,1,'0217164abeeb9a082045f11ccea4448b','2020-12-01 23:09:44','3f1ff6026722128bf925f905f06ff431',NULL,1,1,1,'approved',1,'2020-12-02 10:05:35','159.146.43.51',1,'2020-11-28 15:02:23','2020-11-28 14:58:06','2020-11-30 10:54:27'),
	(269,'Onur','Dinçel ','$2y$12$Tt5gxwzwVSY.C7Vw0yZP.OBrzYp8l84nfwNVCDHgijCxYrAGCjxCi','dincelonur91@gmail.com',0,NULL,NULL,NULL,0,'71a1639efd60dbe0b045b6ecc561559e',NULL,'04f157d1c8bb55854ff84736fcd66532',NULL,0,0,0,'pending',0,NULL,NULL,1,'0000-00-00 00:00:00','2020-11-28 15:38:00','2020-11-28 15:38:00'),
	(270,'Ali','Avcı','$2y$12$.BGPJE4mRE7ncPMZXRee3ebuDTzuWlh2MMwDRH37xQ2o/os821/a6','avcia418@gmail.com',0,NULL,NULL,NULL,1,'5aac0d901470e441a590d473c887acc4','2020-11-28 15:47:17','29909ca2b4479aee3fd74ab346e76b81',NULL,1,1,1,'approved',0,'2020-11-28 15:47:53','31.140.192.49',1,'2020-11-28 15:52:26','2020-11-28 15:46:42','2020-11-30 10:53:53'),
	(271,'ali mert ','yeginkoç ','$2y$12$tyUcli51TjJajx9KV/k6FeT4vtwLOC6Bd/Rg52IsCQ1qtEHdFstma','Alimert.yeginkoc@gmail.com ',0,NULL,NULL,NULL,1,'68ed71e63cedb3d3fec736af38244cc9','2020-11-28 17:03:35','ea0ce170b59f414eedc5ade4f3784616',NULL,0,0,0,'pending',0,'2020-11-28 17:03:49','212.253.120.70',1,'0000-00-00 00:00:00','2020-11-28 17:02:34','2020-11-28 17:02:34'),
	(272,'Ümit Alper','Özkök','$2y$12$yQHa2L68jQPNwpmd50ZpbOgXWro8XTLBy3.9IcCp/M2OAX0ips0.a','alper.ozkok1@gmail.com',1,NULL,'Es Arena A.Ş',NULL,1,'6abe737a8bd1242f3aec0b5b5aad8691','2020-11-28 17:52:52','2d0a822ede864c8e20b1748e1ae5e962',NULL,1,1,1,'approved',0,'2020-11-29 21:15:53','94.54.20.79',1,'2020-11-28 17:58:57','2020-11-28 17:52:11','2020-11-30 10:50:27'),
	(273,'ahmet','çınar','$2y$12$jLso0U/alzRa5oCZFuzQ/uUr6GhdWigKWXfVPEeOQddFKCAmbN07u','cnroka@gmail.com',0,NULL,NULL,NULL,1,'2fbe2e5b639957426f1e1c3d555deaff','2020-11-28 20:29:32','0c5ce83c83ccc9168b2907f3138ea11f',NULL,1,1,1,'approved',0,'2020-11-28 20:29:39','178.233.22.19',1,'2020-11-28 20:32:53','2020-11-28 20:27:34','2020-11-30 10:48:08'),
	(274,'Emircan','Birbil','$2y$12$X4Vs1NfLmBGvhBiOdwDlK.XQ6qbEgVBXm6KsQ8hzg1g42C/e24PE.','birbilemir@gmail.com',1,NULL,'Dodi Game Studios',NULL,1,'fee470aee103a0d200f8b451350f7df7','2020-11-28 20:47:17','168273affbd05df03815f7ed56f60712',NULL,1,1,1,'approved',1,'2020-11-30 11:14:40','46.106.223.36',1,'2020-11-28 20:55:54','2020-11-28 20:46:01','2020-11-30 10:52:34'),
	(275,'Zelal Deniz','Yildiz','$2y$12$3gxZSR5PEr0IyfZESBNAyOIDBo31.3hqrT6SbdJNtmm/OfFcf3a.q','zelaldenizyildiz@gmail.com',0,NULL,NULL,NULL,0,'4bbad3aa360161b0712416bef70307a7',NULL,'f185ccf50b04669a203b70098d7ae310',NULL,0,0,0,'pending',0,NULL,NULL,1,'0000-00-00 00:00:00','2020-11-28 23:15:59','2020-11-28 23:15:59'),
	(276,'Tamer','Erdoğan','$2y$12$ugqzZHQAKmsnlcSsLQ2V4.mbxDQuU4xT/RC4t8rwoOulLYt8vymCa','tamer.erdogaan@gmail.com',0,NULL,NULL,NULL,0,'21f5cd0224dcd8e9fff7df433849423c',NULL,'3575138dbf9aece75876108a18338753',NULL,0,0,0,'pending',0,NULL,NULL,1,'0000-00-00 00:00:00','2020-11-29 01:12:08','2020-11-29 01:12:08'),
	(277,'İrem','Günal','$2y$12$iwx10WdrFAS6c8JSTW3/SOvzFVijJ.3HomvZ.7sJyB27A5jBxOSgG','igunal11@gmail.com',0,NULL,NULL,NULL,1,'c1e891834d17262b6d26d7e913c16524','2020-11-29 02:06:26','050e328d203a67555d818de8a7813411',NULL,1,1,1,'approved',1,'2020-11-30 13:28:28','88.245.192.2',1,'2020-11-29 02:16:12','2020-11-29 02:04:34','2020-11-30 10:45:44'),
	(278,'Ömer furkan','Demir','$2y$12$whW1G5OfBOYSTdhlEecpBODnQY9Ro9dCq1so3WP/LzPoNpQcUsZWS','furkandemir0642@hotmail.com',0,NULL,NULL,NULL,1,'7d6bce3d4a3854f4e6190496cc422786','2020-11-29 15:33:31','fbf8021c225e5548cc99667359fa3a31',NULL,0,0,0,'pending',0,'2020-11-29 15:33:49','78.190.106.70',1,'0000-00-00 00:00:00','2020-11-29 02:14:55','2020-11-29 02:14:55'),
	(279,'Muhammed Baran ','Gamga','$2y$12$EQEjRr.EmIu6/cfo6MvhXO9huwMA1EIRE18hKhMJiQEPZuQden.Pq','barangamga@gmail.com',0,NULL,NULL,NULL,1,'f403f13b008161613db636e8b725401e','2020-12-02 14:17:48','b5fe50ccaa6ae22b1566eb8c6a089ec5',NULL,0,0,0,'pending',0,'2020-12-02 14:17:52','78.170.202.109',1,'0000-00-00 00:00:00','2020-11-29 02:38:38','2020-11-29 02:38:38'),
	(280,'Seda','Dalkıran','$2y$12$/eZDI3fxOAze0pm8KSBT0eC56oMF19Cpazmj1JO5E6G/vGWVAFh4m','sedadalkiran0@gmail.com',1,NULL,'Ayssoft Bilgi Teknolojileri',NULL,1,'78360577f0616769b2adf78d3499ded9','2020-11-29 09:52:34','f5851c75d5d59d9b3ce9b35bfacebb84',NULL,0,0,0,'pending',0,'2020-11-29 09:52:36','88.247.158.166',1,'0000-00-00 00:00:00','2020-11-29 09:51:27','2020-11-29 09:51:27'),
	(281,'Hande Sena','Ünl','$2y$12$vmPPVjl90OX8mLCvGa8Fc.AnfxHVwXRIxUcLQh2leLTWXE8zmyHy.','handesenaun@gmail.com',0,NULL,NULL,NULL,0,'b84d672dd07eb615e79a57f084abc2a8',NULL,'87d5181d9a7127c3d9e769998f098a51',NULL,0,0,0,'pending',0,NULL,NULL,1,'0000-00-00 00:00:00','2020-11-29 10:37:12','2020-11-29 10:37:12'),
	(282,'Mert Dora','Güleç','$2y$12$cMAAk4dV.K1fMfzO71RQ7OEbc25btWiaxUsDCASjrDw1rbTKvmnVa','doragulec_@hotmail.com',1,NULL,'Freelance Composer',NULL,1,'06bd0c46e0b9f796fd599a793841d4fe','2020-11-29 11:29:10','46cdea867ad1cdc4edecc7a0e991838d',NULL,0,0,0,'pending',0,'2020-11-29 18:45:56','176.240.77.104',1,'0000-00-00 00:00:00','2020-11-29 11:28:16','2020-11-29 11:28:16'),
	(283,'Doruk','Akı','$2y$12$EDbVxDGDsXN6CSfVP9luIuTbFrOR.7.rrY7ddHhLESAtWoCiGpypS','doruk.aki@gmail.com',0,NULL,NULL,NULL,1,'b8d1d82991f60932f9943910a9e7319b','2020-12-01 15:31:37','7f99f1aa81b64ea875babab9bb64b191',NULL,1,1,1,'pending',0,'2020-12-01 15:32:17','46.197.40.156',1,'2020-12-01 15:48:08','2020-11-29 13:05:46','2020-11-29 13:05:46'),
	(284,'Aynurhan','Yıldız','$2y$12$YD4QaSgmlyVBmHpZ./YvxO0SGWfC5xbu7FVfFtZwBPevvB.VEGHUe','yildizaynurhan@gmail.com',1,NULL,'Animative',NULL,1,'5bc6cfc168fd0a89ee404517e7f3d7d8','2020-11-29 16:11:03','5017a653e6bccd04bc50351fd9f07fb0',NULL,1,1,1,'approved',0,'2020-11-29 16:46:51','88.235.175.108',1,'2020-11-29 17:03:47','2020-11-29 16:08:51','2020-11-30 10:44:26'),
	(285,'Ömer Yiğit','Davran','$2y$12$N8KSqJrNOZS6dIzM9ZOfyeYJ/eHto9EQ3hV0LTt0R5fIL9kMALlJ.','omeerdvrn@gmail.com',0,NULL,NULL,NULL,0,'934fe1c257bb160b05da189a14a4d5f2',NULL,'74487e9738049a376605ff5b84b55d1b',NULL,0,0,0,'pending',0,NULL,NULL,1,'0000-00-00 00:00:00','2020-11-29 16:17:14','2020-11-29 16:17:14'),
	(286,'Alper','Çetin','$2y$12$TlnCG6tLkdEfyip.LkPicuM/yoaSZkMRuruti3isb7MHmQJFiG3i2','alpercetin598@gmail.com',0,NULL,NULL,NULL,0,'0b6ca06f8d0cc48516346f0c395802a4',NULL,'ca37c9fa4982b257d4a86d0792e081c0',NULL,0,0,0,'pending',0,NULL,NULL,1,'0000-00-00 00:00:00','2020-11-29 16:21:19','2020-11-29 16:21:19'),
	(287,'Alper','ÇETİN','$2y$12$MQTVXZE7O3EQZeWuP4MZcOS9ayM6t5wfJfHfBe1WpPHrPYaWbOErm','alpercetinfb@gmail.com',0,NULL,NULL,NULL,0,'0f88d517ac1106e4e393fd76a08f8328',NULL,'72fe5d055d06410a23f496ff91ce6786',NULL,0,0,0,'pending',0,NULL,NULL,1,'0000-00-00 00:00:00','2020-11-29 16:26:31','2020-11-29 16:26:31'),
	(288,'Melih','Özdemir','$2y$12$Z7dQnGrutQJ8oMJRXryJSuv6iRQageKDhXuRA.Tbxe/T0SaFTUHk2','canmelihozdemir@gmail.com',0,NULL,NULL,NULL,0,'c0347aa14b9a077f574cfc692ef3944c',NULL,'d8cad58adc42c788b76e8585669280aa',NULL,0,0,0,'pending',0,NULL,NULL,1,'0000-00-00 00:00:00','2020-11-29 16:32:47','2020-11-29 16:32:47'),
	(289,'ASIF','RAHİMOĞLU','$2y$12$NFoFKTD12wTm6i/7D8ekUO216ILHRYT8m84T/PSUUqDUGlvE6mRYy','asifrahimoglu@gmail.com',0,NULL,NULL,NULL,0,'8b49660fdb377a7ad8f4d6f0010ba605',NULL,'2c7b329ac382b28692797a27d375a574',NULL,0,0,0,'pending',0,NULL,NULL,1,'0000-00-00 00:00:00','2020-11-29 17:05:59','2020-11-29 17:05:59'),
	(290,'Mustafa','Demir','$2y$12$2cF0tHiM9VNaNr9oIEhe1uEdA4BSQI5fEWXylVnTkKnjXM4IjP1tW','mstfdmr58@hotmail.com',0,NULL,NULL,NULL,1,'09fed7ad862195e125d13ecf880019f8','2020-11-29 17:54:11','a940a0087337475fdedc9587993d4f4e',NULL,0,0,0,'pending',0,'2020-11-29 17:54:13','88.243.143.1',1,'0000-00-00 00:00:00','2020-11-29 17:53:45','2020-11-29 17:53:45'),
	(291,'Handan ','Erdoğan ','$2y$12$.eKr/TB/3yjGEpO1XVYZtuno05KMujdCKGzTnpqtchMjlaOhdYAC6','erdohndn@gmail.com ',0,NULL,NULL,NULL,0,'e379cab2d671175156e416b8384ccfaa',NULL,'0ac305782abc67d25b97243374c35a18',NULL,0,0,0,'pending',0,NULL,NULL,1,'0000-00-00 00:00:00','2020-11-29 17:57:21','2020-11-29 17:57:21'),
	(292,'Tarık Buğra','Dursun','$2y$12$SotDezzrV8IX7OAU5QIt9OJ.behYohzwBr5dUeKPpLXdkSfVmbYBW','tarikbdursun@gmail.com',0,NULL,NULL,NULL,0,'e555ad4935bbf49332994f0934e02859',NULL,'e1e9c2834acaf69c6e4cf8c28530fb68',NULL,0,0,0,'pending',0,NULL,NULL,1,'0000-00-00 00:00:00','2020-11-29 18:25:24','2020-11-29 18:25:24'),
	(293,'Emre','Altuntaş','$2y$12$UpN2zEjYL2tGjPqK6f0pQ.vsp7th0IVEnVpdbm1Mxou72nGsVXSkO','emrealtuntas611@gmail.com',0,NULL,NULL,NULL,0,'02176026c865e5ea8ba669f23022e0ea',NULL,'e14f032836f2f841b1ee87bedc34982f',NULL,0,0,0,'pending',0,NULL,NULL,1,'0000-00-00 00:00:00','2020-11-29 18:47:56','2020-11-29 18:47:56'),
	(294,'Berat','Polat','$2y$12$aOzB8yCreS0kFHzTzCYeK.bDrw9uySRfgKmxn4lDLxKbk2Gf7YMJ2','oyunrehberi5858@gmail.com',0,NULL,NULL,NULL,0,'3a4e418dc186a7df3a94f761e396eff2',NULL,'0b471ca624cb3bf67bd2f8874a593fcb',NULL,0,0,0,'pending',0,NULL,NULL,1,'0000-00-00 00:00:00','2020-11-29 18:49:34','2020-11-29 18:49:34'),
	(295,'Emre','MUTLU','$2y$12$OrKfpDYRqeWLvrKbz7xfiemrxPc1yQd.pbSSv7FQZbXy2MdxlzUjO','mutluemre93@gmail.com',0,NULL,NULL,NULL,0,'f3eafe88459216fe32f97374bf4ad602',NULL,'7b5e12a2da234f9f0069522f5deed2f3',NULL,0,0,0,'pending',0,NULL,NULL,1,'0000-00-00 00:00:00','2020-11-29 19:08:48','2020-11-29 19:08:48'),
	(296,'Şefika Özge','Salman','$2y$12$mBpEx7pBw06rlgdAU1jiyedAnMOq5PoXUj7ycHTrCoseOYmYAcbZu','sozgesalman@gmail.com',0,NULL,NULL,NULL,1,'6a2f527c85e5ef677b0278c0f80406dc','2020-11-29 20:15:22','9fc7877efab1109c1dc0f55cb17619a3',NULL,0,0,0,'pending',0,'2020-11-29 20:15:27','31.206.126.85',1,'0000-00-00 00:00:00','2020-11-29 20:14:01','2020-11-29 20:14:01'),
	(297,'OrhanBaran ','Cetin','$2y$12$69.XhFCSaoesfblhKLaAcuX26BMGvDv4p6d85Zcp0.bopwn/Cu.tC','baranorhan3@gmail.com',0,NULL,NULL,NULL,1,'ca01c0865113c9a3aaac76c8306aeee6','2020-11-29 20:20:28','da949a1a472eef2298f226caa2b8d854',NULL,1,1,1,'approved',1,'2020-12-01 10:56:02','178.233.26.76',1,'2020-11-29 20:23:31','2020-11-29 20:18:31','2020-11-30 10:42:00'),
	(298,'cozen','adam','$2y$12$sc0ZRHYtW7uwctc.jy5rPug1lJ0CXuaeZCQWdxiJWrcyDys3EOXdy','1cozenadam@gmail.com',0,NULL,NULL,NULL,1,'508c731c4b766d1bdbc0f3172585c26a','2020-11-29 21:33:01','3e734f452336f334945265b124d9a2ab',NULL,0,0,0,'pending',0,'2020-11-29 21:33:13','94.54.48.33',1,'0000-00-00 00:00:00','2020-11-29 21:30:58','2020-11-29 21:30:58'),
	(299,'Ahmet','Cantürk','$2y$12$bqbCQAWF3SHQUTo2VklImOt42DoYroppidKlUVk63tI0QR/9lkuYC','pasha44pashaa@gmail.com',0,NULL,NULL,NULL,0,'5d5f3aabe31e730a91950d3dee573467',NULL,'c517b7c5985b5375a677b0fd7de3b088',NULL,0,0,0,'pending',0,NULL,NULL,1,'0000-00-00 00:00:00','2020-11-29 21:53:48','2020-11-29 21:53:48'),
	(300,'Can','Başaçek','$2y$12$MNRel/kyGAkpN/.tC7zpHuJFqDtavIdw8Haa9Z8FGdOJL07GSQBR6','canbasacek@gmail.com',0,NULL,NULL,NULL,1,'a0cbd2b0fb0f8e766d521de021d29af6','2020-11-29 22:05:54','67f730dc6d2a47a3b797f85346114cc9',NULL,0,0,0,'pending',0,'2020-11-29 22:06:12','176.240.169.48',1,'0000-00-00 00:00:00','2020-11-29 22:04:43','2020-11-29 22:04:43'),
	(301,'Serdar Baran','Ateş','$2y$12$I7iw1iIdomrt9vp7zTT/HeJ0qWXJFXK4pb3VgO8MQpCffew4vgIZ2','serdar.ates.34@gmail.com',1,NULL,'Oxo Games',NULL,1,'6335445c26f5d27fdfc4de30f9ed989d','2020-11-29 22:16:52','c208df1b0e08e696022b4dac4db5ae3b',NULL,0,0,0,'pending',0,'2020-11-29 22:18:36','176.90.177.83',1,'0000-00-00 00:00:00','2020-11-29 22:16:14','2020-11-29 22:16:14'),
	(302,'Berke','Bora','$2y$12$dYahd8r2VRnvGWip66jOf.jVgTbornmD4V2ZXCC71TH2Ou987Ow4C','aberkebora13@gmail.com',0,NULL,NULL,NULL,1,'f3e5891c4c65216acaa8ae7c0474f765','2020-11-29 22:30:43','f89253cd1f9266525f6e6c435d94c814',NULL,0,0,0,'pending',0,'2020-11-29 22:31:05','78.181.205.220',1,'0000-00-00 00:00:00','2020-11-29 22:20:01','2020-11-29 22:20:01'),
	(303,'Mehmet Haydar','Gülen','$2y$12$CzzJDa8d0wUXaciU624eCeVRC2wiri8m1oQaRtAwH1z7ODBtHOaXS','mhaydargulen12@gmail.com',0,NULL,NULL,NULL,0,'0e56f6e5a1f43034d3b19956582ec620',NULL,'a5a0289179827cc74f1a5e1aca7e772d',NULL,0,0,0,'pending',0,NULL,NULL,1,'0000-00-00 00:00:00','2020-11-29 23:21:47','2020-11-29 23:21:47'),
	(304,'Alperen','Kırcanoğulları','$2y$12$ujCm2ufZY/7YPoO6A8kqW.Ls4cnoGCOu7BxFinWcjdEd3T3UJu4eC','nerueger@gmail.com',0,NULL,NULL,NULL,1,'2c38b7ab1ebfda352ec3272de02a6b19','2020-11-29 23:46:33','aa22d96cc47f341a1fce17af07f4f619',NULL,1,1,1,'approved',1,'2020-11-30 14:19:42','88.230.227.178',1,'2020-11-29 23:56:16','2020-11-29 23:44:31','2020-11-30 10:40:38'),
	(305,'Mert','Baris','$2y$12$wpeKoD3eNEYOJ9BaL9J4B.mrYUhB5YmAmluXS.Fpeys39bII2INLO','smertbaris@gmail.com',0,NULL,NULL,NULL,0,'e8217102665e41b478ce104d82665760',NULL,'4794af7757190ad8b3bda3d3b3b07f0e',NULL,0,0,0,'pending',0,NULL,NULL,1,'0000-00-00 00:00:00','2020-11-30 00:51:07','2020-11-30 00:51:07'),
	(306,'Onurhan','Topkara','$2y$12$IFDs7Evl.PlxvPek8eqZiOXTEK7oR358VxSrhIIV1t2j3Eqh1eYci','onurhantopkara@gmail.com',0,NULL,NULL,NULL,1,'bfe4912b3574e76309a971322919e21f','2020-11-30 02:56:29','64718df56bab85cd0d1ba45b02bfbde8',NULL,1,1,1,'approved',1,'2020-12-02 14:55:59','31.155.232.0',1,'2020-11-30 03:43:51','2020-11-30 02:47:06','2020-11-30 10:39:58'),
	(307,'Oğuz','Şahin','$2y$12$zcBkJCjEAxTIl8H2zrfDkOCeRqK/5CGt7hhfiyKAszyc8gRJUXNla','sahnnoguz@gmail.com',0,NULL,NULL,NULL,1,'b8f6442fa08893c65362851a3d24dba1','2020-11-30 02:57:44','fb9f18a9ad1bd41929a7b2b2c86a36f2',NULL,0,0,0,'pending',0,'2020-11-30 22:22:39','109.228.204.216',1,'0000-00-00 00:00:00','2020-11-30 02:56:54','2020-11-30 02:56:54'),
	(308,'Diana','Ekinci','$2y$12$Zr/8LjfT.Rz/RrWjZVtite8sxX1QjRK7H1YsHnvES/ddL6u1eY1kK','diana_ekinci@outlook.com',0,NULL,NULL,NULL,1,'1f6147f781c48c9fab1c24cd2709c958','2020-11-30 04:29:49','3f1674d591e7526721843e0adbbc2bfc',NULL,0,0,0,'pending',0,'2020-11-30 04:30:00','176.240.249.164',1,'0000-00-00 00:00:00','2020-11-30 02:56:56','2020-11-30 02:56:56'),
	(309,'Cihan','Rasna','$2y$12$wdKEBkxVP7/tT3gmSrruveNXFS/ArKAPcBTiYKdMHG9zSNR/Kf4ie','cihanrasna@gmail.com',0,NULL,NULL,NULL,1,'5eeb160f66e87ce06ba9c32febea86f0','2020-11-30 03:08:55','125a00b14f7951f1d5845b9cad75963a',NULL,1,1,1,'approved',0,'2020-11-30 03:08:56','85.106.35.155',1,'2020-11-30 03:12:31','2020-11-30 03:08:22','2020-11-30 10:36:33'),
	(310,'Mikail Yusuf','Karadeniz','$2y$12$/P2j9wEZyn49iujX7GDWQO3oBlOP0F2goeyO8HxY/J4cbhFNJ66Va','mikaily.karadeniz@gmail.com',0,NULL,NULL,NULL,0,'a01b2140909c4520c8b3ff05198d0e29',NULL,'577f2a0ebcd8723d3410adceab3c6564',NULL,0,0,0,'pending',0,NULL,NULL,1,'0000-00-00 00:00:00','2020-11-30 11:56:08','2020-11-30 11:56:08'),
	(311,'Emir','Tunaçar','$2y$12$BjKXRcX5WFdlL0tAjqhLpeyT1Ir8Cim21fV5sUS7yfGh1HjL9lOxS','mrtunacar@gmail.com',0,NULL,NULL,NULL,0,'3ae7de2600a5438e9723dd2ece5c4a46',NULL,'8e9830ab82e63f5c9f1174b9cbaa447f',NULL,0,0,0,'pending',0,NULL,NULL,1,'0000-00-00 00:00:00','2020-11-30 12:20:23','2020-11-30 12:20:23'),
	(312,'Emrah','Alkan','$2y$12$ahRddX2AGXlLIW1DfoTupek/5c0z1A0nRDIJR4ANKE0qTJOlP17/6','emrhalkann@gmail.com',0,NULL,NULL,NULL,0,'c9e65289bd3c667ab6bd74854c322fce',NULL,'4051adf897e5559fc1a060ac39523a8b',NULL,0,0,0,'pending',0,NULL,NULL,1,'0000-00-00 00:00:00','2020-11-30 15:03:05','2020-11-30 15:03:05'),
	(313,'Emir','Tunaçar','$2y$12$Sh3wcPBmOpF8FmmOMpTHhOUQLTGdjNA8HHIv56xV8oDY1GZ8h/7AS','emirtunacar@hotmail.com',0,NULL,NULL,NULL,0,'19bd85ab4e8bf21a80f470032cddb050',NULL,'a2f200b45b6b7e0289beb713a7380917',NULL,0,0,0,'pending',0,NULL,NULL,1,'0000-00-00 00:00:00','2020-11-30 16:00:41','2020-11-30 16:00:41'),
	(314,'Cihan','Büyük','$2y$12$ueHJqGEmFD9ZaJ3FKixocuaCuvJvcskCX4.mHn4k/mPOTzz..ipOi','ibrahimcihanbuyuk@gmail.com',0,NULL,NULL,NULL,1,'4e655a5ca98465713a44adf422efb392','2020-11-30 16:03:45','c112944f146c9816aed6967c59f1456c',NULL,1,1,1,'pending',0,'2020-11-30 16:04:11','176.234.9.121',1,'2020-11-30 16:27:30','2020-11-30 16:02:55','2020-11-30 16:02:55'),
	(315,'Meriç','Genç','$2y$12$KBYFLZFnm81faysdbnofiOUDIHVPx65B7JoE.2gtcVAhd7XZ.4Ony','meric.genc@gmail.com',0,NULL,NULL,NULL,0,'a1a72a14d5665cf0a945a5ce8794dbd5',NULL,'e73ecd1f2a205405f682a838578ebccf',NULL,0,0,0,'pending',0,NULL,NULL,1,'0000-00-00 00:00:00','2020-11-30 16:44:18','2020-11-30 16:44:18'),
	(316,'Semih','Şevik','$2y$12$aIavw2GFAKgSkvc4r4bWB.is2B53flzQsSjwd16C.b/kRNKcc8kuK','ssemih99@hotmail.com',0,NULL,NULL,NULL,1,'777d38202f23c7ec6848feacc1250512','2020-11-30 16:51:46','32e531464970cfb9e0810bd1ed1c566f',NULL,1,1,1,'pending',0,'2020-11-30 16:51:49','31.200.21.238',1,'2020-11-30 17:03:12','2020-11-30 16:51:18','2020-11-30 16:51:18'),
	(317,'Batuhan','Çulhaoglu','$2y$12$p1xbzFlQz7RSOslTd.cy3eVryUuDI7/fbbeXwxHeOEDJ3dbWx5yXq','batuhanculhaoglu@gmail.com',0,NULL,NULL,NULL,1,'b9ff49ad587604833a1573e125038bc0','2020-11-30 17:26:53','e6e4f363bfc488b40c8a8ae4008787f9',NULL,1,1,1,'pending',0,'2020-11-30 17:26:55','178.233.117.55',1,'2020-11-30 17:31:54','2020-11-30 17:25:41','2020-11-30 17:25:41'),
	(318,'Sezgin Deniz','Zeren','$2y$12$iByy7T3WGEjV1iMprMjPpu7/.3EhFvlS0vkpP3Rt9ruMUiO8TK1UW','sezginzerne02@hotmail.com',0,NULL,NULL,NULL,0,'31273dc0a8664e2bb06986ffa79d55e2',NULL,'4002939fd87b37b98ab6c6e1e07cb944',NULL,0,0,0,'pending',0,NULL,NULL,1,'0000-00-00 00:00:00','2020-11-30 19:56:27','2020-11-30 19:56:27'),
	(319,'Segin Deniz','Zeren','$2y$12$LM0Us6yQAPr4vbV7DQm.YuirUbCQmfNHm6HAHd6VoW/p2P/f8jSlq','sezginzeren02@hotmail.com',0,NULL,NULL,NULL,1,'1f93e927ce6e70ca571f57e6abfaccb1','2020-11-30 19:59:42','fc9997e589c6b376a876baef990be766',NULL,0,0,0,'pending',0,'2020-11-30 19:59:47','81.214.239.7',1,'0000-00-00 00:00:00','2020-11-30 19:57:20','2020-11-30 19:57:20'),
	(320,'Oktay','Batur','$2y$12$R6wLaYkSWHR1qULYaAZJi.3ThurVDVySAmHfK2Bi82OuRc2d2OK.S','baturoktay56@gmail.com',0,NULL,NULL,NULL,0,'88dcf620d39d471a52ace00c82ea5b06',NULL,'0d93937dc6281bf56642167e2278a8ab',NULL,0,0,0,'pending',0,NULL,NULL,1,'0000-00-00 00:00:00','2020-11-30 23:27:05','2020-11-30 23:27:05'),
	(321,'yigit','kazzaz','$2y$12$SsGnsiUn.19vvjGMkZIrgOuB/m/e8Xhwxooul1Bkin7/bGUbtTL0C','yigitkazzaz@gmail.com',0,NULL,NULL,NULL,0,'408c8b4054225734dc15f92c6b469611',NULL,'be4555e7b6730e04b6eced322685507b',NULL,0,0,0,'pending',0,NULL,NULL,1,'0000-00-00 00:00:00','2020-12-01 00:10:03','2020-12-01 00:10:03'),
	(322,'Arif Emre','Bulut','$2y$12$Vo239a/Em6mfbbqZ33buqOc8RNrPldQWSE5nyMFlKMlVod9NH7B9K','arifemrebulut@gmail.com',0,NULL,NULL,NULL,0,'9826048be21b0512e635b36fc7e4b58e',NULL,'4a3dd53f25f58433d9c8ac91bfa94ac0',NULL,0,0,0,'pending',0,NULL,NULL,1,'0000-00-00 00:00:00','2020-12-01 01:13:10','2020-12-01 01:13:10'),
	(323,'Ahmet Muhammet','Yılmaz','$2y$12$OQEwtMwgQD3N7IhcZHalUe5pzLAFCydEEsU48FTs0iFVMKVzfmS3K','ahhmet13yilmaz@gmail.com',0,NULL,NULL,NULL,1,'b964f4be52524119aaeaebd75fee266e','2020-12-01 01:20:06','cb1c5c4c0d9fc20bfda588eeceaa580a',NULL,0,0,0,'pending',0,'2020-12-01 01:20:20','159.146.10.153',1,'0000-00-00 00:00:00','2020-12-01 01:19:00','2020-12-01 01:19:00'),
	(324,'Emin Görkem','Ayan','$2y$12$4Pv6AvvrasX66CQKvLaE3uQuRVdqLR1B/3RJd2dxoRe5ocBN5OVny','egorkemayan@gmail.com',0,NULL,NULL,NULL,0,'56a065b449716e0c883228f285b94548',NULL,'ca92244afad175015524d75b27066785',NULL,0,0,0,'pending',0,NULL,NULL,1,'0000-00-00 00:00:00','2020-12-01 11:39:23','2020-12-01 11:39:23'),
	(325,'Metin','Ekşi','$2y$12$nf5KVuKuFhXwe39e2BFpFeZid2rbJEIjDra.pKNKkSnxAWoq3bdGm','metin.eksi@outlook.com',0,NULL,NULL,NULL,0,'3610a51245ffeeae8049106656e1bda1',NULL,'4c3eec93e6263d10e0fdee4d4cef4289',NULL,0,0,0,'pending',0,NULL,NULL,1,'0000-00-00 00:00:00','2020-12-01 12:02:33','2020-12-01 12:02:33'),
	(326,'Mehmet Emin','Taştaban','$2y$12$Ep89zj.3VZcDZ9HrZ0wEA.zT6MVCwVkSIi3eDjBVZIwBJPGlWtCDa','mehmetemin@tastaban.net',0,NULL,NULL,NULL,1,'6045d4fe07b930715b4e11a9c6a359f8','2020-12-01 12:12:09','51e515e095d1fc39418fc5b862eb09eb',NULL,0,0,0,'pending',0,'2020-12-01 12:12:22','178.233.118.101',1,'0000-00-00 00:00:00','2020-12-01 12:11:54','2020-12-01 12:11:54'),
	(327,'Gamze','Karan','$2y$12$G8PToXMBHIilPLVkXUhTBual4.NUPgYP5NQZNJKY1bYfYSE7F2VaS','gamze.karan.201@gmail.com ',0,NULL,NULL,NULL,0,'7b8733087bba0abfcf92621a54d4027f',NULL,'6299e7240116470e3195558b8e2e4ce2',NULL,0,0,0,'pending',0,NULL,NULL,1,'0000-00-00 00:00:00','2020-12-01 12:43:28','2020-12-01 12:43:28'),
	(328,'ibrahim','Ateş','$2y$12$MSrv75fRy2Ev.c0f0F9EbuneyMQeihkq/8PVi2kIgYtXgRL1L/9XC','ibrahim.ates035@gmail.com',0,NULL,NULL,NULL,1,'c79439a864a44274a0e7cc707cc78675','2020-12-01 14:01:30','6d05666f2f3e8ba9e7219334884925dd',NULL,0,0,0,'pending',0,NULL,NULL,1,'0000-00-00 00:00:00','2020-12-01 13:57:05','2020-12-01 13:57:05'),
	(329,'Can ','Topaloğlu','$2y$12$WvLEsqPtdoGyYRr.urqMtef9MtViq2Dr8JQffLWZJo4aqgGFUSke.','can.topaloglu04@gmail.com',0,NULL,NULL,NULL,0,'4e059a513feb3d175cdfdc33cc412ba4',NULL,'a6b809a4f02280deb19e79aecfc514a4',NULL,0,0,0,'pending',0,NULL,NULL,1,'0000-00-00 00:00:00','2020-12-01 14:02:31','2020-12-01 14:02:31'),
	(330,'Bekir','Tolaman','$2y$12$12jnU5A.9NRbk6dUte6hNeLuyPWbVFmqtxQkiPLU6a4yxFPJZ2O8e','tolamanbekir@gmail.com',0,NULL,NULL,NULL,0,'9a7a14bba65a0dca4f47deecca57b4ca',NULL,'a2f5de621f63dbb6cdc936a1bdc2a60a',NULL,0,0,0,'pending',0,NULL,NULL,1,'0000-00-00 00:00:00','2020-12-01 16:39:06','2020-12-01 16:39:06'),
	(331,'Kerem','Özz','$2y$12$fiSQCltqRDapaNzXYRbbo.2MM4.QbFXk.8KHcSQ3Xv4yK03KG7hjS','iskeremoz@gmail.com',0,NULL,NULL,NULL,0,'bcc3903fc86e2908eb4545fe7d54ce86',NULL,'08c3da2edeb911a7c1e655dfa5ba03d3',NULL,0,0,0,'pending',0,NULL,NULL,1,'0000-00-00 00:00:00','2020-12-01 16:40:24','2020-12-01 16:40:24'),
	(332,'kerem','öztürk','$2y$12$xoXk2VBqieI7/g3qk5NPoOLymN5T8MfotjABB3ZtV2U9Gzl02vuTC','j3elas@gmail.com',0,NULL,NULL,NULL,1,'e6d7b62d271d4217f8c287cf2ee03725','2020-12-01 16:53:13','0a5d8bd064b903e7bd92d97d0c6651b3',NULL,1,1,1,'pending',0,'2020-12-01 16:53:30','159.146.40.88',1,'2020-12-01 17:00:06','2020-12-01 16:51:09','2020-12-01 16:51:09'),
	(333,'Maruf','Demirtaş','$2y$12$Us0bEBSPBipCgOFU1TK8mOuB2mkC9r0qLU22KIhueQv4LTCVZ3O6q','marufdemirtass@gmail.com',0,NULL,NULL,NULL,1,'75d6d0e32eec4eb9131407dce0500ebd','2020-12-01 17:02:58','60576c296c6866278c28d4c9cabb42d7',NULL,0,0,0,'pending',0,'2020-12-01 17:04:47','78.184.1.173',1,'0000-00-00 00:00:00','2020-12-01 16:58:50','2020-12-01 16:58:50'),
	(334,'Arda','Koç','$2y$12$CXo.rvxxwtnYH0zFye1yke1S1VBVQ3xVeILe0f8K3ZML3kcg9lpQW','ardaefor.nett@gmail.com',0,NULL,NULL,NULL,1,'e6b8276b0f4d3931c11b21d4f318c8fe','2020-12-01 20:55:52','048f959f2492c8928a765b24f0e5ec6b',NULL,0,0,0,'pending',0,'2020-12-01 20:56:00','85.107.94.17',1,'0000-00-00 00:00:00','2020-12-01 20:54:23','2020-12-01 20:54:23'),
	(335,'Orhun','Ünal','$2y$12$T1DxoqxrZilA9Wz4rKMW..DhjjI3gE7cCEuywz5mYkvXous36T99i','orhun98unal@gmail.com',1,NULL,'Quok Games',NULL,1,'76a8e0903fa5c81ac59dfa6ab5123912','2020-12-01 21:23:39','30f87b6e3c0c913d9d2fd9409728f5b9',NULL,1,1,1,'approved',0,'2020-12-02 14:27:08','88.229.37.90',1,'2020-12-01 21:40:45','2020-12-01 21:22:47','2020-12-03 12:22:04'),
	(336,'yusuf','koyuncu','$2y$12$yYIxiBaU3More3A5/65jCuh6vmxz/EWrQAD4DTXq0N7lUyl2XpeV.','yusufkync.yk@gmail.com',0,NULL,NULL,NULL,1,'00a86549f3cf2475fa34126bfc653e9c','2020-12-01 21:31:07','a417b84fb3b513e5e78210589de8719e',NULL,0,0,0,'pending',0,'2020-12-01 21:31:12','212.133.238.150',1,'0000-00-00 00:00:00','2020-12-01 21:26:16','2020-12-01 21:26:16'),
	(337,'Muhammet','Menteş','$2y$12$untOExCwx91FtK4p8IZniOOAshrsM7WBgA2iGGWmuzpuBj/5TgV3a','Mentes901@gmail.com',0,NULL,NULL,NULL,0,'4d213147f2b4bc1836d4b12c4fef24e3',NULL,'e447d10d69003b091757b2033200156a',NULL,0,0,0,'pending',0,NULL,NULL,1,'0000-00-00 00:00:00','2020-12-01 21:55:06','2020-12-01 21:55:06'),
	(338,'ERHAN','ÜSTÜN','$2y$12$ftd2CEFuc/2MmtkuTGq1heNRMbMgS79nfj7VV4L3Af17mc/3SOe7u','erhanustun1982@gmail.com',0,NULL,NULL,NULL,1,'9dd113b49b597aeb4bbabb9538438cfb','2020-12-01 21:57:50','cc4b463a474165c521fe63075e463f52',NULL,1,1,1,'approved',0,'2020-12-03 11:02:45','78.190.108.15',1,'2020-12-01 22:37:27','2020-12-01 21:56:43','2020-12-03 12:09:07'),
	(339,'okan','furuncuk','$2y$12$ZN6TEwHwJYCRzCZ5L2b6GO2fliQ2ozNZQq.C/mqyKCQfZ95VsZ3W.','furuncukokan@gmail.com',0,NULL,NULL,NULL,1,'2f7b36fc8169cab8098099d1fa9c5e44','2020-12-01 23:33:52','e6530744c189a6f0bffebf1d4ebbf057',NULL,0,0,0,'pending',0,'2020-12-01 23:34:26','176.33.73.68',1,'0000-00-00 00:00:00','2020-12-01 23:31:00','2020-12-01 23:31:00'),
	(340,'Ege','Eren','$2y$12$ZJ45Y6QIzlnPlcp8iT0iWesuq0bpP3lc98hCCx5x.YUePoNjYJbL6','egeren72@gmail.com',0,NULL,NULL,NULL,1,'a70d4394652bda26bfce76ca8e1648da','2020-12-01 23:45:27','0f00e6cd2a5f5c0a8369ec4516fe5d46',NULL,1,1,1,'approved',0,'2020-12-01 23:45:37','24.133.85.75',1,'2020-12-01 23:51:06','2020-12-01 23:44:12','2020-12-03 03:51:09'),
	(341,'Kerim','Yıldırım','$2y$12$xhNUS/GUXaWKtxfTWoiAJejUYdS.asLFEgEZ5DN9z0EYMtlk0Kw9S','kerimyildirim@gmail.com',0,NULL,NULL,NULL,0,'bd9176d75e737dc2039b5624f66f38f2',NULL,'6c3e709145665a2ee9bd728e1b53c8ef',NULL,0,0,0,'pending',0,NULL,NULL,1,'0000-00-00 00:00:00','2020-12-01 23:53:28','2020-12-01 23:53:28'),
	(342,'Ramazan','Tutar','$2y$12$goMNVz4u5De87LtNAyvP2uJ0yHKh02k1c3HJIFXXCek6wgA90YMvG','ramazantutar24@gmail.com',0,NULL,NULL,NULL,1,'66bd2ab971fac1369137b4c6987be44e','2020-12-02 00:07:21','859381da93ba08333fd7fc98dad1262a',NULL,1,1,1,'approved',0,'2020-12-02 00:07:38','85.98.17.40',1,'2020-12-02 00:10:45','2020-12-02 00:04:53','2020-12-03 03:38:15'),
	(343,'Ahmet Kaan','Doğanca','$2y$12$tPCbnRUfZ6ZpInJQdcGFnOeZDFRc.aPDk80JnVXkzhj.dlfK/M7iG','dogancakaan@gmail.com',0,NULL,NULL,NULL,1,'655257b929d3c77d91ca558ac6022d59','2020-12-02 00:54:38','ccfd2dca403120bb98c23bd7187070d6',NULL,0,0,0,'pending',0,'2020-12-02 00:55:00','95.13.240.177',1,'0000-00-00 00:00:00','2020-12-02 00:50:13','2020-12-02 00:50:13'),
	(344,'Samet','Aktel','$2y$12$DLcGpnKh8yEo9vfNPx2CGe0u6WiOnvTF/DErUq3Zig4AjNTHDOrjK','123darknes3214@gmail.com ',0,NULL,NULL,NULL,0,'1177e7b780bee1eee2660b7905ce55ab',NULL,'540d598394ae598bcace4a821aea9c1e',NULL,0,0,0,'pending',0,NULL,NULL,1,'0000-00-00 00:00:00','2020-12-02 03:46:10','2020-12-02 03:46:10'),
	(345,'Mahir Cihad','Yıldırım','$2y$12$ImrIXYra1AOgdqy4bKE1QOzQQMCqsbgpVsFSlpOL5phmie2v/VqVK','mahircihadyildirim@gmail.com',0,NULL,NULL,NULL,0,'2d4a83d7e2752b96cdcb483fb5ed2229',NULL,'1afbb4346f7b74798753768a4f6cb48d',NULL,0,0,0,'pending',0,NULL,NULL,1,'0000-00-00 00:00:00','2020-12-02 04:11:40','2020-12-02 04:11:40'),
	(346,'Furkan','Çelik','$2y$12$WuIPDPjj4h0WFzVBYeKZR.YeEgy/fJBcGxeQ.b/Rejj44yhwhH9VG','furkancelik2699@gmail.com',0,NULL,NULL,NULL,1,'bff35b59e720315debc403103f437214','2020-12-02 04:35:05','5ce74c8e1fc16ec412089f1d8bac39b7',NULL,1,1,1,'approved',0,'2020-12-02 04:35:18','37.130.106.221',1,'2020-12-02 04:40:46','2020-12-02 04:34:02','2020-12-03 03:05:26'),
	(347,'Altay','Savaşan','$2y$12$kdzTiovfvCMwvf7kxP009Ona8YG7NnX56Vb7TEYTctUtgSmujOQ0y','altaysavasan39@gmail.com',0,NULL,NULL,NULL,1,'68d9f6f890484b0843cd6fe6484403f6','2020-12-02 12:40:50','1c9b8c157e5b1c28624fa564827c6b21',NULL,0,0,0,'pending',0,'2020-12-02 12:41:00','176.232.162.79',1,'0000-00-00 00:00:00','2020-12-02 07:54:03','2020-12-02 07:54:03'),
	(348,'Önder','Vatan','$2y$12$MoSAhynnGZK8WvGWSf6xgO7PoWJE/KSmWYxsjhFxHa7oDVpe4.4x2','onder.vatan@yandex.com',0,NULL,NULL,NULL,1,'5147f87b1e405c40542bfa01579b0568','2020-12-02 08:39:31','de79bef5fae232dade35983b1ded9165',NULL,1,1,1,'approved',0,'2020-12-02 08:40:12','82.145.223.27',1,'2020-12-02 08:49:04','2020-12-02 08:39:09','2020-12-03 03:05:23'),
	(349,'Anıl','Aslan','$2y$12$BGGwodcYKi4LzOYkyZSHeedDxJDDsQxTclSZ6ZDkqS8ZKFlYfHv9.','anilinmsn@gmail.com',0,NULL,NULL,NULL,1,'af766fbcd50ca55dd87bf3d94ffb3d56','2020-12-02 09:05:48','bb17f57999c3a1c001f62206053bcd81',NULL,0,0,0,'pending',0,'2020-12-02 09:06:15','88.249.8.244',1,'0000-00-00 00:00:00','2020-12-02 09:05:02','2020-12-02 09:05:02'),
	(350,'Eren','Gültekin','$2y$12$Xz9I9fKBWznJMf6xYqsEY.D8RJ5vruabXBTMEy7/OtxneH2uKZSbe','erik_nami@hotmail.com',0,NULL,NULL,NULL,1,'f46b22b798d8da57a9d54ec3b5e7fd79','2020-12-02 11:53:20','baed5af1dca097df5279df2bd0895b04',NULL,1,1,1,'approved',0,'2020-12-02 11:53:40','5.47.10.40',1,'2020-12-02 12:02:31','2020-12-02 09:12:37','2020-12-03 03:05:21'),
	(351,'Gökhan','İLDİRİ','$2y$12$/x2Y3FYNy9mr.twjWmsx5eacV0HRAU7IL0XVtwKPghFXBua.7aPLC','gokhanildiri@yahooo.com',0,NULL,NULL,NULL,0,'33da61ec0cb0ef0797c20328ebec3242',NULL,'b81435f5882fdce611b1f8944cffd13f',NULL,0,0,0,'pending',0,NULL,NULL,1,'0000-00-00 00:00:00','2020-12-02 09:21:23','2020-12-02 09:21:23'),
	(352,'Volkan ','Tanyıldız','$2y$12$fT0PCVibEyfOoqrzb2qE7uXWkSFG5BH/473X6Z2qQ0PXeMW6sUxtS','vtnyldzz@gmail.com',0,NULL,NULL,NULL,1,'0a8882782cc3e04c93b53301d16833fb','2020-12-02 10:03:59','54319fe0cdf5e542790e0ed620930caa',NULL,0,0,0,'pending',0,'2020-12-02 10:04:26','85.99.183.196',1,'0000-00-00 00:00:00','2020-12-02 10:02:14','2020-12-02 10:02:14'),
	(353,'Ufuk','Çoban','$2y$12$pJpvJ9GgZFZktQIWb0IFBOzMARzOTal5z0x1Y0FTKNvilR4oIdKO6','atmuc@atmuc.com',0,NULL,NULL,NULL,1,'b5ec97d9da931e5ceb9044e638ae2f67','2020-12-02 10:44:58','fad09864a5bfcc1f3822ad842f7a7248',NULL,0,0,0,'pending',0,'2020-12-02 10:45:12','176.43.17.239',1,'0000-00-00 00:00:00','2020-12-02 10:44:23','2020-12-02 10:44:23'),
	(354,'kaan','demirçelik','$2y$12$Ayae8R7FhqUXlHdqi0orEek1zZT50E1nz.w7opn/J0xGniS4MIzI2','artofkaan@hotmail.com',0,NULL,NULL,NULL,0,'263c04f15eb4a40ab758e03d109effa3',NULL,'795da9bd352dd11a90389124dbf12419',NULL,0,0,0,'pending',0,NULL,NULL,1,'0000-00-00 00:00:00','2020-12-02 11:25:45','2020-12-02 11:25:45'),
	(355,'Mehmet','Çimen','$2y$12$Sd7zDLlbYe./S1JyYCa3culQjSa88abkGEBhHAClly1H8GBa.V8.W','mnmcmn8@gmail.com',0,NULL,NULL,NULL,1,'70eb60956a2b69d8f54cf2ce2b133a6b','2020-12-02 12:45:37','9c3b99f429506a4ce70a0ab0bbf411c2',NULL,1,1,1,'approved',0,'2020-12-02 12:46:48','176.54.235.56',1,'2020-12-02 12:50:24','2020-12-02 12:43:03','2020-12-03 03:05:16'),
	(356,'Eren','Zşrekbilek','$2y$12$4OltdpuQ6VfbIJN763w./eGCipZsLvIIhffb7Xog24kAsLLVvh1E6','erenzirekbilek@hotmail.com',0,NULL,NULL,NULL,1,'4f40b1754e9f2d1dd6079e1f77dabf50','2020-12-02 12:51:45','09950cf8f02b5fd12c5912d608de4701',NULL,1,1,1,'approved',0,'2020-12-02 15:07:39','88.243.135.17',1,'2020-12-02 12:58:52','2020-12-02 12:44:49','2020-12-03 02:59:39'),
	(357,'batuhan','bayraktar','$2y$12$40gSA6/IavKh9jiV0mGqpej5hivHoPXECBYRXo7NNahT49i0fI5gK','batuhanbayraktar91@gmail.com',0,NULL,NULL,NULL,0,'dd2727ba754e7d5375ca0dddcf254fc2',NULL,'154abbb85cf4277a4fbf6c2ea8af6fb5',NULL,0,0,0,'pending',0,NULL,NULL,1,'0000-00-00 00:00:00','2020-12-02 13:31:30','2020-12-02 13:31:30'),
	(358,'ümit','özkaya','$2y$12$jSj185BrDbL5wwFJI4FTXOceh5Cfd0F52dVLfTJc48k127XnaZNx.','uozkaya91@hotmail.com',0,NULL,NULL,NULL,0,'8602183a1547650f9c3c3c1e470bf83e',NULL,'0d73adda75915493e55a0fb3d418ca86',NULL,0,0,0,'pending',0,NULL,NULL,1,'0000-00-00 00:00:00','2020-12-02 14:20:47','2020-12-02 14:20:47'),
	(359,'ümit','özkaya','$2y$12$P93U0DSNcYqjvUU8vDbBquP1blpMmlArIuTEPZkWGOu6PmaJA4BbW','walkingalong91@gmail.com',0,NULL,NULL,NULL,0,'b870969d9935762e1c5f857a043fcd88',NULL,'233c5a17012968b309c9a8b9c559b85a',NULL,0,0,0,'pending',0,NULL,NULL,1,'0000-00-00 00:00:00','2020-12-02 14:24:34','2020-12-02 14:24:34'),
	(360,'Özgü ','Aydar','$2y$12$ahd.3xfsXS/0UUlRu/r4cO7ORZ2JDlH23eEV3O2v0B7AL5POOsJrC','ozgudar@gmail.com ',0,NULL,NULL,NULL,0,'ce5d00ebd57e82d42f4317b6dd31175a',NULL,'37d8da1cab53d514fac99efd2470e27b',NULL,0,0,0,'pending',0,NULL,NULL,1,'0000-00-00 00:00:00','2020-12-02 14:41:40','2020-12-02 14:41:40'),
	(361,'Berkay','Bayındır','$2y$12$bgciNswgp8rjaEIOb.d8YuhIPmCz.63SickG2GdM4PqLpBO/5r.cO','bayindirberkay220@gmail.com',0,NULL,NULL,NULL,0,'8f8a555bbfceb827f0ca5d504ef717a9',NULL,'6a5b9efe9e1a2495c031f7bec058c04b',NULL,0,0,0,'pending',0,NULL,NULL,1,'0000-00-00 00:00:00','2020-12-02 15:46:13','2020-12-02 15:46:13'),
	(362,'Ali Nazmi','Türker','$2y$12$JPe.9CTTeyvo4xadni4q..nSvcvtU9x9JBdowfEbk4A3b5vWgOv8a','alinturker@hotmail.com',0,NULL,NULL,NULL,0,'d5db336fc6ab18c3e54c9a3418923cf8',NULL,'6aec1768993253b03e1d94fa916f47c5',NULL,0,0,0,'pending',0,NULL,NULL,1,'0000-00-00 00:00:00','2020-12-02 16:00:12','2020-12-02 16:00:12'),
	(363,'Ali Hamdi','DOĞANAY','$2y$12$SX60k4zQsQ/IpjPa9gUAEuoGPSYEV1G6kDIMcAOLpu4cu/dBaEix2','alidoganay.tr@gmail.com',0,NULL,NULL,NULL,0,'7c9f055c086309be27d72ce4359cccda',NULL,'f2bacf65fb2c458d5915c3038a3a959e',NULL,0,0,0,'pending',0,NULL,NULL,1,'0000-00-00 00:00:00','2020-12-02 17:37:04','2020-12-02 17:37:04'),
	(364,'Ali','Kahya','$2y$12$NjG609KrTQc8lRfUU0iRi.De9eswAdmSg2L/kq10f9zQ.N5NQjW56','Meu-epost-2020@outlook.com ',0,NULL,NULL,NULL,0,'487bbce02fc86f250440d6cb923c457f',NULL,'1d838bce4821498f2a0d3ccc880c77f3',NULL,0,0,0,'pending',0,NULL,NULL,1,'0000-00-00 00:00:00','2020-12-02 17:48:21','2020-12-02 17:48:21'),
	(365,'Cemal Can','Yıldırım','$2y$12$jKXSBvW7SfXzRJStXw1MuOr16RXxoMdloVAnVRrmoD/PYba9QETZq','cemalcan_yildirim10@hotmail.com',0,NULL,NULL,NULL,0,'de75be2db1f2a2737e7c02af379af86b',NULL,'f1692910ed7d3eb4d1e0e443d33503d4',NULL,0,0,0,'pending',0,NULL,NULL,1,'0000-00-00 00:00:00','2020-12-02 17:57:49','2020-12-02 17:57:49'),
	(366,'Samet','Kahraman','$2y$12$dAuSW1JR6LnFwaIXnFTSY.wtX3ATR9r97sM2kTu31nAYKSzCvduDK','smtkhrmn20@gmail.com',0,NULL,NULL,NULL,0,'eccbc3942bc2c7e6ef44310ce921be49',NULL,'6237433b05bb07008c1a8688f6f0c632',NULL,0,0,0,'pending',0,NULL,NULL,1,'0000-00-00 00:00:00','2020-12-02 18:10:19','2020-12-02 18:10:19'),
	(367,'Türker','Tercan','$2y$12$9c6v.UR5yt3lFHDDOlwSeeUifUgZ/lkZN6L2hAckmpdK23JVBQo6K','turker.tercan2017@gtu.edu.tr',0,NULL,NULL,NULL,0,'b4e2f01d9d7e12ad44b6a2a3822cea69',NULL,'78e0e3a11476b6370a6ef9ce669cdcc0',NULL,0,0,0,'pending',0,NULL,NULL,1,'0000-00-00 00:00:00','2020-12-02 18:41:16','2020-12-02 18:41:16'),
	(368,'Emirhan','Baykal ','$2y$12$sSrsOfsJO3rHuq974ggrmuGHltD1hrzsnSZmdj1pmRCm3ifMIQDRO','emir.han.baykal@hotmail.com',0,NULL,NULL,NULL,0,'f5b4145f92aa1ff066bea268f03d75aa',NULL,'39292c9f2a2e2533e99d743974b34fa1',NULL,0,0,0,'pending',0,NULL,NULL,1,'0000-00-00 00:00:00','2020-12-02 19:27:26','2020-12-02 19:27:26'),
	(369,'emircan','abaza','$2y$12$f.cWG/h/7isGACD6CxpL0unq.Ipl9F2gfOxFXbvjKISLQ/i2tVis.','emircan_abaza.55@hotmail.com ',0,NULL,NULL,NULL,0,'01d58b6df78e7cff0afd061d6820112d',NULL,'8d7308d7c8686cfcd4b9c0e2af9ad2d4',NULL,0,0,0,'pending',0,NULL,NULL,1,'0000-00-00 00:00:00','2020-12-02 19:29:30','2020-12-02 19:29:30'),
	(370,'Türker','Tercan','$2y$12$GyQZeP6pvxOdVaRbt2Tml./S9Q2k/3Oa/fMXzPKPVuhb0hovJBGdm','bjktrktrcn@gmail.com',0,NULL,NULL,NULL,0,'728d03808e77e734cb06f422964c0fcd',NULL,'cb8507633de3b4d65cb6b6ede7367f05',NULL,0,0,0,'pending',0,NULL,NULL,1,'0000-00-00 00:00:00','2020-12-02 19:34:42','2020-12-02 19:34:42'),
	(371,'Fuat','Seymen','$2y$12$X9qwDTQrOtJe0pdFAXT/SezmhL9bMzUT1tVKvlfDmeGoqNW6jmepK','fuat_581@hotmail.com ',0,NULL,NULL,NULL,0,'34196b5c7a3b078f1dbe889cc9369581',NULL,'2d8fcfb2f383e9bb47ad5560667c36f4',NULL,0,0,0,'pending',0,NULL,NULL,1,'0000-00-00 00:00:00','2020-12-02 19:41:36','2020-12-02 19:41:36'),
	(372,'uğur','tektaş','$2y$12$CnhET.wGnE8CPYt3RWNMq.8kEMqqmRoMZqh2jJ8ZKpWJ2Zrl6GSsy','ugurtektas13301330@gmail.com',0,NULL,NULL,NULL,0,'4392f3fc3c08c96f83b5d668efd83e82',NULL,'49f240b941c3bde3d7c7a7513e90ac99',NULL,0,0,0,'pending',0,NULL,NULL,1,'0000-00-00 00:00:00','2020-12-02 20:32:22','2020-12-02 20:32:22'),
	(373,'Melih','Akgün','$2y$12$4RZwxwP8VZVhIqYq1GCdKuh4uU8fnjMBPbBhqcn8Vg7h3jYm.bI.O','melihakg23@gmail.com',0,NULL,NULL,NULL,0,'ab8a63064719ec3617b9a14a3afe527b',NULL,'4b42590b26312734dfa2f7968f2d9031',NULL,0,0,0,'pending',0,NULL,NULL,1,'0000-00-00 00:00:00','2020-12-02 21:18:02','2020-12-02 21:18:02'),
	(374,'Yusuf Mert','Durak','$2y$12$KcCEqGWhTz9gHlsE7lP8vOQBnHZ0.oAHZINgaodzKp4wrko5TAnbm','sanchtum10@gmail.com',0,NULL,NULL,NULL,0,'42490f327ff8ed60cf43f7155856e0cb',NULL,'e5a006710407efc9eb5930ffe590c2b3',NULL,0,0,0,'pending',0,NULL,NULL,1,'0000-00-00 00:00:00','2020-12-02 22:05:49','2020-12-02 22:05:49'),
	(375,'yusuf','durak','$2y$12$Qsprw2/jDunwr4fUbM9fdezYd6/aIasnAn4Yb78VIaluzMX7GCOVK','matofficail86@gmail.com',0,NULL,NULL,NULL,0,'e342cd99f9abf9a9dcc4bf681775dc59',NULL,'e2c494887906e1141918d7d514bd386c',NULL,0,0,0,'pending',0,NULL,NULL,1,'0000-00-00 00:00:00','2020-12-02 22:10:31','2020-12-02 22:10:31'),
	(376,'Görkem','Akçay','$2y$12$G.TXCzRB1fRPOXD8q9/rqui5bzqLgNTfaKNW.5w/V6dKwsnCxNuie','gorkemakcaykisisel@gmail.com',0,NULL,NULL,NULL,0,'118f78b941b9f92e345a838c76bdf7ed',NULL,'66d9c93db92daf6a5f342a22569ddfe3',NULL,0,0,0,'pending',0,NULL,NULL,1,'0000-00-00 00:00:00','2020-12-02 22:16:58','2020-12-02 22:16:58'),
	(377,'Murat','Candan','$2y$12$HevE5S/UxASTsMXtfI5kQ.IipNGLBkdG8.yr2azJFwswIynYfJiCO','murat.candan1997@hotmail.com',0,NULL,NULL,NULL,0,'ec09776eabc4a437638286dd39a781f1',NULL,'514c0bbc802286fcc865ab58cb662416',NULL,0,0,0,'pending',0,NULL,NULL,1,'0000-00-00 00:00:00','2020-12-02 22:27:02','2020-12-02 22:27:02'),
	(378,'Muhammet Semih','Keleş','$2y$12$aaKDAN01zPbW7v8GoeqeOOTJUnkLaU1mM4FOhSoeaToh.cxQqNKRS','semihkeles1997@hotmail.com',0,NULL,NULL,NULL,0,'765d2378c8cf8e8189c729e6729c7a59',NULL,'55e55da31a6b56eb2eb694ff0e92888e',NULL,0,0,0,'pending',0,NULL,NULL,1,'0000-00-00 00:00:00','2020-12-02 22:38:49','2020-12-02 22:38:49'),
	(379,'Cevher Ali ','Albayrak','$2y$12$Yi6HAMZEXxT.SjSvpXvt5eUUpDt0zMmPChSdwahOaZ8cx.Fe1lwXK','cevherali20012001@gmail.com',0,NULL,NULL,NULL,0,'e88e6ad638fef0f54bda71ce9b599c27',NULL,'8d8a47ec80ced7055b39e6b4f216eeea',NULL,0,0,0,'pending',0,NULL,NULL,1,'0000-00-00 00:00:00','2020-12-02 22:46:50','2020-12-02 22:46:50'),
	(380,'Can','Karabulut','$2y$12$F6NqGvYuizbHPc0M728qEuVST99jFzju7xTHdH/3oT74ZLLpIZaoO','c.k.1998@hotmail.com',0,NULL,NULL,NULL,0,'37f1138057970382fdaa7f03a06f381e',NULL,'9e92d289a4d77bb1746c9f88c58f55be',NULL,0,0,0,'pending',0,NULL,NULL,1,'0000-00-00 00:00:00','2020-12-02 23:11:37','2020-12-02 23:11:37'),
	(381,'fatih','doğru','$2y$12$FvSvdqk8H85oLD.oYRvpYenztPrpxXTzG42nLzKwVDABia/AuiIRa','fa-t-ih66@hotmail.com',0,NULL,NULL,NULL,0,'40d9d615afc2de21070aa26bae4656d6',NULL,'339c5b3a21db15d97fa4d5789dbf637e',NULL,0,0,0,'pending',0,NULL,NULL,1,'0000-00-00 00:00:00','2020-12-02 23:17:10','2020-12-02 23:17:10'),
	(382,'Batuhan','Engez','$2y$12$y9dZAiHpD6BdK5GWpII2/OOTqk8ybXm2hae1bzucY5WRY.0zgDC12','batuhanuvem@gmail.com',0,NULL,NULL,NULL,0,'239abe5d4fec71a01cb78500ae164bb9',NULL,'32b43e842f0f27794e0f3b8646ae6582',NULL,0,0,0,'pending',0,NULL,NULL,1,'0000-00-00 00:00:00','2020-12-02 23:20:57','2020-12-02 23:20:57'),
	(383,'Orhan','Kahveci ','$2y$12$wytdukj625MghdcnEXGbve.qU1SR94QYaJEG/CAxzJEB5GLv9jR6O','orhankahveci4@gmail.com',0,NULL,NULL,NULL,0,'605b9aa6c6630952901deddb7b370c4a',NULL,'01789503619909552a16fffcef5b810f',NULL,0,0,0,'pending',0,NULL,NULL,1,'0000-00-00 00:00:00','2020-12-02 23:35:34','2020-12-02 23:35:34'),
	(384,'Pelin','Çılgın','$2y$12$7jJzKvZs3s.4xPSohW8XiumIAaA3IzNFDWam17TYNdObbTCcxbCce','hpcilgin@gmail.com',0,NULL,NULL,NULL,0,'df95e3ba29832e90baea450dc9705180',NULL,'eb8a6b822b278aaf3ab9568ccb098381',NULL,0,0,0,'pending',0,NULL,NULL,1,'0000-00-00 00:00:00','2020-12-02 23:38:26','2020-12-02 23:38:26'),
	(385,'Orhan','KAHVECI','$2y$12$YJMNclkSowI.NsKLjFzKeOaTuY/g6/5oqayIL791IncmY5/5wBdfC','orhankahveciwndrlst@gmail.com',0,NULL,NULL,NULL,0,'e3cf0d7357ae1a8f27c5eb5a879cc57f',NULL,'55aa07ff24683763c8fec76df64306fd',NULL,0,0,0,'pending',0,NULL,NULL,1,'0000-00-00 00:00:00','2020-12-02 23:50:30','2020-12-02 23:50:30'),
	(386,'Dorukhan','ÖZAKSU','$2y$12$X5UHru2ZHm64pnZwWvSfLe7KFrUJBI2N7HCA2aTF7OdoItPInrSQa','dorukhanozaksu@hotmail.com',0,NULL,NULL,NULL,0,'6151a7b3c675cd715efee266f960ced6',NULL,'01952b4fb39551759da61221519a9eee',NULL,0,0,0,'pending',0,NULL,NULL,1,'0000-00-00 00:00:00','2020-12-02 23:53:40','2020-12-02 23:53:40'),
	(387,'Dorukhan','ÖZAKSU','$2y$12$6ngKzfr6jlLJzS93JNVIB.DL1WD8g8JtX/3DxV7AHQczGyFNz1u1u','dorukhan.ozaksu@hotmail.com',0,NULL,NULL,NULL,0,'7a76086627a24202d2bc56bb69cd1a80',NULL,'29519d04bad9ec722e19de8f873cb8a7',NULL,0,0,0,'pending',0,NULL,NULL,1,'0000-00-00 00:00:00','2020-12-03 00:00:13','2020-12-03 00:00:13'),
	(388,'Berk','Selçuk','$2y$12$mkgqmRHIl5T7UC2xCn0iJ./tmqlhYNsuXUAMgHdDBwHHdpYLK9AvG','berkselcuk98@outlook.com',0,NULL,NULL,NULL,0,'f015ede595e819d45e71bc10d0f15b47',NULL,'1f92ddd71396e111277c7d56b6224bf0',NULL,0,0,0,'pending',0,NULL,NULL,1,'0000-00-00 00:00:00','2020-12-03 00:00:55','2020-12-03 00:00:55'),
	(389,'Murat','Tezcan ','$2y$12$bMFgjzLTljqB8bfbb7.DMe5zzgOS3xb2unqiYRcFlvs7m2Y6XFDru','murtezcan16@gmail.com',0,NULL,NULL,NULL,0,'7c8203bfcfb9d51092497c8beaeb97a6',NULL,'43ae47d3a5f3e627966dd64710eac229',NULL,0,0,0,'pending',0,NULL,NULL,1,'0000-00-00 00:00:00','2020-12-03 00:01:21','2020-12-03 00:01:21'),
	(390,'Dorukhan','ÖZAKSU','$2y$12$haFZGYsnaKUoQHTPRA56/eF2w8WgXeHZAhJAX3LwiNr8xLkLVjGZe','xlsdie@gmail.com',0,NULL,NULL,NULL,0,'92ac22a9087d2c6db18a27460bb78ad8',NULL,'53997fb644c4280f5bfa18eee8c91691',NULL,0,0,0,'pending',0,NULL,NULL,1,'0000-00-00 00:00:00','2020-12-03 00:06:17','2020-12-03 00:06:17'),
	(391,'Berke','Sarıgül','$2y$12$oLEGmZWG5yMWdG1RY7m1LOE6yaEP7NbhJnBLbzxWS7pm/uKyJiMVm','Demicraftt@gmail.com',0,NULL,NULL,NULL,0,'271cf6b66ed0804861557bad596a81b6',NULL,'cee909ae50d160f793472fb652d516d8',NULL,0,0,0,'pending',0,NULL,NULL,1,'0000-00-00 00:00:00','2020-12-03 00:38:39','2020-12-03 00:38:39'),
	(392,'Erkut','Süleymanoğlu','$2y$12$K.6MKMbNRTlQHsdaXa/TteYvQAvpWf3zguyB8e.sdjTRGgunhH7n6','erkutsoglu@gmail.com',0,NULL,NULL,NULL,0,'d3a497cbcf36aa145a0a99f8dd739f9c',NULL,'8ba98485b7aba05141849970170aec34',NULL,0,0,0,'pending',0,NULL,NULL,1,'0000-00-00 00:00:00','2020-12-03 00:39:35','2020-12-03 00:39:35'),
	(393,'Ahmet Taha','Küçük','$2y$12$uujSLLJTfcf/PisZ6JQaVuk33qNMSvq2jx/80c67kZyFpRTxlV1be','atahakck@gmail.com',0,NULL,NULL,NULL,0,'3cab683affe44a95e93ec299396950ea',NULL,'dd33e5cd43fb10d7c2c4962ba4882aab',NULL,0,0,0,'pending',0,NULL,NULL,1,'0000-00-00 00:00:00','2020-12-03 01:13:33','2020-12-03 01:13:33'),
	(394,'Ahmet','Çetin','$2y$12$cCfMyL6goSj4CcOMn84Dbetx3/s/nJmnSQl3RVY4o/l.LW5.1/ssS','ahmet.55ac2@gmail.com',0,NULL,NULL,NULL,0,'7f8e7dfd52c80768901b97c9ee2eace2',NULL,'a1fc0c05318ad0c7cb55eccf3b08a7d0',NULL,0,0,0,'pending',0,NULL,NULL,1,'0000-00-00 00:00:00','2020-12-03 01:30:10','2020-12-03 01:30:10'),
	(395,'Semih','Tezel','$2y$12$n8hs3N9mJkpF2LGcIcrrCeitCaqhJJ43WOSl9faZVugVTHoJjbzfa','semih_tezel@hotmail.com',0,NULL,NULL,NULL,0,'82277b5347dac9b7a5e9907673663d07',NULL,'d689b1c8db399ced606886fb7e61c114',NULL,0,0,0,'pending',0,NULL,NULL,1,'0000-00-00 00:00:00','2020-12-03 02:06:10','2020-12-03 02:06:10'),
	(396,'Semih','Tezel','$2y$12$XPUr7w/tlLhbyGgrhZHKBeT54/tgHoqWjFNMAskE2BxSw8QPvMeTC','semihtezel00@gmail.com',0,NULL,NULL,NULL,0,'2d786f72146f73d2e365122ce27431a3',NULL,'0c8ceb8786a180ed2219aedc8059514c',NULL,0,0,0,'pending',0,NULL,NULL,1,'0000-00-00 00:00:00','2020-12-03 02:13:03','2020-12-03 02:13:03'),
	(397,'Semih','Tezel','$2y$12$x.EeAMJjpz5Q5qwIxh5NJ.kw/a2FaKAQqDWOyI7n8rcGeLuVJr6mi','alikeserr05@gmail.com',0,NULL,NULL,NULL,0,'c88cd3c68b52e2ae52700cb2c32f14b1',NULL,'678c606eeeee2dff4f12895e19072d2b',NULL,0,0,0,'pending',0,NULL,NULL,1,'0000-00-00 00:00:00','2020-12-03 02:19:51','2020-12-03 02:19:51'),
	(398,'Murat sefa','Koçyiğit','$2y$12$K9pyNpbuv.gkBFxoRquySuClsqdMc6.jBCgd6s3eh6r0Uh2bzO5kG','sef.k@hotmail.com',0,NULL,NULL,NULL,0,'22e2ad1f23aabc2b081784ea4753b518',NULL,'d44b5dc2ef225e6a5dfdae44017a9fb1',NULL,0,0,0,'pending',0,NULL,NULL,1,'0000-00-00 00:00:00','2020-12-03 02:25:36','2020-12-03 02:25:36'),
	(399,'Furkan','Yıldırım','$2y$12$dH0Fg4cKTLqVohc5YUhIGO.rR7/3dc2Rm3sDgT4my1lQ8F2A8pmKq','furkan.yildirim.9820@gmail.com',0,NULL,NULL,NULL,0,'66227f9ff59332f7ae22b793c457f892',NULL,'e30d196e33af3d189ee66337bf6c08b0',NULL,0,0,0,'pending',0,NULL,NULL,1,'0000-00-00 00:00:00','2020-12-03 02:54:05','2020-12-03 02:54:05'),
	(400,'Muhammet Ali','Şerefli','$2y$12$Qi.TbMt5fhSxNpGwLcVftOfEiIm//klqDlMXS8/jVK/SQt1b/Iqzy','Malisereflixx@gmail.com',0,NULL,NULL,NULL,0,'0ffaa2eb6e2af3858057c4b9ea417744',NULL,'7df13089c7dc8c34ffc6ecb701bd199f',NULL,0,0,0,'pending',0,NULL,NULL,1,'0000-00-00 00:00:00','2020-12-03 06:13:55','2020-12-03 06:13:55'),
	(401,'Onur','Keskin','$2y$12$XdUXPMNMqbgP7LEq6AqpY.TtFH3sp.c2Lj/XrUBuyTwiqBijIdz/2','jugber@hotmail.com',0,NULL,NULL,NULL,0,'bd3b9c5d04fa5b504c5125a8648ed7fb',NULL,'07b40f7ff28904203d173cdae1b78fc6',NULL,0,0,0,'pending',0,NULL,NULL,1,'0000-00-00 00:00:00','2020-12-03 06:57:05','2020-12-03 06:57:05'),
	(402,'Mustafa Zübeyr','Yeşilbaş','$2y$12$b626wRGZ.vs8DixPvalt7etXihZ5RGNK8cc..6Ch/tYyuhJ08YLn2','mustafazubeyryesilbas@gmail.com',0,NULL,NULL,NULL,0,'33ea61ee9cea7423a7b3c1e7c3e86ff9',NULL,'956ed1497bf34d1df4797da8525dc825',NULL,0,0,0,'pending',0,NULL,NULL,1,'0000-00-00 00:00:00','2020-12-03 07:56:14','2020-12-03 07:56:14'),
	(403,'Berke','Sarıgül','$2y$12$D5stm8OlCopAxNbptekmSu4wvSPjWBEvrRt6x859QL9baVE5kctJO','Melankolia34sagopa@gmail.com',0,NULL,NULL,NULL,0,'f0e29eee77771a062e9833aabd25014a',NULL,'75a4a6deaa51344777d1754d2a88de04',NULL,0,0,0,'pending',0,NULL,NULL,1,'0000-00-00 00:00:00','2020-12-03 08:47:40','2020-12-03 08:47:40'),
	(404,'Onur','Polat','$2y$12$JpeGIEOnVorJybE9/ulW8eKb/tZ0G5Tzv2oVht.41JZztlT6TIbBa','oypyasin@gmail.com',0,NULL,NULL,NULL,0,'55d72575dc6be8eb16c07f1b3d433bf2',NULL,'525112cf707ca5d48696cd88d981ff30',NULL,0,0,0,'pending',0,NULL,NULL,1,'0000-00-00 00:00:00','2020-12-03 09:44:30','2020-12-03 09:44:30'),
	(405,'Okan','Çalık','$2y$12$ncj4KGfDtwYUfHGyzgeftuqLJIeVlRxDiQcL.jeDPQg1aI/aIbie.','okancalikko@gmail.com',0,NULL,NULL,NULL,0,'2b12b566ea2db9cd18510c6e0262892b',NULL,'eeaa26f92f36572d941b376b6a78eeb3',NULL,0,0,0,'pending',0,NULL,NULL,1,'0000-00-00 00:00:00','2020-12-03 11:31:18','2020-12-03 11:31:18'),
	(406,'Yusuf Zahit','Yılmaz','$2y$12$dKI3ga0Gxrhr21Szg9eXTu7.wx33gCJ0wB6.8iUkzBsRhu94yggBu','voldemor58@gmail.com ',0,NULL,NULL,NULL,0,'82c4e3199f1fd6f8c32994031eb26dca',NULL,'3dad955e0eb1e9851e176757764653c1',NULL,0,0,0,'pending',0,NULL,NULL,1,'0000-00-00 00:00:00','2020-12-03 11:58:48','2020-12-03 11:58:48'),
	(407,'Doruk','Seven','$2y$12$/vHfClx4eqR5w204rSGxy./XUOV3t3WxSZVaeJkiaOJDpXL4l5Qx.','Bluven18@gmail.com',0,NULL,NULL,NULL,1,'761c7c12852921b2d2b7d65d85298a07','2020-12-03 12:35:33','2a95e13fdc0aeda1856817ff24e9d142',NULL,0,0,0,'pending',0,'2020-12-03 12:35:47','46.155.153.249',1,'0000-00-00 00:00:00','2020-12-03 12:33:32','2020-12-03 12:33:32'),
	(408,'Akın','Böke','$2y$12$BGiYXx2jgyWKgFVK2lJYau.2mmJ7lSEAQ3gD/M6mc2hVZNYuO2QGi','akinboke@gmail.com',0,NULL,NULL,NULL,1,'74c3ba0fa6e29234e30492e18a830030','2020-12-03 12:35:44','bffe40589e5579f6b64a8b112596254d',NULL,0,0,0,'pending',0,'2020-12-03 12:36:03','94.54.17.3',1,'0000-00-00 00:00:00','2020-12-03 12:34:09','2020-12-03 12:34:09'),
	(409,'İBRAHİM ÇAĞAN ','YÜCEL ','$2y$12$WgyGrnR.12NyAR7ttcVpw.QtVrKOvhuhKo66g9vYo1jui/JdOAOqe','yucelcagan0@gmail.com ',0,NULL,NULL,NULL,0,'3f89a8c36520bae948bad370ce920801',NULL,'250176f88c0b4d1e700a99988239ece1',NULL,0,0,0,'pending',0,NULL,NULL,1,'0000-00-00 00:00:00','2020-12-03 12:39:41','2020-12-03 12:39:41');

/*!40000 ALTER TABLE `users` ENABLE KEYS */;
UNLOCK TABLES;


# Dump of table watch_users
# ------------------------------------------------------------

DROP TABLE IF EXISTS `watch_users`;

CREATE TABLE `watch_users` (
  `id` int(11) unsigned NOT NULL AUTO_INCREMENT,
  `company_id` int(11) unsigned NOT NULL,
  `user_id` int(11) unsigned NOT NULL,
  `created_at` datetime DEFAULT NULL,
  `updated_at` datetime DEFAULT NULL,
  PRIMARY KEY (`id`),
  KEY `watch_users_users_id` (`user_id`),
  KEY `watch_users_companies` (`company_id`),
  CONSTRAINT `watch_users_companies` FOREIGN KEY (`company_id`) REFERENCES `companies` (`id`) ON DELETE CASCADE ON UPDATE CASCADE,
  CONSTRAINT `watch_users_users_id` FOREIGN KEY (`user_id`) REFERENCES `users` (`id`) ON DELETE CASCADE ON UPDATE CASCADE
) ENGINE=InnoDB DEFAULT CHARSET=utf8;

LOCK TABLES `watch_users` WRITE;
/*!40000 ALTER TABLE `watch_users` DISABLE KEYS */;

INSERT INTO `watch_users` (`id`, `company_id`, `user_id`, `created_at`, `updated_at`)
VALUES
	(4,5,35,'2020-09-30 15:55:11',NULL),
	(5,5,39,'2020-09-30 15:55:12',NULL),
	(6,5,82,'2020-09-30 15:55:13',NULL),
	(7,5,95,'2020-09-30 15:55:14',NULL),
	(8,5,118,'2020-09-30 15:55:15',NULL),
	(16,10,178,'2020-11-19 20:53:06',NULL),
	(17,18,46,'2020-11-30 11:37:17',NULL),
	(18,18,39,'2020-11-30 11:43:16',NULL),
	(19,18,62,'2020-11-30 11:43:45',NULL),
	(20,15,165,'2020-12-03 12:20:22',NULL);

/*!40000 ALTER TABLE `watch_users` ENABLE KEYS */;
UNLOCK TABLES;


# Dump of table work_experiences
# ------------------------------------------------------------

DROP TABLE IF EXISTS `work_experiences`;

CREATE TABLE `work_experiences` (
  `id` int(11) unsigned NOT NULL AUTO_INCREMENT,
  `company_name` varchar(255) DEFAULT NULL,
  `company_sector` varchar(255) DEFAULT NULL,
  `company_position` varchar(255) DEFAULT NULL,
  `start_month` int(3) DEFAULT NULL,
  `start_year` int(5) DEFAULT NULL,
  `end_month` int(3) DEFAULT NULL,
  `end_year` int(5) DEFAULT NULL,
  `working` tinyint(1) DEFAULT NULL,
  `detail` text,
  `user_id` int(11) unsigned NOT NULL,
  `created_at` datetime DEFAULT NULL,
  `updated_at` datetime DEFAULT NULL,
  PRIMARY KEY (`id`),
  KEY `work_experiences_users_id` (`user_id`),
  CONSTRAINT `work_experiences_users_id` FOREIGN KEY (`user_id`) REFERENCES `users` (`id`) ON DELETE CASCADE ON UPDATE CASCADE
) ENGINE=InnoDB DEFAULT CHARSET=utf8;

LOCK TABLES `work_experiences` WRITE;
/*!40000 ALTER TABLE `work_experiences` DISABLE KEYS */;

INSERT INTO `work_experiences` (`id`, `company_name`, `company_sector`, `company_position`, `start_month`, `start_year`, `end_month`, `end_year`, `working`, `detail`, `user_id`, `created_at`, `updated_at`)
VALUES
	(4,'2AG Yzl. Ltd. Şti.','Yazılım','Stajyer',6,2017,8,2017,0,'',11,'2020-08-15 13:12:27',NULL),
	(5,'The Academys','Espor Hizmetleri','CEO',3,2020,0,0,1,'',10,'2020-08-15 13:28:00',NULL),
	(6,'A101 Yeni Mağazacılık A.Ş.','Perakende','Grup Satın Alma Müdürü Asistanı',10,2019,2,2020,0,'-Kampanyaları geliştirdi, başlattı, yönetti. -Satılmak üzere yeni ürünler geliştirdi. - Yeni ürün tasarımlarına katkıda bulundu. - Rakip, satış analizleri yürüttü. - Tedarikçi ilişkileri kurdu ve yürüttü. - Tedarikçilerin ve rakiplerin durumuna dayalı olarak fiyat değişikliklerinden sorumluydu. - Müşteri içgörüleri elde etti. - Müşteri şikayetleri ile ilgilendi. - Tedarik zincirini denetledi.',17,'2020-08-15 13:42:09',NULL),
	(7,'Sanset Gıda Turizm San. Ve Tic. A.Ş.','FMCG','Sarelle, Tadelle, Gol Pazarlama Stajyeri',7,2017,9,2017,0,'-Hali hazırda olan veya piyasaya sürülmesi düşünülen ürünler için rakip araştırması ve piyasa analizi gerçekleştirdi. - Müşteri şikayetleri değerlendirdi. - Sosyal medya içeriklerinin ve gönderilerinin doğru zamanda paylaşılması doğrultusunda denetleme gerçekleştirdi. (Facebook, Twitter, Instagram vb. gibi platformlar için). - Sosyal medya kampanyaları için doğru kanaat önderlerinin (influencer/Fenomen) seçimi sürecinde yer aldı. - Ürünlerin kendine ait web sitelerinin tasarım sürecinde yer aldı. - Marka ajansları ile bağlantı kurdum. - Satış verisi analizi gerçekleştirdi.',17,'2020-08-15 13:44:25',NULL),
	(8,'Scorp, Inc.','Social Media','Kampüs Marka Elçisi',3,2015,10,2015,0,'-Scorp mobil uygulamasının Bilkent Üniversitesi\'ndeki temsilcilerinden biriydi. - Farklı pazarlama teknikleri ile Scorp\'un kampüs içerisinde ve Bilkent bölgesinde tanıtımını gerçekleştirdi.',17,'2020-08-15 13:46:45',NULL),
	(9,'Novartis Sağlık Gıda ve Tarım Ürünleri San. Ve Tic. A.Ş','İlaç','Üretim Stajyeri',6,2014,7,2014,0,'-Paketleme departmanında çalıştı. - Operasyonel üretim sürecini gözlemledi. - Paketleme üretim hattının optimizasyon sürecine katkıda bulundu.',17,'2020-08-15 13:47:41',NULL),
	(10,'-','-','-',1,2020,1,2020,0,'-',18,'2020-08-15 13:56:37',NULL),
	(11,'-','-','-',1,2020,1,2020,0,'-',19,'2020-08-15 13:56:40',NULL),
	(12,'Aden Games','Mobil Oyun','Oyun Geliştiricisi',6,2019,1,2020,0,'Hyper-Casual oyunlar için prototip hazırladım. Rollic Games\'de teste gönderiliyordu.',21,'2020-08-15 14:58:32',NULL),
	(13,'Bağımsız Oyun Geliştirme','Oyun','Bağımsız Oyun Geliştirici',2,2018,0,0,1,'Kendi portfolyoma katmak için casual ağırlıklı mobil oyunlar geliştiriyorum. Bir yandan bu oyunları bitiminde değerlendirmek için yayıncılar arıyorum. Çalışmalarıma ev-ofis şeklinde lisanslı yada dışardan tasarımlar ile devam ediyorum.',21,'2020-11-26 13:07:39',NULL),
	(14,'Öğrenci Kariyeri','Sosyal Medya/Reklam','Bölge Koordinatörü',10,2017,6,2020,0,'Koordinatörlük görevini bırakmama rağmen halen danışman ve mentor olarak yardımcı oluyorum.',22,'2020-08-15 14:17:48',NULL),
	(15,'TÜLOMSAŞ','Ağır Sanayi','Stajyer',6,2019,8,2019,0,'Zorunlu ilk stajım.',22,'2020-08-15 14:18:38',NULL),
	(16,'AAAL Mezunlar Derneği','Dernek','Organizasyon Sorumlusu',12,2014,1,2020,0,'Mezun olduğum lisenin her sene düzenlediği ve \"AAAL Şenlik\" adını verdiği organizasyonlarda Pandemi süreci başlayana kadar organizasyon sorumlusu olarak görev aldım. ',22,'2020-08-15 14:20:53',NULL),
	(17,'Nextday Cabinets','Mobilya','Satın alma müdürü asistanı',6,2013,9,2013,0,'Abd, VAda ikamet ederek, firmada tam zamanlı staj görevimi gerçekleştirdim. Montaj, taşımacılık, sipariş takibi ve ürün kontrolü üzerine çalıştım.',21,'2020-11-26 13:06:17',NULL),
	(18,'INOGAMES','Mobil Oyunlar','3D Artist - 3D Animator - Character Artist',4,2018,2,2019,0,'Okulumuzda ki küçük çaplı şirketlerden birinde 3D Artist rolünde görev aldım. Yapım sürecine dahil olduğum oyunlar: Zombie Hunter: Zombie Apocalypse Survival Game 3D ve Stickman Castle Battle. https://play.google.com/store/apps/developer?id=INOGAMES',24,'2020-08-15 14:39:16',NULL),
	(19,'Nextday Cabinets','Mobilya','Asya-Pasifik Satın Alma Müdürü',9,2013,6,2015,0,'Abd merkezli firmada stajdan sonra Çin, Weihai şehrinde ikamet ederek, fabrikada ürün kalite kontrolü, üretici ile iletişim, piyasa araştırması ve sipariş takibi görevlerini yerine getirdim. ',21,'2020-08-15 14:44:55',NULL),
	(20,'Netmarble Turkey','Mobil Oyunlar','3D Artist (internship)',9,2019,12,2019,0,'Instagram filtresi için 3D bir kurt kafası yaptım, Posterler için 3D logo ve karakter modellemeleri yaptım, Şirketin geliştirici kısmına dahil edildim ve burada geliştirilen Hyper Casual - Casual oyunlar için karakter, eşya modellemeleri, rig, animasyon, uv ve texture yaptim.',24,'2020-08-15 15:02:03',NULL),
	(21,'Üniversitede çalışırken düzenli ve sürekli devam ettiğim staj işleri','Çeşitli','Stajer',5,2010,6,2013,0,'Çin\'de yada Türkiye\'de yerleşik olan çeşitli sektörlerden firmalara, ihracatçı birliklerinde pazar araştırması, organizasyon ve tercüme üzerine kısa zamanlı stajlar. Shanghai Expo 2010 Fuarında VIP salon devlet erkanları ve sanatçıları karşılama ve tercüme.',21,'2020-08-15 14:51:28',NULL),
	(22,'Playable Factory','Oyun - Reklam','3D Game Artist (internship)',1,2020,2,2020,0,'Oynanabilir reklamlar için 3D modellerin, görsellerin ve animasyonların optimizasyonunu sağladım. Oyananabilir reklamlar için assetler, sprite sheet ve seviye tasarımı yaptım. Kardeş şirket olan Fabrika Games için kullanıcı arayüzü fikirleri tasarladım.',24,'2020-08-15 14:58:29',NULL),
	(23,'Shanghai Kangyang Trading Company','Dış Ticaret Danışmanlık','İş Geliştirme Müdürü',6,2015,9,2017,0,'Çeşitli ülkelerden firmalar (Türkiye, Suriye, Irak, Azerbaycan, Abd) ile Çinli firmalar arasında yeni iş birlikleri için danışmanlıklar verildi. Organizasyonları gerçekleştirildi. Çin\'de firmalar ile yabancı firmaların isteklerine göre yeni ürün geliştirmelere aracılık edildi. ',21,'2020-08-15 15:04:12',NULL),
	(24,'Freelancer','Bilgi Teknolojisi ve Hizmetleri','3D Artist - Character Artist',3,2016,8,2020,0,'2016\'dan beri Türkiye\'den ve yurtdışından gelen freelance ve outsource teklifleri değerlendiriyorum. En son yaptığım işler: İsrail\'li bir start-up oyun şirketi için hyper casual türünde 3D oyun karakterleri ve animasyonları yaptım. İspanya\'lı oyun şirketi Socialpoint için 3D karakter modelleri yaptım.',24,'2020-10-11 10:19:19',NULL),
	(25,'DHL','LOJİSTİK','ANTREPO YETKİLİSİ',3,2016,6,2016,0,'ANTREPO SÜRECİNDE YURT DIŞI KARGOLARIN EVRAKLARINI ÖNCEDEN GİDECEĞİ BÖLGEYE GİTMESİNİ SAĞLAMAK',25,'2020-08-15 15:56:00',NULL),
	(26,'LCW','MAĞAZACILIK','SATIŞ DANIŞMANI',9,2018,7,2019,0,'BAYAN REYONU SORUMLUSU',25,'2020-08-15 15:56:50',NULL),
	(27,'ENNY GAMES','MOBİL OYUN ','CEO',2,2020,0,0,1,'MOBİL OYUN FİRMASINDA PROJE YÖNETİCİSİ OLARAK ÇALIŞMAKTAYIM',25,'2020-08-15 15:58:21',NULL),
	(28,'Hız Yayınları','Eğitim','İllüstratör',9,2019,8,2020,0,'Hikaye kitapları , Test ve ders kitapları içindeki görsellerin Photoshop ve Illustrator programlarında çizilmesinde ve baskıya hazır olmasında görev aldım.',26,'2020-08-15 21:14:26',NULL),
	(29,'Kadıköy Halk Eğitimi Merkezi','Eğitim','Resim Öğretmeni',9,2017,7,2019,0,'Yağlı Boya Resim dersleri verdim.',26,'2020-08-15 21:16:11',NULL),
	(34,'enny Games','Mobil Oyun','COO',8,2019,0,0,1,'',32,'2020-08-17 11:26:09',NULL),
	(35,'Bor Cephe & Reklam','İnşaat/Reklam','3D Görselleştirme Uzmanı',3,2019,3,2020,0,'',34,'2020-08-17 13:00:15',NULL),
	(36,'MITS','Animasyon','3D Artist',7,2009,12,2012,0,'3 boyutlu modelleme programları aracılığı ile mekan-obje tasarımı',35,'2020-08-17 15:09:22',NULL),
	(37,'GFDS','Animasyon','3d Artist',3,2013,1,2014,0,'Modelleme, render, particle',35,'2020-08-17 15:09:04',NULL),
	(38,'GFDS','Animasyon','Proje Lideri',1,2014,9,2016,0,'Gelen projelerin ekip içindeki yönetimi',35,'2020-08-17 15:10:18',NULL),
	(40,'Çağan Stüdyo','Çizgi Film','Look-Dev Artist',10,2016,5,2017,0,'Tüm prodüksüyonun materyalleri, ışıklandırması ve render süreci',35,'2020-08-17 15:11:30',NULL),
	(41,'Pandora / MC Games','Animasyon / Oyun','3d Artist',7,2017,1,2020,0,'3d Modelleme ve texture',35,'2020-08-17 15:12:37',NULL),
	(42,'Ruby Game Studio','Oyun','3d Artist',2,2020,6,2020,0,'3D Modelleme, texture ve Unity export',35,'2020-08-17 15:13:15',NULL),
	(43,'Tiramisu Studios','Mobil Oyun','QA Tester',2,2019,10,2019,0,'',39,'2020-08-17 19:18:28',NULL),
	(44,'Masomo ','Mobil Oyun','QA Tester',11,2019,0,0,1,'',39,'2020-08-17 19:18:56',NULL),
	(47,'Mos-Skate','Tekstil','E-Commerce Manager',12,2012,6,2015,0,'',46,'2020-08-18 13:28:03',NULL),
	(48,'Victory Textile','Tekstil','Assistant General Manager',4,2018,11,2018,0,'',46,'2020-08-18 13:30:56',NULL),
	(49,'E Özelçi Otomotiv San. ve Tic. Ltd. Şti.','Otomotiv','E-Commerce Manager',7,2019,4,2020,0,'',46,'2020-08-18 13:31:39',NULL),
	(50,'Nerfed Potatoes','Bilgisayar / Mobil Oyun','Game Developer',3,2019,5,2020,0,'-Kendi İşim',46,'2020-08-18 13:32:26',NULL),
	(51,'Trifles Games','Mobil Oyun','Senior Game Developer',5,2020,0,0,1,'',46,'2020-10-15 01:12:45',NULL),
	(53,'VELOXİA TECH','OYUN','PRODUCT MANAGER',4,2020,6,2020,0,'',44,'2020-08-18 13:55:23',NULL),
	(54,'IKSV','Kültür ve Sanat','Prodüksiyon Elemanı',4,2017,11,2019,0,'Freelancer olarak IKSV\'nin uluslararası film, caz ve filmekimi etkinliklerinde prodüksiyon elemanı olarak çalışıyorum.',47,'2020-11-09 13:20:00',NULL),
	(55,'Root Games Co.','Oyun','Stajyer',7,2017,8,2017,0,'İçerik araştırması, yerelleştirme ve oyun tasarımı konularında yoğunlaşıp çocuklar için hazırlanan bir kutu oyunu projesi içerisinde yer aldım.',47,'2020-08-18 14:49:57',NULL),
	(56,'Apollo Digital & Architecture','Tasarım','Stajyer',12,2018,1,2019,0,'Bristol Oteli VR Deneyiminde post-process efektleri üzerinde araştırma yaptım.',47,'2020-08-18 14:51:02',NULL),
	(57,'İstanbul LGBTİ+  Onur Haftası','İnsan Hakları','Gönüllü Bağımsız Aktivist',11,2016,7,2019,0,'Her sene haziran ayında gerçekleşen İstanbul LGBTİ+ Onur Haftası\'nın düzenleme komitesinde gönüllü olarak yer aldım. Komitenin sosyal medya, görsel,  parti, Hormonlu Domates Ödülleri komisyonlarında yer aldım.',47,'2020-08-18 14:56:07',NULL),
	(58,'Genna','Reklam/Tasarım','Grafik Tasarımcı',6,2013,6,2017,0,'Branding, Konsept tasarımları, Packaging, Ürün ve TVC çekimleri art direction.',50,'2020-08-19 20:37:39',NULL),
	(59,'Crena','Reklam/Tasarım','Grafik Tasarımcı',8,2017,7,2018,0,'Konsept-Kampanya Tasarımları, Masaüstü TVC ve Sosyal Medya için Motion Graphics Design',50,'2020-08-19 20:37:25',NULL),
	(60,'Kimm','Medikal Reklam - Etkinlik ','Motion Graphics Designer',7,2018,0,0,1,'Sosyal Medya ve Etkinlikler için Motion Graphics Designer olarak çalışmaktayım.',50,'2020-08-19 20:29:41',NULL),
	(61,'Farmakim','İlaç Sektöür ','Stajyer ',6,2019,8,2019,0,'Elektrik Elektronik mühendisliği stajımı fabrikadaki teknik ekipte 2 ay boyunca yaptım.',54,'2020-08-20 20:04:50',NULL),
	(62,'Apphic Limited','Web Yazılım-Bilişim Sistemleri','Game developer',7,2020,0,0,1,'Tam zamanlı.',59,'2020-08-22 15:13:09',NULL),
	(63,'Enderun Studios','Bilişim Sistemleri','Game Developer',7,2020,0,0,1,'Freelancer',59,'2020-08-22 15:14:11',NULL),
	(64,'Ernst and Young','Danışmanlık','Stajyer Danışman',8,2018,9,2018,0,'',60,'2020-08-22 19:13:55',NULL),
	(65,'Tera Yatırım Menkul Değerler','Finansal Aracılık','Forex Market Risk Stajyeri',7,2019,9,2019,0,'',60,'2020-08-22 19:14:51',NULL),
	(66,'Usturlab Mühendislik','Software','Software Developer (Intern)',7,2016,8,2016,0,'- I was working on Android Application Development. - I used Java and Android Studio for project.',62,'2020-08-23 16:17:53',NULL),
	(67,'TE Bilisim','Software','Software Developer (Intern)',7,2017,9,2017,0,'- I was working on Php Web Development. - I used Php for project.',62,'2020-08-23 16:17:19',NULL),
	(68,'Bigpoint Games','Game','Game Chat Moderator at League of Angels II (Volunteer)',9,2016,9,2017,0,'- In-game Help and Support - Responsible for in Game Chat - New content Test and Report',62,'2020-08-23 16:16:02',NULL),
	(69,'Bigpoint Games','Game','Team Leader at League of Angels II (Volunteer)',9,2017,9,2018,0,'- Community Lead - Responsibility of Social Media Messages and Comments - A bridge between the community and CM',62,'2020-08-23 16:18:46',NULL),
	(70,'Yoozoo Games','Game','Team Leader at Valhalla Online (Volunteer)',9,2018,7,2019,0,'- Community Lead - Responsibility of Social Media Messages and Comments - A bridge between the community and CM',62,'2020-08-23 16:19:25',NULL),
	(71,'Gizli','Turizm','3d görselleştirme',12,2018,2,2019,0,'www.expo.com.tr sanal fuar projesinde çalıştım.',41,'2020-08-23 19:55:31',NULL),
	(72,'Freelance','Mimari Tasarım','3D modelleme ve render',4,2013,0,0,1,'Freelance olarak 2013 yılından beri mimari modelleme ve render üzerine çalışıyorum.',41,'2020-08-23 19:58:58',NULL),
	(73,'Polgün Waterpark','Eğlence ve turizm','Görsel tasarım',3,2019,0,0,1,'Oteller ve Aquaparklar için su kaydırağı tasarım, render ve animasyon üzerine çalışmaktayim.',41,'2020-08-23 19:59:45',NULL),
	(74,'Cultic Games','Bilgisayar Oyunları','Game / Level Designer, Social Media Manager',9,2015,1,2020,0,'',63,'2020-08-23 20:58:46',NULL),
	(75,'anibera','çizgi film','stajyer',7,2019,9,2019,0,'',66,'2020-08-24 13:41:24',NULL),
	(76,'eBrawler','Entertainment','Digital Markering Leader',5,2018,5,2019,0,'eBrawler is Turkey\'s first online competitive eSports tournaments platform, later we have merged with Gamer Arena. ',67,'2020-08-24 15:55:01',NULL),
	(77,'Gamer Arena','Entertainment/eSports/Technology ','Digital Marketing Specialist',5,2019,5,2020,0,'Gamer Arena is an online competitive esports tournament and challenge platform where gamers can match and compete with opponents and teams of their skill level across numerous skill- based gaming titles and earn rewards, enter and work their way through the ladder all the way to professional gaming stardom.',67,'2020-08-24 15:55:46',NULL),
	(78,'Piri Guide ','Travel/Technology ','Digital Marketing&Growth Intern ',7,2019,8,2019,0,'Piri is a travel tech startup and allows the travelers to discover the world freely with the digital audio tours.',67,'2020-08-24 15:56:33',NULL),
	(79,'Turkish Entrepreneurship Foundtion','NGO','Fellow 2019 ',11,2019,0,0,1,'As fellows of Turkish Entrepreneurship Foundation, we aim to spread entrepreneurial mindset and culture, aiming to create inspiring stories as an influential network. I was selected for the first 48 out of 113,000 people.',67,'2020-08-24 15:57:50',NULL),
	(80,'WeWalk','Technology ','Customer Experience ',2,2019,6,2019,0,'WeWALK Smart Cane, which has been selected by TIMES as one of the World’s best innovations in 2019 assists visually impaired people to walk more independently and safely. As community team we responsible talking to customers to help and organizing demo days in different cities to reach them.',67,'2020-08-24 15:58:53',NULL),
	(81,'Abrakadabra','Reklam','Jr. Art Director',2,2008,4,2009,0,'',51,'2020-08-25 20:04:30',NULL),
	(82,'Nano Dijital','Reklam, Marketing','Stajyer',6,2011,8,2011,0,'',51,'2020-08-25 20:05:47',NULL),
	(83,'Aff','Etkinlik','Art Director',9,2015,12,2015,0,'',51,'2020-08-25 20:06:41',NULL),
	(84,'Onbironsekiz','Podcast','Art Director, Motion Designer',1,2016,9,2017,0,'',51,'2020-08-25 20:07:29',NULL),
	(85,'KİMM','Medikal Reklam','Art Director, Motion Designer',1,2018,7,2019,0,'',51,'2020-08-25 20:08:20',NULL),
	(86,'Lapland','Reklam, Sosyal Medya','Sr. Art Director, Motion Designer',8,2019,0,0,1,'',51,'2020-08-25 20:09:16',NULL),
	(87,'Pub Story','Eğlence ','Oyun yazarı',1,2019,3,2020,0,'Pub Story, dijital bir \"card game\"dir. 40\'tan fazla konsepte sahiptir ve hepsinin dinamiği ve mekaniği birbirinden farklıdır. Oyunlar belirli kişilere ve oyuncu gruplarına hitap eder. \"Questler\", oyuncu gruplarına göre tasarlanmış ve özelleştirilmiştir. Daha fazla bilgi için pubstory.com adresini ziyaret edebilirsiniz. Çalıştığım süre boyunca oyunların hem tasarlanmasında hem de questlerin yazılmasından sorumluydum. Aynı zamanda oyunu test ediyor, oynuyor ve geliştirilmesine katkı sağlıyordum.',82,'2020-08-29 00:41:12',NULL),
	(88,'THY','Hava taşımacılığı','Müşteri İlişkileri Yönetimi',1,2019,0,0,1,'Türk Hava Yolları\'na dijital kanallardan gelen şikayetlerin ve yorumların yönetimi.',82,'2020-08-29 00:45:51',NULL),
	(89,'Karbonat ','Reklam Ajansı','Kreatif Sosyal Medya Uzmanı',11,2017,5,2018,0,'Logitech, Logitech G ve Istanblue markalarının sosyal medya yönetimi',82,'2020-08-29 00:50:14',NULL),
	(90,'BKG','E-sports & Gaming Agency','Sosyal Medya Uzmanı',2,2017,6,2017,0,'Fenerbahçe\'nin League of Legends E-spor takımı olan Fenerbahce1907 hesabının yönetimi. ',82,'2020-08-29 00:53:56',NULL),
	(91,'Dudes Division','Reklam Ajansı','Topluluk Yönetimi Uzmanı',5,2016,2,2017,0,'Huawei, Samsung, Hyundai, Pepsi markalarının topluluk yönetimi, moderasyonu, raporlaması ve topluluk ekibi yönetimi. Markalar için kullanıcılara yönelik verilecek cevap guideları hazırlanması.',82,'2020-08-29 00:57:25',NULL),
	(92,'Esbi Bilgisayar','Yazılım','Gönüllü Stajyer',1,2018,2,2018,0,'',85,'2020-08-29 21:24:45',NULL),
	(93,'Desistek Robotik Ltd. Sti.','Robotik','Stajyer',8,2018,9,2018,0,'',85,'2020-08-29 21:24:39',NULL),
	(94,'Kurumsal Yazılım','Yazılım','Stajyer',8,2019,9,2019,0,'',85,'2020-08-29 21:24:33',NULL),
	(95,'GamersBar','Oyun','JR. Developer',2,2017,1,2019,0,'',23,'2020-08-31 16:52:45',NULL),
	(96,'Take Co.','Game','Back-end Developer',1,2018,2,2019,0,'Take Co. adı altında oyun sektöründe back-end yazılım geliştirme işleri ile ilgilendim.',88,'2020-08-31 16:53:13',NULL),
	(97,'Insider','Teknoloji','Researcher',2,2015,2,2016,0,'',23,'2020-08-31 16:53:33',NULL),
	(98,'UMAY ARGE-BİLİŞİM','Game','Game Developer',4,2019,9,2020,0,'Malatya/İnönü Üniversitesi/Teknopark\'ta bulunan Umay Arge-Bilişim şirketinde , Game Developer olarak görev yapmış olup sektöre 2 adet oyun\'da kazandırmış bulunuyorum.',75,'2020-09-03 15:37:57',NULL),
	(99,'Movel Games','Oyun','CO-Founder',3,2020,0,0,1,'',94,'2020-09-03 18:41:23',NULL),
	(100,'Çebitaş A.Ş.',' Demir Çelik Endüstri','Stajyer',8,2020,0,0,1,'',95,'2020-09-05 10:19:04',NULL),
	(101,'Wealight Technology','Bilişim Teknolojileri','Kurucu Ortak',12,2018,0,0,1,'',95,'2020-09-05 10:21:55',NULL),
	(102,'Panorama Fotoğrafçılık','Fotoğrafçılık','Fotoğrafçı',6,2018,0,0,1,'',95,'2020-09-05 10:23:35',NULL),
	(103,'karton robot animasyon studyosu','animasyon-oyun','konsept tasarım',2,2014,10,2015,0,'oyun ve animasyon projelerinin konsept tasarım,karakter tasarımı ve storyboard çizimlerini yaptım...',102,'2020-09-12 20:02:17',NULL),
	(104,'Machina Games','Hypercasual','3D Artist',1,2020,10,2020,0,'Oyunlar için 2D ve 3D asset üretimi. UI tasarımı. App icon üretimi. Oyunların görsel dünyalarının oluşturulması. Oyun fikri bulunması sürecinde katkıda bulunma.',103,'2020-09-14 14:33:33',NULL),
	(105,'Senfonico','Dijital medya','Art Direction Stajyer',10,2019,1,2020,0,'İlgilenilen markalar: @netflixturkiye @hbrturkiye @senfonico  Yapılan iş: Markaların Instagram, Twitter ve LinkedIn akışları için görsel içerik üretimi. Instagram için hikaye üretimi. Reklam postlarının hazırlanması. Netflix için poster, banner ve sosyal medya dışında kullanılacak görsellerin üretilmesi.',103,'2020-09-14 14:35:19',NULL),
	(106,'Nitrogen Games','Oyun stüdyosu','Stajyer Game Developer',6,2020,8,2020,0,'',104,'2020-09-14 21:00:25',NULL),
	(107,' Labdroids Information Technologies','Yazılım','Stajyer Web Developer',6,2018,8,2018,0,'',104,'2020-09-14 21:01:37',NULL),
	(109,'11s','s','ss',2,2018,0,0,1,'sss',5,'2020-09-15 14:10:39',NULL),
	(110,'kapı','takı','takıcı',3,2016,1,2018,0,'',106,'2020-09-16 00:20:56',NULL),
	(111,'Jotform','Yazılım','Stajyer',7,2016,8,2016,0,'Javascript frameworkler ile ilk tanışma, php ve jquery kullanarak slider widget hazırlama deneyimi ',107,'2020-09-16 10:57:43',NULL),
	(112,'SPP42','Yazılım','Software Developer',1,2017,9,2018,0,'İlk 8 ayı gönüllü olmak üzere, Eylül 2018 e kadar çalışmış bulunmaktayım. Bir eğitim platformu projesinde phaser js ile mobil uyumlu Web oyun geliştirme yaptım. Yaklaşık 15 farklı oyunun yazılımı, backend ayarlamaları ve frontend ayarlamaları bizzat bana ait olan projede, python Flask ve mongodb kullandım. ',107,'2020-09-16 11:06:30',NULL),
	(113,'Maya ICT','Bilişim','IT Uzman Yardımcısı',11,2018,11,2020,0,'',61,'2020-11-24 12:30:28',NULL),
	(114,'İnfotech','Bilişim','Ekip Lideri',6,2017,1,2018,0,'İçişleri Bakanlığı MAKS Projesi\'nin Çanakkale ayağında çalıştım. Görevim sahada veri toplayan ekibe öncülük etmek ve yönetmekti. Okulumdan dolayı işten ayrılmak zorunda kaldım.',110,'2020-09-19 19:24:22',NULL),
	(115,'Geotecmaps','Bilişim-Harita','Ekip Lideri',4,2019,5,2020,0,'İçişleri Bakanlığı MAKS Projesi\'nin Çanakkale ayağında çalıştım. Görevim sahada veri toplanmasına öncülük etmek ve ekibi yönetmekti. Okulumun son aşamasında yer aldığım ve mezuniyet işlerinden dolayı ayrılmak zorunda kaldım.',110,'2020-09-19 19:26:19',NULL),
	(116,'Kairos','Hizmet','Gizli Müşteri',6,2015,1,2016,0,'Part time olarak çalıştım. Bize verilen iş yerlerine giderek kriterlere göre incelemelerde bulunup puanlama yapıyordum. ',110,'2020-09-19 19:31:10',NULL),
	(117,'Deneyimim yok','Yazilim','Stajyer',1,2020,1,2020,0,'Herhangi bir deneyimim bulunmamaktadır',113,'2020-09-22 13:55:18',NULL),
	(118,'Vestel Elektronik A.Ş.','Elektronik Eşya Üretimi','Yazılım Geliştirme Uzmanı',12,2015,1,2020,0,'',114,'2020-09-23 20:12:59',NULL),
	(119,'Vertigo Games','Mobil Oyun','Product Manager',6,2020,8,2020,0,'',116,'2020-09-24 13:35:16',NULL),
	(120,'Türk Hava Yolları','Ulaşım','Cadet Pilot',2,2020,0,0,1,'',114,'2020-09-25 17:51:27',NULL),
	(121,'Oxxo','Giyim ','Satış danışmanı',9,2019,8,2020,0,'',117,'2020-09-27 01:18:24',NULL),
	(122,'Dijital Guru','Yazılım & Danışmanlık','Mobil Uygulama Geliştirici',6,2019,9,2019,0,'Yaz Stajı',118,'2020-09-27 16:23:44',NULL),
	(123,'HalfOber','Mobil Uygulama','Android-Kotlin',6,2020,9,2020,0,'Proje bazlı staj yaptım. Korona dönemine özel Uzaktan Çocuk Polikliniği ve kafeler için özel bir qr kod ıygulaması.',118,'2020-09-27 16:28:02',NULL),
	(124,'Akasya Pera Restorasyon','MImarik','Teknik Mimar',10,2019,4,2020,0,'',120,'2020-09-30 15:45:13',NULL),
	(125,'Crm Medya','Reklam Ajansı','Digital Art Director',6,2013,11,2016,0,'',123,'2020-10-01 12:57:47',NULL),
	(126,'Rhino Runner','Reklam Ajansı','Digital Art Director / Motion Designer',12,2016,1,2019,0,'',123,'2020-10-01 12:58:23',NULL),
	(127,'Sesliharfler','Reklam Ajansı','Digital Art Director',1,2019,5,2019,0,'',123,'2020-10-01 12:58:51',NULL),
	(128,'Pubstory','Mobil Uygulama','Marketing Artist / Sr. Digital Art Director',5,2019,5,2020,0,'',123,'2020-10-01 12:59:32',NULL),
	(129,'Playable Ads','Mobil Reklam','Marketing Artist / 2D Artist',6,2020,8,2020,0,'',123,'2020-10-01 13:00:05',NULL),
	(134,'Allianz Sigorta','Sigortacılık','Stajyer',7,2018,8,2018,0,'Angular ile bir sigorta satın alma ekranı geliştirdim ve farklı disiplinlerden stajyerlerle oluşturulan grubumuz ile bir mobil uygulama projesi tasarladık.',127,'2020-10-04 02:49:29',NULL),
	(135,'Tüpraş','Enerji','Stajyer',8,2020,8,2020,0,'Koç Akademi eğitimlerine katıldım ve farklı disiplinlerden stajyerler ile bir AR gözlük projesi tasarladık.',127,'2020-10-04 02:52:43',NULL),
	(136,'Devlet goç idare ','Devlet dayre ','Danişman',11,2003,5,2007,0,'',133,'2020-10-08 20:31:42',NULL),
	(137,'Sapat Center ','Ozel şirket','Yonetici',8,2007,9,2010,0,'',133,'2020-10-08 20:33:10',NULL),
	(138,'Shopi','SaaS','Proje Yöneticisi',1,2019,6,2019,0,'',136,'2020-10-10 00:07:04',NULL),
	(139,'Garanti BBVA Emeklilik','Sigorta','Dijital Dönüşüm ve Proje Yönetim Uzmanı',11,2019,0,0,1,'Management Trainee olarak göreve başladım',136,'2020-10-13 14:11:01',NULL),
	(140,'Gulliver\'s Games','Oyun','3D Artist',9,2020,0,0,1,'',24,'2020-10-11 10:20:11',NULL),
	(141,'Bites','Savunma Sanayi','3D Artist',1,2007,5,2008,0,'Savunma sanayinde kullanılan 3 boyutlu eğitim, bakım ve onarım yazılımları için askeri araç ve teçhizatların modellenmesi ve animasyonlarının hazırlanması.',147,'2020-10-12 14:23:52',NULL),
	(142,'Sanlab R&D','Simülasyon','3D Artist',10,2010,5,2012,0,'Sivil iş makinalarının modellenmesi, unwrap, texture ve rig yapıldıktan sonra projeye göre seçilen oyun motoruna export edilmesi işlemleri.',147,'2020-10-12 14:24:51',NULL),
	(143,'Katron Defense Aerospace and Simulation','Simülasyon ve Savunma Sanayi','Kıdemli 3D Artist',6,2012,8,2015,0,'Askeri ve sivil simülasyon yazılımları için araç ve teçhizatların 3d modellenmesi, fotoğraf çekimi, kaynak döküman araştırması, unwrap ve texture işlemlerinin yapılması.',147,'2020-10-12 14:26:50',NULL),
	(144,'Crytek','Oyun','Kıdemli 3D Artist',4,2018,7,2019,0,'Projelerde kullanılacak katı modellerin fotoğraf çekimi, kaynak döküman araştırması, 3d modellenmesi, unwrap, texture ve export işlemlerinin yapılması.',147,'2020-10-12 14:27:59',NULL),
	(145,'RoofStacks A.Ş.','Yazılım / Oyun','Kıdemli 3D Artist',2,2020,0,0,1,'3 boyutlu katı modellerin hazırlanması için fotoğraf çekilmesi, kaynak araştırması yapılması, 3d modelleme, unwrap ve texture işlemlerinin yapılması.',147,'2020-10-12 15:31:55',NULL),
	(146,'Basın İlan Kurumu','Basın - Yayın - Medya','Grafik Tasarım - Stajer',6,2018,9,2018,0,'',149,'2020-10-12 14:54:58',NULL),
	(148,'Retro Monkeys','Hyper Casual','3D Artist',5,2020,9,2020,0,'',151,'2020-10-12 15:43:16',NULL),
	(149,'Unilever','FMCG','Tedarik Zinciri Stajyeri',6,2017,7,2017,0,'Bölgesel Tedarik Zincirinde yaptığım stajımda müşterilerim Kuzey Afrika, Ortadoğu, Türkiye, Rusya, Ukrayna ve Belarus bölgesindeki talep planlamacılardı. Hatların doluluk oranlarını düzenleyen, dolmak üzere olan hatlar konusunda talep planlamacıları uyaran ve onlara akıllı öneriler yapan bir araç geliştirdim. Bu aracı şirkete uyumlu olması sebebiyle MS excel üzerinden tasarladım. Hem excel operasyonu konusunda beni geliştirdi, hem de farklı partilerle çalışarak güzel bir tecrübe edinmemi sağladı.',154,'2020-10-12 22:52:57',NULL),
	(150,'Philip Morris International','Paketli Ürünler','Ticari Sistemler ve Entegrasyon Stajyeri (Satış)',6,2018,9,2018,0,' Satış ve Bilgi Sistemleri arasında konumlanan bu departmanda yaptığım stajda sahanın bayilere yaptığı yatırımların dönüşünün analizini gerçekleştirdim. Yatırımların geri dönüşünde hangi faktörleri hesaba katmam gerektiğini sahadan ve genel merkezden kişilerle konuşarak ve kendi iş tecrübemi ekleyerek belirledim. Analiz kısmını hızlı hallettiğim için bunun tek seferlik bir analiz olmaması adına kodlama bilgimi de kullanarak şirketin kullandığı bir araca çevirmek istedim. Kodlamasını Visual Basic üzerinden yaptığım bu aracı daha sonra şirketin kendi sistemlerine uyguladık. Daha önce üçüncü parti olarak kullanılan aracın çok daha gelişmişini yapmakla kalmadım ve yıllık 30.000 USD’lik tasarruf sağlattım.',154,'2020-10-12 23:18:02',NULL),
	(151,'Evrensel Software Solutions','IT','Software Tester',8,2018,6,2019,0,'',157,'2020-10-13 10:18:04',NULL),
	(152,'ITWare ','IT','Software Tester',7,2019,1,2020,0,'aa',157,'2020-10-13 10:19:21',NULL),
	(153,'Gedik Üniversitesi','Eğitim','Web Tasarım Uzmanı',7,2017,11,2017,0,'• Üniversitenin Web Sitesini güncel tutmak ve geliştirmek. • Üniversite Bünyesinde ki tüm kurum ve kuruluşların Dijital işlerini yürütmek. • Üniversite Sosyal Medya hesaplarının yönetimi. • Gereli görüldüğünde Gedik Holding’e ait işlere destek vermek.(WEB, Sosyal Medya).',158,'2020-10-13 10:57:15',NULL),
	(154,'Yiğit Shipping','Denizcilik','Yazılım Geliştirme Uzmanı',2,2018,8,2018,0,'• Geliştirilen projelere destek vermek. • Projelerin testlerinin ve araştırmalarının yapılması. • Müşterilere IT desteği. • Müşterilerden gelen talep ve şikayetleri karşılama, gerekli çözümleri uygulama. • Uzak Masaüstü bağlantısı ile destek ve gerekli kurulumlar.',158,'2020-10-13 10:58:29',NULL),
	(155,'Optimum Sinerji Danışmanlık','Yazılım','Yazılım Geliştirme Uzmanı',8,2018,11,2019,0,'• eBA uygulaması kullanılarak, .NET ortamında iş akış projeleri geliştirmek. • Müşterilerle birebir görüşme yaprak Requirements\' ların belirlenmesi. • Süreç Analizi ve testleri. • Var olan projelerin destek ve iyileştirilmesi.',158,'2020-10-13 10:59:58',NULL),
	(156,'Hero Games Studio','Oyun','Game Developer Stajyer',5,2019,8,2019,0,'Bu süreçte 5 in üzerinde oyun üzerinde çalıştık.',159,'2020-10-13 18:57:20',NULL),
	(157,'Hero Games Studio','Oyun','Game Developer',8,2019,5,2020,0,'1 sene boyunca 10\'un üzerinde test ettiğimiz oyunlar oldu.',159,'2020-10-13 18:58:27',NULL),
	(158,'Flamingo Game Studio','Bilişim','Stajyer',7,2020,8,2020,0,'',165,'2020-10-20 20:27:56',NULL),
	(159,'Flank Esports','Medya','Content Manager',6,2017,8,2018,0,'',163,'2020-10-21 11:21:46',NULL),
	(160,'Monster Enerji İçecekleri','Gıda (İçecek)','Esports Marketing Consultant',11,2017,5,2019,0,'',163,'2020-10-21 11:22:46',NULL),
	(161,'GL Events','Turizm','Project Assistant',10,2019,12,2019,0,'',163,'2020-10-21 11:23:38',NULL),
	(162,'Playerbros','Medya','Head of Content',9,2019,2,2020,0,'',163,'2020-10-21 11:24:07',NULL),
	(163,'Pusula Reklamevi','Ajans','Digital Marketing Intern',1,2020,2,2020,0,'',163,'2020-10-21 11:24:52',NULL),
	(164,'tiplay studio','Mobil Oyun','Public Relations Intern',5,2020,6,2020,0,'',163,'2020-10-21 11:25:36',NULL),
	(165,'Freelance','Oyun','2D Artist',1,2019,2,2020,0,'yok, hiç çalışmadım',167,'2020-10-21 22:06:56',NULL),
	(166,'Appcent','Mobil Uygulama','Yazılım Mühendisi',1,2018,1,2020,0,'asd',170,'2020-10-22 17:37:11',NULL),
	(167,'Doğuş Medya','Medya','UI & UX',6,2019,10,2019,0,'',171,'2020-10-22 21:13:25',NULL),
	(168,'Çanta Yayıncılık A.Ş.','Eğitim','Oyun Geliştiricisi',2,2020,6,2020,0,'Unity ile öğrenciler için split screen öğretici ve eğitici webgl oynları geliştirdim.',175,'2020-10-25 15:10:42',NULL),
	(169,'Softtech','Bankacılık','Yardımcı Yazılım Mühendisi',7,2018,5,2019,0,'ASP.NET CRM uygulaması, bankacılık servisleri ve Çağrı Merkezi uygulamasında C#, VB.NET and Javascript geliştirme tecrübesi.',177,'2020-11-01 17:06:25',NULL),
	(170,'asd','asd','asd',2,2019,1,2019,0,'asd',178,'2020-11-02 19:34:11',NULL),
	(171,'Delphi Technologies','Otomotiv','Yaz Stajyeri',7,2018,8,2018,0,'Üretim, planlama, kalite departmanlarındaki çalışmalara destek verilmiştir.',184,'2020-11-06 14:03:00',NULL),
	(172,'TürkTraktör','Otomotiv','Yaz Stajyeri',7,2019,7,2019,0,'Teknik Eğitim ve Kalite Sistemleri departmanındaki çalışmalara destek verilmiştir. İç ve dış denetimlere katılıp desteklenmiştir.',184,'2020-11-06 14:03:45',NULL),
	(173,'AGT','Ağaç Sanayi','Gönüllü Stajyer',6,2019,6,2019,0,'Girdi kontrollerinin yapıldığı laboratuvarlarda gözlem ve çalışmalar yaparak kalite departmanına destek verilmiştir.',184,'2020-11-06 14:04:18',NULL),
	(175,'YOO MİMARLIK A.Ş.','MİMARİ/PLANLAMA','MİMAR',8,2018,8,2020,0,'3D MİMARİ GÖRSELLEŞTİRME',188,'2020-11-07 09:58:38',NULL),
	(176,'FE Games','Hyper Casual','3D Artist',3,2020,6,2020,0,'',124,'2020-11-09 04:24:56',NULL),
	(177,'VRLab Academy','Eğitim Teknolojileri ','Jr. Unity Developer',8,2020,0,0,1,'',47,'2020-11-09 13:20:36',NULL),
	(178,'Creasaur entertainment ','Bilişim Teknoloji','Render / Composite artist',5,2016,11,2018,0,'',189,'2020-11-10 00:13:06',NULL),
	(179,'Strajedi','Bilisim','UI Developer',1,2014,1,2020,0,'Lorem',195,'2020-11-18 17:28:01',NULL),
	(180,'strajedi','tasarım & yazılım','kurucu ortak',1,2012,2,2020,0,'bu hesap deneme amaçlı oluşturulmuştur',196,'2020-11-18 17:35:19',NULL),
	(183,'RootCraft','Video Games','Game Developer',1,2018,6,2020,0,'',200,'2020-11-19 18:54:36',NULL),
	(184,'Codemodeon','Experiental Marketing','Intern',6,2017,8,2017,0,'Research and development on Virtual Reality, Augmented Reality and Image Processing.',199,'2020-11-19 18:56:14',NULL),
	(185,'Microsoft','Software','Microsoft Student Partner',5,2017,6,2018,0,'\"Microsoft Student Partners (MSPs) are student technology leaders, empowered to build Microsoft communities on their campus and share their deep knowledge and passion for technology with their fellow classmates.\"',199,'2020-11-19 18:57:59',NULL),
	(186,'Codemodeon','Experiential Marketing','Software & Game Developer',6,2018,6,2019,0,'- Cross-platform Virtual Reality, Augmented Reality application & game development with Unity - Software Project Management - Software Requirements Specification - Software Verification & Validation - Platform Experience: PC Standalone, OpenVR, Oculus, Android, iOS - Device Experience: HTC Vive, Oculus Rift, Oculus Go, Gear VR, Leap Motion, Tobii Eye Tracker, Webcam',199,'2020-11-19 18:59:53',NULL),
	(187,'Glitch Studios','Experiential Marketing','VR Developer',6,2019,8,2020,0,'Cross-Platform Virtual Reality application development with Unity - Multi-user network based experiences in VR - Photogrammetry experiences in VR - 360 degree 5K video experiences in VR - WebGL experiences - Cinematic Real-Time rendering in Unity - Device Experience: Oculus Quest, Oculus Rift S, Oculus Rift, Oculus Go',199,'2020-11-19 19:00:56',NULL),
	(188,'Microsoft','Software','Intern',8,2016,8,2016,0,'Developed a cross-platform casual game that works on all type of Windows 10 devices',199,'2020-11-19 19:01:50',NULL),
	(189,'GLOBED E-Learning','Eğitim','Product Manager',6,2018,11,2020,0,'• Being responsible of the development process of GLOBED’s one and only product Okuvaryum: Tailor-made online reading platform filled with educational and entertaining children\'s books in Turkish with beautiful illustrations and audio narration by voice actors . Link: www.okuvaryum.com.tr • Directing teams (Digital agency, production, software development) Managing the production process of our websites and mobile apps which we’ve built from zero. I am responsible of their action flow, UX friendly interface, bug-free experience, development process (taking action according to our customers’ needs). • Managing the production process of more than 400 books:  -Handing over the topics to the writer team, and making sure they proceed according to the agenda.  - Editing and finalising the books by considering coherence, punctuation, age-appropriateness etc. -Handing over the books to the illustrator team and managing the illustration process (usually more than 20 books being illustrated at the same time). Reviewing every detail in the drawings and approving if it is age-appropriate and precise. -Handing over the final stories to the voiceover team and managing the recording process. Reviewing every record and checking their pronunciation, articulation and intonation), joining the recording session and directing if needed.  • Planning how and when to reach the audience by using correct communication channels (social media, push notifications, Ads: demographic targeting, budgeting).',201,'2020-11-23 10:13:17',NULL),
	(191,'GeniusPark','VFX','Stajyer',10,2019,11,2019,0,'Film ve dizilerde kullanılacak assetlerin modellemesi ve texturing\'ini yaptım.',203,'2020-11-23 19:51:24',NULL),
	(192,'GeniusPark','VFX','Environment Artist',6,2020,7,2020,0,'Oyun fragmanında kullanılacak bölgeler üstünde çalıştım.',203,'2020-11-23 19:52:43',NULL),
	(193,'Catharsis Games','Oyun','Skin Artist - Freelance',11,2020,11,2020,0,'Venge.io adlı oyunda kullanılması için silah kaplamaları üstünde çalıştım.',203,'2020-11-23 19:53:58',NULL),
	(196,'-','Oyun','Unreal Dev.',1,2016,1,2019,0,'',55,'2020-11-23 23:00:08',NULL),
	(197,'000','0000','0000',1,2020,1,2020,0,'',207,'2020-11-23 23:22:55',NULL),
	(198,'Linetec Studio','Oyun','Character Artist',7,2018,12,2018,0,'',206,'2020-11-23 23:30:45',NULL),
	(199,'Ericsson','Telekomunikasyon','Backend Developer',9,2010,5,2017,0,'',208,'2020-11-24 00:10:43',NULL),
	(200,'Proline','Akıllı Şehir','Backend Developer',6,2017,9,2018,0,'',208,'2020-11-24 00:11:19',NULL),
	(201,'Medisouth','Medical','Backend Developer',9,2018,0,0,1,'',208,'2020-11-24 00:11:48',NULL),
	(202,'brat games','oyun sektörü','3D artist',7,2020,10,2020,0,'',209,'2020-11-24 00:29:18',NULL),
	(203,'Freelance','Animasyon','Clean-up Storyboard',4,2020,5,2020,0,'',212,'2020-11-24 03:54:49',NULL),
	(204,'Freelance','Çocuk Kitabı Resimleme','İllustratör',11,2017,4,2018,0,'',212,'2020-11-24 03:56:35',NULL),
	(205,'Geniuspark VFX','VFX - Post Prodüksiyon','3D Artist Intern',9,2019,1,2020,0,'',213,'2020-11-24 09:27:08',NULL),
	(206,'M.A.R.K.A.','Reklam','Graphic Design Intern',6,2012,8,2012,0,'https://www.marka.com/',218,'2020-11-24 15:50:43',NULL),
	(207,'Zoo Visual Design','Reklam/Post Production','3D Artist',9,2012,5,2015,0,'zooistanbul',218,'2020-11-24 15:51:40',NULL),
	(208,'Bump Creative Production Studio','Reklam/Post Production','3D Artist',5,2015,6,2018,0,'',218,'2020-11-24 15:52:33',NULL),
	(209,'AKSTEK / ELTEMTEK','Enerji ve İSG','3D Artist',6,2018,8,2019,0,'Black Diamond VR Maden ve enerji endüstrisi çalışanlarına yönelik yenilikçi, verimli ve ekonomik bir İSG ve işbaşı eğitimi çözümü. http://www.akstek.com.tr/',218,'2020-11-24 15:54:45',NULL),
	(210,'Quad Studio','Reklam / Post Production','CGI Artist / Co-Founder',10,2019,6,2020,0,'https://www.quadvisual.com/',218,'2020-11-24 15:55:33',NULL),
	(211,'Binbir games ','Mobil oyun ','Game manager,Game desinger ',6,2020,0,0,1,'',223,'2020-11-25 00:45:32',NULL),
	(212,'Cratoonz','Casual Mobile Games','Game Developer Intern',6,2020,8,2020,0,'',224,'2020-11-25 11:25:17',NULL),
	(213,'Hacettepe Graphic Lab','Vr Games','Unity Developer',8,2020,10,2020,0,'',224,'2020-11-25 11:25:54',NULL),
	(214,'Lion Studios','Publisher','Business Development / Product Management',9,2020,0,0,1,'',227,'2020-11-25 17:57:12',NULL),
	(215,'Creasaour Entertainment Co.','Mobile Gaming','Product Owner',10,2018,9,2020,0,'Started as marketing professional, promoted to marketing leader and then product owner. Published 1 Top Charted Game, worked over 15 games (Casual and hypercasual.)',227,'2020-11-25 17:59:02',NULL),
	(216,'Kocaeli Esports','E-Spor','Yönetim Kurulu Üyesi/Topluluk Yöneticisi',1,2019,8,2020,0,'Uzun yıllar oyun sektörünü yakından takip ettim. Amatör oyun geliştirme aşamasında sorunlar yaşadıktan sonra E-spor üzerinden devam ederek \"Topluluk Yönetimi\" alanında çalışmaya başladım.  2018-2019 sezonunda Riot Games Kapmüs Elçiliği yaptıktan sonra KOES(Kocaeli ESports) Kulübü\'nde profesyonel olarak YK ve Topluluk Yöneticiliği yaptım. İhtisas alanım görsel tasarım ve iletişim içerdiği için bu alanda daha verimli ve etkili olduğumu düşünüyorum',228,'2020-11-25 18:53:54',NULL),
	(217,'Provit IT','Bilişim','Stajyer',6,2014,8,2014,0,'Yaz stajı',239,'2020-11-26 13:51:49',NULL),
	(218,'FDNsoft','Mobil App','Mobil Developers',6,2020,0,0,1,'Yayında olan 2 React-Native 1 Flutter  1 Swift Bankacılık uygulamasi Daha oncesinden geliştirilmiş ama yayinlanmamis mobil oyun unity gecmisi',237,'2020-11-27 13:42:15',NULL),
	(219,'Mayonez Dijital Reklam Ajansı','Reklamcılık','Tasarımcı',9,2020,11,2020,0,'',245,'2020-11-27 13:05:41',NULL),
	(220,'Tatar Matbaa','Basım','Tasarımcı',2,2020,4,2020,0,'',245,'2020-11-27 13:06:11',NULL),
	(221,'Tuluad Reklam Ajansı','Reklamcılık','Tasarımcı',7,2019,9,2019,0,'',245,'2020-11-27 13:06:56',NULL),
	(222,'Yenigün Gazetesi','Basın-Haberleşme','Intörn Muhabir',2,2015,5,2015,0,'Gaziantep Üniversitesi\'nin 2014-2015 öğretim yılı Bahar döneminde başlatılan İletişim Fakülteleri arasında uygulama açısından bir ilk olan \"İntern Sistemi\"adı altında, bir dönemlik (4 ay) uygulanan bir ders sistemi ile Yenigün Gazetesi\'nde muhabirlik, haber yazma, röportaj yapma ve röportaj çözümlemesi alanlarında, deneyim kazandım. Bu uygulama geleneksel staj olmayıp 24 kredilik bir ders olarak değerlendirilmektedir. Bu uygulamaya bağlı olan, \"Alan Uygulamaları Dersi\"nden İntörn Rehberim ve kurumdaki Yazı İşleri Müdürü\'nün değerlendirmeleri sonucunda tam puan alarak, İntörn dönemimi başarıyla tamamladım. ',252,'2020-11-27 18:24:09',NULL),
	(223,'Karabuyucu.com','Internet Medyası','Kurucu Ortak',1,2016,4,2016,0,'Alt kültür ve Sanatlar üzerine İçerik ürettiğimiz bir site olan Karabuyucu.com\'un kurucu ortaklarından ve İçerik editörlerinden biriyim. ',252,'2020-11-27 18:25:08',NULL),
	(224,'İzmo Bilişim ','Internet Haberciliği','Içerik Editörü/Akşam Ekibi Yöneticisi',8,2017,1,2018,0,'Webtekno.com\'da akşam ekibinin yönetimi, sosyal ağ hesaplarının yönetimi, genel editörlük ve içerik yazarlığı yaptım.  Yazılarıma aşağıdaki adresten ulaşabilirsiniz: (Webtekno yazarlar listesinden adımı kaldırdığından Google aramasında anahtar kelime araması ile ulaşılabiliyor)  https://www.google.com/search?q=webtekno+ekin+erdal&tbm=nws&sxsrf=ALeKk01vbkPPOgVcdX3tNf0WUnsekuwSqQ:1604926257517&ei=MTupX52OH9G73AOR25LICw&start=0&sa=N&ved=0ahUKEwjd6uCbwPXsAhXRHXcKHZGtBLk4FBDy0wMIgwE&biw=1920&bih=937&dpr=1',252,'2020-11-27 18:26:45',NULL),
	(225,'Sinirli Adamlar','Internet/Haberleşme','Kurucu Ortak',2,2018,0,0,1,'Bir ortak ile birlikte kurduğumuz Sinirli Adamlar platforumun, genel yazı işlerinden ve sosyal ağ platformlarından sorumluyum. www.sinirliadamlar.com - @sinirliadamlar ',252,'2020-11-27 18:28:07',NULL),
	(226,'Manisa Büyükşehir Belediyesi','Yerel Yönetim','Sosyal Medya Uzmanı',6,2018,1,2019,0,'Seçime ilişkin sosyal medya planlamalarının yapılması ve sosyal medya paylaşımlarının planlanmasından sorumlu olarak görev aldım.',252,'2020-11-27 18:29:25',NULL),
	(227,'Onka Gayrimenkul ve Yatırım Danışmanlığı ','Emlak ve Gayrimenkul Yatırımı','Sosyal Medya Danışmanı/Fotoğrafçı',1,2020,10,2020,0,'Şirketin Google entegrasyonunu sağlayıp (Google Haritalara ekleme, İşletme kaydı vs) internet sitesini ve sosyal ağlarını planladım. Bunun dışında \"Sahibinden.com\" entegrasyonu üzerine çalışıp, emlak portföylerinin fotoğraflamasını yaptım. ',252,'2020-11-27 18:32:01',NULL),
	(228,'Virginia Lakes Resort','Service','Chef',6,2017,10,2017,0,'I\'ve worked in California for 4 months for Work and Travel program. In this job I\'ve raised my game awareness and mentality of being in a game by both playing and visiting a lot of game development facilities in LA.',256,'2020-11-27 22:38:00',NULL),
	(229,'Gamelab Istanbul','Mobil Oyun','Intern',6,2020,9,2020,0,'',268,'2020-11-28 15:00:30',NULL),
	(230,'Kodluyoruz','Dernek','Mobil Oyun Bootcamp Eğitimi',11,2020,11,2020,0,'',268,'2020-12-01 23:11:04',NULL),
	(231,'Youth republic A.Ş','Reklam','Brand Ambassador',9,2019,3,2020,0,'',272,'2020-11-28 17:55:47',NULL),
	(232,'Çok İyi İşler','Sanat Basını','Commnity Manager',6,2020,0,0,1,'Freelance',272,'2020-11-28 17:56:54',NULL),
	(233,'Es Arena A.Ş','Oyun','Content Manager',11,2019,0,0,1,'Kendi iş girişimimiz.',272,'2020-11-28 17:57:40',NULL),
	(234,'Dodi Game Studios','Gaming','Unreal Engine Developer',1,2020,0,0,1,'Developing the game attached to the link with Unreal Engine. https://store.steampowered.com/app/991740/Era_Of_Newborns/ ',274,'2020-11-28 20:51:03',NULL),
	(235,'Alko Soft','Gaming','Unreal Engine Developer',10,2019,11,2019,0,'I used Unreal Engine to maintain existing project. ',274,'2020-11-28 20:53:12',NULL),
	(236,'Lokum Games','Oyun','Gönüllü Ekip',3,2015,11,2017,0,'Destek Ekibi - QA Tester - Etkinlik Kordinatörü - e-Spor Hakem',277,'2020-11-29 02:13:24',NULL),
	(237,'Chagan Studio','Oyun geliştirme','Unity Game  Developer',6,2016,10,2016,0,'',280,'2020-11-29 10:11:12',NULL),
	(238,'Ayssoft Bilgi Teknolojileri','ERP sistemleri ','Yazılım Mühendisliği',12,2019,0,0,1,'ERP sistemlerinin entegrasyon süreciyle ilgili çalışmalar sağlıyorum.',280,'2020-11-29 10:12:46',NULL),
	(239,'Fiverr','Freelance','Motion Picture Composer',8,2015,9,2018,0,'Yurtdışındaki editörlerin fragman videolarına hibrit orkestral müzikler besteledim. ',282,'2020-11-29 18:51:28',NULL),
	(240,'Novi medya merkezi','Eczacilik','Art direktör',10,2016,6,2017,0,'',284,'2020-11-29 16:42:13',NULL),
	(241,'Ajansfikirya','Reklam Hizmetleri','Art Direktör',9,2014,2,2015,0,'',284,'2020-11-29 16:51:55',NULL),
	(242,'Prp Multimedya Hizmetleri','Reklam Sektörü','Görsel Tasarımcı',10,2017,12,2017,0,'',284,'2020-11-29 16:53:13',NULL),
	(243,'Kütahya Seramik Tap Ajans','Seramik Arge / Reklam ve Tasarım','Grafik tasarımcı Stajyer',7,2013,8,2013,0,'',284,'2020-11-29 16:54:37',NULL),
	(244,'Taku Games','Mobil Oyun','2D Artist ',6,2020,9,2020,0,'',284,'2020-11-29 16:55:36',NULL),
	(245,'Animative','Animasyon','Freelance 2D Artist - 2D Animatör',4,2020,0,0,1,'',284,'2020-11-29 16:56:54',NULL),
	(246,'Remake Heroes Network','Game','Video Game Composer',7,2017,5,2020,0,'',282,'2020-11-29 18:47:08',NULL),
	(247,'Enca Games','Game','Game-Trailer Music Composer',4,2020,8,2020,0,'Metin2 pvp sunucularının reklam videolarına hibrit trailer müzikler ve eklenen yeni haritalara, harita müzikleri besteledim.',282,'2020-11-29 18:50:29',NULL),
	(248,'Kayra Online (Arena Games)','Game','Game Music Composer',10,2020,0,0,1,'Halihazırda geliştirilmeye devam eden MMORPG oyununa müzikler besteledim.',282,'2020-11-29 18:49:52',NULL),
	(249,'Nexcore Studios','Game','Video Game Composer',5,2020,8,2020,0,'Siber hacking oyununa müzikler besteledim.',282,'2020-11-29 18:49:20',NULL),
	(250,'Freelance Composer','Müzik','Music Composer',5,2015,0,0,1,'Kariyerimin genel özeti olarak freelance besteciliğe 5 yıldır devam ediyorum.',282,'2020-11-29 18:52:21',NULL),
	(252,'Oxo Games','Oyun','Marketing And Advertising Manager',11,2019,0,0,1,'',301,'2020-11-29 22:22:16',NULL),
	(253,'Pear IT Solutions','Web Programming & Indie Gaming','Developer & Jr. Game Designer',1,2012,8,2019,0,'Front end development of many web sites and planning a few casual and tower defense games and preparing them for the development environment.',304,'2020-11-29 23:50:05',NULL),
	(254,'Alperen\'in Çizgi Romanları','Comics & Geek Culture','Founder & Content Creator',5,2015,9,2018,0,'Programming the website, which is the main portal of contents. Content creating for Youtube, Twitch and main portal called cizikliroman.com. Converstaions about geek and game culture at universities and various events.',304,'2020-11-29 23:51:48',NULL),
	(255,'CTT Haber TV','TV','Developer & IT & Content Creator',9,2019,12,2019,0,'Development of web sites for television programs. Maintaining electronic communication and server services in the canal building. Content creating and producing for a show called Çizgi Evren.',304,'2020-11-29 23:53:42',NULL),
	(256,'Dilişim Big Data Services','Big Data','Stajyer',7,2017,9,2017,0,'',306,'2020-11-30 03:15:00',NULL),
	(257,'Plankta  Bilişim Bilgisayar ve Sanayi Tic. Ltd. Şti.','Bilişim','Stajyer',8,2019,9,2019,0,'',306,'2020-11-30 03:35:00',NULL),
	(258,'Youtube','Sosyal Medya','İçerik üretici',9,2018,0,0,1,'2. kanal üzerinde yürüyorum',258,'2020-11-30 15:09:30',NULL),
	(259,'People Initiative','Medya','Biddable Media Planner',3,2019,8,2019,0,'Türkiye\'nin en büyük ikinci medya planlama ve satın alma ajansı olan People Initiative\'de Özak Holding - Ela Resort Hotel markasının Programatik, Facebook ve diğer dijital mecralardaki planlama ve satın alması',314,'2020-11-30 16:10:15',NULL),
	(260,'Target Digital','Medya','Programmatic Buying Specialist',9,2019,11,2020,0,'Butik bir dijital ajans olan Target Digital\'de, Google Ads haricindeki tüm programatik ve biddable operasyonlarını yürütmek. Aynı zamanda Analytics çıktıları ile birlikte medya planlamasını rasyonel bir biçimde yapmak.',314,'2020-11-30 16:09:39',NULL),
	(261,'Bankalararası Kart Merkezi (BKM)','Finans','Stajyer',3,2017,5,2017,0,'Bilgi Yönetimi ve Ürün departmanlarında 1\'er aylık staj imkanı buldum. Oracle BI, Tableau, Sisense gibi BI tool\'ları hakkında temel bilgiler edindim. ',314,'2020-11-30 16:22:32',NULL),
	(262,'Greenpeace','Sivil Toplum Kuruluşu','Kaynak Geliştirme ve Gönüllü',9,2012,1,2017,0,'Sokakta kaynak geliştirme ile başlayan Greenpeace serüvenimde gönüllü bir tırmanışçı, şiddetsiz eylem eğitmeni ve sokak ekibi lideri gibi sorumluluklar üstlendim',314,'2020-11-30 16:25:50',NULL),
	(263,'Tiplay Studio','Hypercasual / Mobil oyun','Staj',5,2020,7,2020,0,'Level designer olarak 3 aylık bir staj gerçekleştirdim, birlikte birkaç staj projesi yaptık.',316,'2020-11-30 16:57:38',NULL),
	(264,'DaBomb Games','Hypercasual / Mobil oyun','Game Designer',8,2020,10,2020,0,'Game Designer olarak 8 adet projede birlikte çalıştık.',316,'2020-11-30 17:00:18',NULL),
	(265,'GameLab İstanbul','Oyun','Jr- Game Developer',6,2018,10,2018,0,'Özgün bir oyun motorunda 2d mobile oyun geliştirme ekibinde yer aldım',323,'2020-12-01 01:25:42',NULL),
	(266,'Yaygan Bags & Stationary','Kırtasiye','Grafik Tasarımcı',8,2016,2,2017,0,'',283,'2020-12-01 15:37:37',NULL),
	(267,'GLOBED','E-Learning','İllüstratör',2,2018,12,2018,0,'Çocuk Kitabı İllüstrasyonu',283,'2020-12-01 15:38:48',NULL),
	(268,'İletişim Fikirleri','Reklam','Grafik Tasarımcı',11,2019,12,2019,0,'',283,'2020-12-01 15:39:37',NULL),
	(269,'TrippleHit Games','Mobil Oyun','2D Artist',1,2019,11,2019,0,'Hypercasual Oyun Tasarımı',283,'2020-12-01 15:42:04',NULL),
	(270,'realkom dış ticaret','tekstil','tasarımcı',2,2019,8,2019,0,'firma için üretilen makinelerin 3 boyutlu modellerinin oluşturulup animasyonlarının yapımından sorumluydum . Hıgh ve low poly modelleme tecrübem yüksek',332,'2020-12-01 16:56:35',NULL),
	(271,'Siz-in Otel','Otel','Animator',3,2019,8,2019,0,'Sezonluk animatörluk işi',333,'2020-12-01 17:08:34',NULL),
	(272,'Venn Endüstriyel Tasarım','Endüstriyel Tasarım ','Stajyer',5,2019,8,2019,0,'',335,'2020-12-01 21:27:50',NULL),
	(273,'Venn Endüstriyel Tasarım','Endüstriyel Tasarım','Stajyer',1,2020,3,2020,0,'',335,'2020-12-01 21:28:35',NULL),
	(274,'Quok Games','Mobil Oyun','Stajyer',9,2020,0,0,1,'',335,'2020-12-01 21:33:37',NULL),
	(275,'Çobanoğlu Bilgisayar','Bilişim Teknolojileri Mağazası','Teknik Servis Elemanı',3,2015,4,2015,0,'Donanım üzerine Staj',340,'2020-12-01 23:48:45',NULL),
	(276,'Altınyağ Kombinaları A.Ş','Gıda','Bilgi İşlem Departmanı',3,2017,4,2017,0,'Bilgi İşlem Departmanı Stajı',340,'2020-12-01 23:49:47',NULL),
	(277,'shaiyne','Mobile Game','Code',10,2020,10,2020,0,'Kendim Google Play\'e bir hypercasual oyun çıkardım (Inverted Circles)',350,'2020-12-02 11:57:02',NULL);

/*!40000 ALTER TABLE `work_experiences` ENABLE KEYS */;
UNLOCK TABLES;



/*!40111 SET SQL_NOTES=@OLD_SQL_NOTES */;
/*!40101 SET SQL_MODE=@OLD_SQL_MODE */;
/*!40014 SET FOREIGN_KEY_CHECKS=@OLD_FOREIGN_KEY_CHECKS */;
/*!40101 SET CHARACTER_SET_CLIENT=@OLD_CHARACTER_SET_CLIENT */;
/*!40101 SET CHARACTER_SET_RESULTS=@OLD_CHARACTER_SET_RESULTS */;
/*!40101 SET COLLATION_CONNECTION=@OLD_COLLATION_CONNECTION */;
